# File generated by ImageToStl.com - Free Image and 3D model conversion tools

mtllib final.mtl

o obj1
v -0.5640015 0.07774397 0.29259683
v -0.55430073 0.0710828 0.31976135
v -0.56585896 0.13200663 0.31029543
v -0.56472719 0.20676418 0.33489087
v -0.55550617 0.14365754 0.34390822
v -0.58649153 0.03973498 0.20135842
v -0.58414865 0.01876701 0.18040707
v -0.56902874 0.01090132 0.229382
v -0.55807477 -0.00749282 0.23737689
v -0.57506943 0.0399878 0.2390258
v -0.57973772 0.09800057 0.26130186
v -0.5607276 0.03342186 0.27469795
v -0.5396691 -0.01016756 0.30044175
v -0.59559828 0.09382931 0.21062346
v -0.59659928 0.14484395 0.23504478
v -0.57978696 0.14826323 0.28058843
v -0.59666193 0.23642107 0.26624126
v -0.57791561 0.22443413 0.30872598
v -0.5635609 0.25872797 0.35198297
v -0.56682432 -0.02332826 0.09725662
v -0.56078678 -0.03336971 0.13722691
v -0.56824446 -0.01786911 0.1032813
v -0.59655213 0.0409922 0.12048405
v -0.59513956 0.05278632 0.16926187
v -0.58054221 0.00840548 0.14652643
v -0.56613201 -0.00732947 0.1915378
v -0.5570069 -0.01837004 0.1555642
v -0.56758231 -0.00327939 0.11141658
v -0.60409439 0.11272956 0.17643296
v -0.60281718 0.08221748 0.1448049
v -0.60491538 0.15937286 0.20505884
v -0.57626569 0.15349704 0.18820575
v -0.56899595 0.17962625 0.23084902
v -0.56906009 0.13789384 0.21145595
v -0.56742918 0.11239985 0.17399538
v -0.56072575 0.13519359 0.23433013
v -0.55078578 0.09402262 0.22079141
v -0.6030395 0.22094326 0.23705499
v -0.60887551 0.2328358 0.20790043
v -0.61136425 0.17503784 0.16290517
v -0.58041865 0.22340086 0.1873344
v -0.57672256 0.21240985 0.21506299
v -0.58000225 0.1714091 0.15907772
v -0.56887782 0.20284286 0.24404831
v -0.56073731 0.19744787 0.26516742
v -0.60630304 0.28340385 0.24225456
v -0.61242145 0.2964011 0.20259851
v -0.60146999 0.30086957 0.26988219
v -0.59550542 0.33947973 0.3009153
v -0.58002061 0.27587601 0.21295973
v -0.57668555 0.28648272 0.24228708
v -0.56849712 0.2680019 0.26734834
v -0.57189429 -0.0075222 0.0484032
v -0.56596512 -0.01544743 0.06565821
v -0.58812279 0.02372488 0.10210719
v -0.59929633 0.05127565 0.07313357
v -0.5900135 0.03156795 0.07401692
v -0.5747965 0.01706092 0.05031012
v -0.60957539 0.12819906 0.13784452
v -0.60870314 0.10048349 0.08917988
v -0.60355121 0.06682854 0.06225536
v -0.57457012 0.1276423 0.10980038
v -0.55495048 0.09792488 0.12144935
v -0.56756473 0.11501384 0.10436287
v -0.61336708 0.14283051 0.10086795
v -0.61724418 0.20481094 0.10576429
v -0.57759136 0.14254273 0.14006633
v -0.58478004 0.18138202 0.13326153
v -0.58506548 0.16684793 0.09318587
v -0.6130234 0.23996388 0.17781513
v -0.58681661 0.23134025 0.14058425
v -0.58430433 0.23079514 0.16867803
v -0.61668319 0.34810792 0.16869679
v -0.6179837 0.2489987 0.12558877
v -0.58678234 0.29234208 0.17262374
v -0.58433843 0.29075166 0.19574875
v -0.57520175 0.00268065 0.0420928
v -0.57583487 0.01625806 -0.00440346
v -0.57259923 0.01157714 -0.01131701
v -0.57521749 0.04098239 -0.02413678
v -0.56653184 0.00645914 -0.00037402
v -0.55275029 0.01960222 -0.00675419
v -0.55397856 -0.00017237 0.05033517
v -0.5954178 0.04809122 0.04243604
v -0.59693873 0.06687826 -0.00713058
v -0.58718985 0.04212456 0.01653429
v -0.61398816 0.14573423 0.07674589
v -0.60981369 0.10783618 0.04854085
v -0.60391676 0.0864335 0.00195215
v -0.57909304 0.14804585 0.05534569
v -0.5684768 0.12850754 0.04992871
v -0.5482437 0.10941179 0.04393906
v -0.61837298 0.21632264 0.06394562
v -0.61444312 0.15904903 0.03428073
v -0.58879894 0.21097306 0.06694518
v -0.58510226 0.17899162 0.03900575
v -0.61940044 0.28347019 0.08755427
v -0.59249306 0.26885144 0.08953903
v -0.58984679 0.23604975 0.07589545
v -0.61839187 0.362888 0.13538952
v -0.59238255 0.30974837 0.13907724
v -0.59394795 0.32851181 0.12004876
v -0.51144302 -0.02246576 0.34907536
v -0.50840104 -0.00954615 0.36491784
v -0.52204192 -0.033317 0.30650775
v -0.48822501 -0.04750897 0.36047367
v -0.48376009 -0.0578387 0.34928787
v -0.53649193 0.00687522 0.32230232
v -0.5268302 0.05041309 0.36637496
v -0.54026705 0.06623309 0.34955545
v -0.50310141 0.02564756 0.39363748
v -0.52414298 0.08335688 0.38577226
v -0.4969224 0.07459014 0.42464891
v -0.54429477 0.12997714 0.36549059
v -0.52342242 0.12593605 0.40199919
v -0.54388082 0.17403968 0.37866648
v -0.50243318 0.08532378 0.36077222
v -0.51566142 0.16070033 0.3660169
v -0.49684817 0.15356979 0.40014605
v -0.54049981 0.22891813 0.402495
v -0.52307552 0.22189096 0.43234799
v -0.49595341 0.1320501 0.44704137
v -0.49404341 0.20331428 0.47322052
v -0.50889331 0.18212039 0.38525678
v -0.49794146 0.21588601 0.42048149
v -0.48468798 0.16426108 0.42502926
v -0.51617503 0.22291696 0.38739152
v -0.52620494 -0.06131487 0.23081234
v -0.50144547 -0.07399308 0.2775635
v -0.50955641 -0.0551782 0.26804535
v -0.50653911 -0.07450285 0.24547351
v -0.49886435 -0.08212518 0.26842622
v -0.53568494 -0.02934604 0.27286783
v -0.52380413 -0.03961722 0.28314963
v -0.54186767 -0.03334991 0.20133733
v -0.48333105 -0.06624657 0.32547467
v -0.48664671 -0.06755046 0.30534836
v -0.55048031 0.02106016 0.29724772
v -0.52057928 0.05412037 0.26696688
v -0.51053268 0.04940279 0.3000337
v -0.50076836 0.03528294 0.27572821
v -0.51294941 0.06437047 0.31967773
v -0.53529149 0.08063314 0.26872415
v -0.52996361 0.10171702 0.30793064
v -0.49695101 0.06701979 0.35986635
v -0.53135598 0.1757649 0.33878914
v -0.54462779 0.14718543 0.29021209
v -0.55407405 0.23677176 0.3743338
v -0.53269845 0.2364112 0.35797225
v -0.53689677 0.1941673 0.32975413
v -0.53767943 0.27826714 0.35930689
v -0.5484007 0.24849259 0.32050463
v -0.52973014 0.27985852 0.37949944
v -0.54105115 -0.05268069 0.19152681
v -0.54906976 -0.04635453 0.17584094
v -0.54299378 -0.04758297 0.16947021
v -0.52513087 -0.06146093 0.21294949
v -0.52163148 -0.04683459 0.19827985
v -0.49661025 -0.06228352 0.24294317
v -0.49799308 -0.04922414 0.21434695
v -0.51200628 -0.0360267 0.1805095
v -0.55129474 0.09809798 0.23636645
v -0.53217959 0.06364066 0.22541425
v -0.50877976 0.04372853 0.23345398
v -0.52140659 0.05741085 0.20908409
v -0.4969202 0.04284755 0.2185612
v -0.48794925 0.02966569 0.26592539
v -0.54639781 0.11575568 0.27055693
v -0.54613906 0.18534575 0.30309554
v -0.55214894 0.20445507 0.29078095
v -0.55746001 0.26128056 0.29709821
v -0.55623746 -0.03296151 0.12047621
v -0.53511226 -0.0348642 0.16139791
v -0.530527 -0.01708922 0.11862508
v -0.54692036 -0.01941169 0.11013115
v -0.51079273 -0.01117559 0.1062609
v -0.49228576 -0.02058223 0.1334543
v -0.54916424 0.08410297 0.17628677
v -0.54235703 0.07874603 0.16364654
v -0.53004444 0.07186636 0.160128
v -0.50414103 0.04983465 0.2047796
v -0.46454376 0.04683226 0.204496
v -0.5045675 0.06872648 0.14566832
v -0.55983627 -0.01746054 0.07743247
v -0.5358215 0.00365993 0.05843955
v -0.49180591 0.00440264 0.06223385
v -0.5397495 0.08663588 0.12079467
v -0.54017526 0.09198666 0.09579865
v -0.50510204 0.07691505 0.11954427
v -0.507644 0.08411902 0.09146831
v -0.53313619 0.02102039 0.00598916
v -0.51168793 0.09171173 0.06940071
v -0.53012794 0.10333 0.04262647
v -0.50757533 0.10084951 0.03700538
v -0.43340841 0.19066433 0.54600171
v -0.46960971 0.14753063 0.48882003
v -0.42782965 0.13011305 0.53078205
v -0.44781166 -0.06958546 0.3963246
v -0.47333241 -0.04223308 0.39326655
v -0.45521563 -0.07785594 0.3594384
v -0.41760662 -0.09109294 0.40250118
v -0.46919814 -0.02247711 0.41496078
v -0.47212756 0.0253268 0.43833639
v -0.43684483 0.00383095 0.46887787
v -0.43219638 -0.03534503 0.45235747
v -0.43013713 -0.05395879 0.44240805
v -0.46343619 0.02132621 0.37458843
v -0.44321719 0.03339749 0.42820819
v -0.42846382 0.00560798 0.41410738
v -0.41895464 0.01035567 0.43657238
v -0.47517198 0.04974518 0.44563759
v -0.48214751 0.09194601 0.45297384
v -0.47077388 0.09056239 0.46753843
v -0.4253794 0.05199403 0.50429679
v -0.46080115 0.06430002 0.42095006
v -0.48117617 0.06597983 0.38996229
v -0.44303077 0.08334174 0.45526481
v -0.42600912 0.09535127 0.5206882
v -0.45874372 0.12332151 0.45071672
v -0.48031321 0.10467435 0.41046361
v -0.48076716 0.14156941 0.4242544
v -0.4612864 0.15233692 0.45653668
v -0.44037947 0.1467567 0.48197121
v -0.42199156 0.10582279 0.48761596
v -0.47871688 0.23165467 0.50572999
v -0.46762753 0.23893264 0.52283326
v -0.46434435 0.21762508 0.47786683
v -0.48389843 0.23300791 0.45303834
v -0.48106796 -0.09075252 0.30385317
v -0.46232912 -0.09896312 0.32918228
v -0.44686651 -0.08753485 0.31949916
v -0.45655113 -0.09933373 0.32149816
v -0.47885996 -0.08894982 0.29177966
v -0.45424891 -0.08221069 0.34671054
v -0.43887699 -0.10301952 0.35983846
v -0.43902224 -0.10869409 0.3479931
v -0.4250212 -0.09216791 0.38073195
v -0.48180026 0.02776244 0.34353441
v -0.48612434 0.04244048 0.36001495
v -0.43535277 -0.00138404 0.37701067
v -0.46995574 0.01609533 0.33305171
v -0.44454819 0.00151937 0.33980543
v -0.42305693 -0.00468383 0.3577515
v -0.47958511 -0.071903 0.27230498
v -0.461135 -0.06022136 0.25310743
v -0.43911368 -0.07751766 0.30320659
v -0.48547018 0.02282101 0.30835999
v -0.45791414 0.01061042 0.31965146
v -0.45588949 0.01661857 0.2952445
v -0.43024081 0.02103743 0.28359398
v -0.43779549 0.03221533 0.24986025
v -0.46284908 -0.03419958 0.17740386
v -0.42017028 -0.05299151 0.23901961
v -0.48424423 0.03507895 0.24307152
v -0.44972625 -0.01823501 0.13348681
v -0.46412447 0.0636657 0.15330618
v -0.4215135 0.00594355 0.07017349
v -0.44464323 0.07985839 0.10083885
v -0.42663595 0.07535809 0.11974502
v -0.4297843 0.06037517 0.16379256
v -0.48898754 0.02150504 0.00953786
v -0.42301023 0.0281872 0.00346926
v -0.44896269 0.0953304 0.0508691
v -0.42819071 0.08580375 0.08491797
v -0.42515174 0.10758688 0.01887833
v -0.38639545 -0.08704279 0.4584053
v -0.42111886 -0.07460751 0.43099751
v -0.3882778 -0.0668319 0.4780796
v -0.37151968 -0.104309 0.44489898
v -0.40270674 -0.04401043 0.47939257
v -0.40976256 0.00200407 0.49762928
v -0.3699609 -0.021511 0.52138362
v -0.3687928 -0.05323022 0.50531814
v -0.38568884 -0.01109115 0.44941495
v -0.38812363 0.00533613 0.47007803
v -0.35670081 -0.01648091 0.48255549
v -0.39351496 0.06524683 0.5396553
v -0.37886432 0.02429266 0.49478828
v -0.41583747 0.02385084 0.45478045
v -0.42003611 0.05236199 0.46646544
v -0.38132933 0.05480538 0.50634653
v -0.38356104 0.0192797 0.52906197
v -0.349751 -0.00260314 0.50337941
v -0.40903601 0.11472753 0.54355045
v -0.36617622 0.07974142 0.5669216
v -0.37975973 0.15498987 0.54989863
v -0.38064697 0.08442832 0.52109849
v -0.35864183 0.0836958 0.53846666
v -0.41187292 0.20404583 0.57213987
v -0.37014693 0.13320119 0.58266724
v -0.38763198 0.19520949 0.58945976
v -0.42024821 0.16440456 0.51240692
v -0.40090302 0.21547043 0.55265686
v -0.41259846 -0.11690814 0.37463302
v -0.4146933 -0.11678878 0.38440125
v -0.41201523 -0.10279814 0.36397815
v -0.38643366 -0.12002199 0.41344994
v -0.37716305 -0.12784022 0.4157239
v -0.38979957 -0.10329213 0.41514059
v -0.38511038 -0.09895801 0.3712698
v -0.37606436 -0.11428105 0.4001121
v -0.39527732 -0.09464515 0.35470115
v -0.36814341 -0.10932685 0.43291456
v -0.36956301 -0.12807889 0.41424549
v -0.41498473 -0.00889802 0.40372179
v -0.41489702 -0.0103844 0.38687408
v -0.38288924 -0.02216072 0.39614798
v -0.38276502 -0.01549451 0.38013674
v -0.37239069 -0.02244462 0.44497126
v -0.37194788 -0.02579913 0.42702268
v -0.38664031 -0.07593139 0.30302873
v -0.36118618 -0.09562936 0.36104099
v -0.42781276 0.0016943 0.33538291
v -0.39297262 0.00462307 0.32378682
v -0.36838359 -0.00134072 0.33924126
v -0.39401549 -0.06305008 0.26528545
v -0.34716812 -0.08204596 0.31950164
v -0.37992537 -0.04893325 0.23098343
v -0.38959947 0.0244793 0.27090981
v -0.36887732 0.00525374 0.32474042
v -0.40392813 -0.03257268 0.18434151
v -0.38720524 0.04092844 0.22144
v -0.3713921 0.02983817 0.25667045
v -0.38880751 -0.01169256 0.12531775
v -0.34695327 -0.02073447 0.15374099
v -0.38408688 0.05864238 0.16553657
v -0.3846114 0.00507176 0.07675806
v -0.37931314 0.07812793 0.10624152
v -0.36257231 0.07614717 0.11612834
v -0.38107643 0.02632111 0.01345695
v -0.38215819 0.09838713 0.04173045
v -0.35610464 -0.0736309 0.50259695
v -0.35351238 -0.0939159 0.48520746
v -0.32468575 -0.09827655 0.50296901
v -0.3040916 -0.08296317 0.53484619
v -0.32223722 -0.06079829 0.53749563
v -0.33585635 0.00173855 0.55873703
v -0.31012815 -0.00619081 0.57162478
v -0.35845751 0.02276691 0.55134556
v -0.34199211 0.05261515 0.57524237
v -0.30560079 0.04846434 0.59710645
v -0.32835498 0.06146039 0.55105663
v -0.31283844 0.08735894 0.57425898
v -0.31162193 0.01838483 0.54342404
v -0.33959594 0.14928645 0.6106806
v -0.36788952 0.20881837 0.61077699
v -0.33496448 0.12945917 0.57374225
v -0.2971569 0.14104759 0.63393573
v -0.320326 0.17564777 0.6034553
v -0.33616331 -0.13799565 0.44966493
v -0.33093581 -0.13904839 0.44253027
v -0.34414208 -0.12231083 0.42351307
v -0.32618362 -0.11929442 0.46157255
v -0.31084293 -0.14265484 0.46539398
v -0.31406987 -0.12936532 0.44313849
v -0.30640453 -0.11872243 0.42656304
v -0.28497046 -0.1274255 0.48654045
v -0.3134211 -0.11537892 0.48725895
v -0.34897128 -0.03198349 0.4601111
v -0.3205885 -0.03813191 0.44167278
v -0.30397236 -0.04324092 0.49066756
v -0.31521037 -0.04435077 0.45521117
v -0.28057018 -0.03436046 0.52673399
v -0.30701154 -0.00782453 0.53252627
v -0.35589996 0.02157132 0.51362371
v -0.3546637 0.15682938 0.57107908
v -0.32992157 -0.11296005 0.40823512
v -0.31215066 -0.09373269 0.35655785
v -0.35243914 -0.02699374 0.41407203
v -0.36478916 -0.0166561 0.38342864
v -0.31851104 -0.025115 0.40176166
v -0.26022071 -0.08426308 0.33459994
v -0.33031851 -0.06294547 0.27002271
v -0.32948411 -0.00530818 0.34411146
v -0.31731972 -0.01497503 0.37262247
v -0.29928452 -0.01734717 0.38201389
v -0.28692839 -0.0012888 0.33460899
v -0.27190602 -0.04965271 0.2440314
v -0.30825284 0.00375248 0.32315354
v -0.30580166 0.00790975 0.31092184
v -0.31508341 0.01856789 0.28406111
v -0.31818002 0.03751233 0.22722426
v -0.32189196 -0.03427605 0.19621946
v -0.32885814 0.04365236 0.21096609
v -0.30627668 -0.01280089 0.13507535
v -0.36465895 0.05687766 0.17451775
v -0.29984164 0.0596869 0.16340074
v -0.33615634 0.00060217 0.09174613
v -0.31155187 0.01533938 0.05126368
v -0.36148036 0.08812666 0.07578675
v -0.30199537 0.07531257 0.11385707
v -0.32573768 0.0306332 0.00282096
v -0.32023895 0.09926908 0.03712811
v -0.28035533 -0.05861332 0.56340451
v -0.24211314 -0.0768629 0.57141131
v -0.23531623 -0.02958451 0.59718535
v -0.28620908 0.02181283 0.5969055
v -0.24607381 0.03865574 0.62226935
v -0.28723323 0.07060721 0.61478171
v -0.2440127 0.12831073 0.65461307
v -0.24545774 0.17495695 0.67031673
v -0.27094066 -0.14951115 0.48693375
v -0.24353831 -0.15311081 0.49904805
v -0.22031821 -0.13730992 0.51636458
v -0.24791598 -0.15315392 0.48842911
v -0.27987051 -0.1103764 0.5251806
v -0.27169922 -0.09088407 0.5480159
v -0.26972905 -0.12492877 0.50798825
v -0.22457817 -0.10902203 0.5563734
v -0.29860434 -0.00452512 0.54102126
v -0.24078092 -0.04260302 0.54275175
v -0.26818806 -0.04813192 0.51456493
v -0.24934907 -0.0116597 0.56328118
v -0.23426124 -0.0577428 0.52474629
v -0.23775318 -0.06221961 0.51191924
v -0.29123971 0.04477128 0.56888299
v -0.26135322 0.02121447 0.57515775
v -0.23637462 0.04415364 0.59618847
v -0.22966045 0.01126349 0.58582425
v -0.29330635 0.10955145 0.59543317
v -0.27035999 0.08638697 0.59754036
v -0.24538893 0.09439304 0.61326082
v -0.29472402 0.16477109 0.61586085
v -0.26994136 0.15563036 0.62450827
v -0.25177947 0.17161935 0.64029247
v -0.28669918 -0.14620983 0.4689647
v -0.2630485 -0.13896979 0.47311182
v -0.2664074 -0.12865913 0.45637215
v -0.23169628 -0.11236289 0.41409325
v -0.24831979 -0.05704955 0.49544596
v -0.25789315 -0.04564773 0.4565548
v -0.28018066 -0.10097208 0.37578197
v -0.28305972 -0.03735969 0.4380805
v -0.23548347 -0.03695989 0.43747943
v -0.25148949 -0.01726285 0.37874542
v -0.22503032 -0.01915595 0.3843995
v -0.23625891 -0.00054645 0.33074249
v -0.24649997 -0.06799224 0.29560809
v -0.2554774 0.0183583 0.28214256
v -0.26242313 0.02989611 0.24705626
v -0.26801777 -0.03062202 0.1905718
v -0.28912213 0.04375473 0.21012483
v -0.2442565 0.05521118 0.17276403
v -0.24725029 -0.02451312 0.17730588
v -0.21630889 -0.00503691 0.12453931
v -0.24842224 0.06355836 0.14396186
v -0.25873777 0.00131797 0.10032886
v -0.2495141 0.07394695 0.11299121
v -0.25064656 0.08201829 0.08399834
v -0.26055077 0.02847089 0.01843275
v -0.262564 0.01602579 0.05725767
v -0.29803497 0.09705282 0.04373829
v -0.24956468 0.09427403 0.04516449
v -0.24869244 0.10875408 0.00191177
v -0.19864315 -0.08565995 0.58411051
v -0.18748075 -0.12865398 0.55048496
v -0.1633132 -0.12267993 0.56897416
v -0.2059941 -0.05360845 0.59739332
v -0.19753362 -0.03049446 0.61201223
v -0.21314883 0.03167328 0.63205799
v -0.16780131 0.02533428 0.64376328
v -0.18001872 -0.01474332 0.59310285
v -0.218246 -0.01513424 0.5762021
v -0.19781852 -0.00124083 0.59239379
v -0.19289115 0.05012181 0.61498057
v -0.21639146 0.08765554 0.65139998
v -0.20827949 0.08720416 0.62389885
v -0.22254573 0.08880372 0.61993147
v -0.18216735 0.09804372 0.66603157
v -0.16810223 0.05651964 0.62595804
v -0.21544433 0.13762799 0.66930508
v -0.22092216 0.18525303 0.65723092
v -0.19813198 0.12502442 0.6421482
v -0.23498641 -0.14061533 0.486023
v -0.1977898 -0.1593454 0.51851511
v -0.19243598 -0.14884756 0.50467164
v -0.16703485 -0.16365929 0.52002434
v -0.19061233 -0.13885629 0.48956272
v -0.17817381 -0.14217841 0.53257984
v -0.21668389 -0.1272054 0.53832672
v -0.1756492 -0.05562787 0.55856438
v -0.16950746 -0.06833879 0.53525006
v -0.1745175 -0.06900657 0.51185114
v -0.15507436 -0.06417943 0.55548256
v -0.23876092 0.19182281 0.6540936
v -0.24371272 -0.12944858 0.45868414
v -0.18388246 -0.12235443 0.44104048
v -0.20129316 -0.13439998 0.47456221
v -0.1932839 -0.04595582 0.4531756
v -0.18081859 -0.05766752 0.48979424
v -0.1915119 -0.03904029 0.43739933
v -0.21107206 -0.09976155 0.37964406
v -0.17974539 -0.09982781 0.38064933
v -0.16765495 -0.0733031 0.31367601
v -0.19599979 -0.01221989 0.36244496
v -0.19931871 -0.05945452 0.27459794
v -0.13438214 -0.05501449 0.26289311
v -0.22660236 0.01919102 0.28046199
v -0.1907693 0.0065272 0.30932667
v -0.18509796 -0.04334392 0.23203397
v -0.19949174 -0.02410719 0.17940668
v -0.21702403 0.03854318 0.22479522
v -0.19613099 0.02741976 0.25498402
v -0.18798964 0.05464117 0.17165574
v -0.19478956 -0.01436592 0.15143228
v -0.21219324 0.05878361 0.16045393
v -0.18666464 0.06074254 0.14895346
v -0.20187585 0.00397707 0.09772067
v -0.1817681 0.01498368 0.06704836
v -0.21360315 0.07559464 0.10669449
v -0.18501063 0.07167536 0.11608284
v -0.18479329 0.07820438 0.09112391
v -0.19067073 0.02416294 0.03702074
v -0.24560615 0.03598871 -0.00176997
v -0.19043833 0.03924055 -0.00734009
v -0.1566695 0.03690801 0.00140257
v -0.20554313 0.09256426 0.05200988
v -0.21412291 0.09824952 0.03197677
v -0.18489818 0.09873364 0.02713535
v -0.14399973 -0.16578466 0.5341275
v -0.10433373 -0.1655759 0.54211336
v -0.12371809 -0.14728927 0.54537348
v -0.14165051 -0.1010369 0.59232287
v -0.13400954 -0.12249263 0.57809938
v -0.12434913 -0.13958001 0.5587427
v -0.10007804 -0.12102535 0.58682278
v -0.1610494 -0.0344986 0.62115808
v -0.1374549 -0.08378943 0.60364645
v -0.13620499 -0.03216127 0.62822663
v -0.10537615 -0.05557265 0.58121081
v -0.14884247 -0.03540312 0.58868799
v -0.15068179 -0.00953244 0.60349555
v -0.12655023 0.01989553 0.6512633
v -0.14199321 0.01769435 0.6163459
v -0.12992221 -0.02912131 0.59788067
v -0.11321081 0.00051918 0.61519277
v -0.14023852 0.08462637 0.67189832
v -0.15427896 0.08570221 0.6400568
v -0.13725482 0.08102202 0.64304467
v -0.09404568 0.03597441 0.63188455
v -0.18430378 0.14483464 0.65510468
v -0.17708221 0.137626 0.68157175
v -0.14276008 0.13686568 0.68962207
v -0.16672872 0.15839197 0.6645912
v -0.15964183 0.17728289 0.67427228
v -0.12383946 0.17227333 0.68019328
v -0.11625091 0.07825449 0.64496141
v -0.14931652 -0.15154861 0.51690568
v -0.16861121 -0.16343347 0.52732486
v -0.13366517 -0.14198119 0.50233831
v -0.11889002 -0.1348823 0.47948467
v -0.1128118 -0.16948619 0.53080791
v -0.10862543 -0.15381968 0.52098627
v -0.13109148 -0.0727912 0.53055228
v -0.10927446 -0.06867195 0.51022064
v -0.11174666 -0.07334598 0.54666233
v -0.13132243 -0.06178935 0.49995959
v -0.10862151 -0.06884126 0.56080439
v -0.11799606 -0.11996659 0.43697637
v -0.12546012 -0.09809882 0.38081874
v -0.12700605 -0.048138 0.45948572
v -0.15999098 -0.03866632 0.4378114
v -0.10419874 -0.04596904 0.45584949
v -0.12828749 -0.08776862 0.35495633
v -0.15087558 -0.01542267 0.37100333
v -0.1291849 -0.0367936 0.43053288
v -0.14927575 0.00293037 0.31971773
v -0.08434035 -0.01763876 0.37743708
v -0.12407216 0.0023078 0.31942165
v -0.13908219 -0.04636792 0.24147658
v -0.14416498 0.01828138 0.28157603
v -0.12400333 0.01967325 0.2756295
v -0.12875405 -0.02193442 0.17710571
v -0.14388008 0.03934355 0.2198315
v -0.12249563 0.03671637 0.22537009
v -0.1501061 -0.00098474 0.11474332
v -0.12716089 -0.01206885 0.14875467
v -0.13038427 -0.00313731 0.12428547
v -0.12994596 0.05349185 0.17416405
v -0.13666101 0.06243621 0.14718599
v -0.13224417 0.01598365 0.06665233
v -0.12351637 0.07451329 0.10923453
v -0.13032916 0.07961886 0.0870157
v -0.13430272 0.02585563 0.0363044
v -0.13166262 0.03707703 0.00388436
v -0.15479572 0.09286171 0.04680027
v -0.10840447 0.08828172 0.06171022
v -0.12276965 0.09444718 0.03899219
v -0.07976303 -0.17412427 0.53718465
v -0.06639779 -0.17421041 0.54264748
v -0.0739532 -0.14989024 0.55319367
v -0.04252181 -0.16437126 0.55205198
v -0.08548207 -0.10533711 0.6007573
v -0.07481702 -0.13865263 0.57237325
v -0.04286075 -0.13531544 0.58044908
v -0.04033741 -0.11962656 0.59577144
v -0.08517744 -0.0736078 0.61804416
v -0.0950902 -0.03584696 0.63425085
v -0.07105323 -0.03290906 0.60510434
v -0.06411333 -0.05339281 0.58861522
v -0.05180915 -0.04015014 0.63823612
v -0.03876013 -0.08922937 0.61545926
v -0.05765847 -0.06338979 0.57799165
v -0.09491783 0.02053376 0.65729835
v -0.06322508 -0.00711283 0.61812513
v -0.05713078 0.01352859 0.65945316
v -0.0638932 0.02116415 0.63108019
v -0.09489742 0.08630835 0.68059538
v -0.08318383 0.06472193 0.64591675
v -0.06125451 0.06644352 0.67779267
v -0.09240546 0.13929608 0.69975487
v -0.10981757 0.13639386 0.66945503
v -0.06973864 0.12783234 0.67136277
v -0.05302618 0.12348458 0.69832538
v -0.09215928 -0.14710659 0.51213666
v -0.06204245 -0.15985662 0.53012375
v -0.03716296 -0.16729142 0.53582609
v -0.03729474 -0.13743172 0.48913385
v -0.07419008 -0.07457676 0.54996675
v -0.06672015 -0.06969019 0.51113357
v -0.07027855 -0.06133774 0.49883427
v -0.04946029 -0.07080495 0.5661249
v -0.05122788 -0.12719603 0.45783569
v -0.0662597 -0.04531607 0.45372665
v -0.04585711 -0.09302427 0.37313817
v -0.09515994 -0.03829537 0.43753283
v -0.06639574 -0.02419741 0.39696727
v -0.03779242 -0.03835351 0.43893967
v -0.08393137 -0.06934991 0.30482058
v -0.08498134 0.00126244 0.32378196
v -0.06394754 0.00148266 0.32152689
v -0.07887496 -0.04930594 0.2510693
v -0.08987533 0.02030051 0.27640944
v -0.04274701 0.01523551 0.28728512
v -0.04112985 0.02897482 0.24887806
v -0.05554225 -0.02269374 0.18150883
v -0.02516377 -0.04437681 0.24213189
v -0.07832902 0.03933688 0.21885335
v -0.0732924 -0.00342747 0.12651506
v -0.0803449 0.0567968 0.16482775
v -0.0818109 0.07015272 0.12147567
v -0.03676558 0.05301081 0.17662878
v -0.07188152 0.01357424 0.07728591
v -0.07897461 0.08189104 0.08214386
v -0.06405203 0.06005909 0.1520605
v -0.06009538 0.07681587 0.09625318
v -0.05684443 0.0359862 0.01077891
v -0.01051675 0.01846954 0.06415243
v -0.08774853 0.09661385 0.03455057
v -0.03096566 0.07526444 0.68312453
v -0.02661136 0.01916445 0.66350231
v 0.01512981 0.02133982 0.66497548
v 0.00726925 0.07998135 0.685755
v -0.02339626 0.13167709 0.7027639
v 0.01745246 0.1202938 0.69941061
v 0.01180041 0.15796126 0.71260291
v -0.04030685 -0.17625941 0.53891528
v 0.00621867 -0.17813068 0.54497626
v 0.01469738 -0.16721255 0.55215707
v 0.01092432 -0.16630755 0.53634035
v -0.00284187 -0.15116085 0.55748684
v -0.0263036 -0.14524438 0.56765775
v 0.00306601 -0.1245143 0.59390205
v 0.00050127 -0.09091725 0.6167101
v 0.03680687 -0.13388545 0.58390863
v 0.0126561 -0.14656143 0.56681918
v 0.006829 -0.05778046 0.58913883
v 0.00629652 -0.03463378 0.60889072
v -0.00991714 -0.05607215 0.63256464
v 0.0078998 -0.07140361 0.56824592
v 0.00883432 -0.06684154 0.57755069
v -0.03373337 -0.01004645 0.62020589
v -0.01297007 -0.03934782 0.6407944
v 0.00204161 0.0185649 0.63312399
v 0.00649694 -0.01954766 0.6179636
v -0.04534221 0.07289445 0.6522081
v 0.00855598 0.05991497 0.64960398
v 0.00582255 0.07485434 0.65670789
v -0.03940311 0.11861055 0.67136124
v 0.00056994 0.11167246 0.67018352
v -0.01194648 -0.14812842 0.51719476
v 0.00965595 -0.15782591 0.53001997
v -0.00754142 -0.07208503 0.52895033
v -0.00648765 -0.0689949 0.51014587
v -0.00917641 -0.06076099 0.49722079
v -0.0122862 -0.0744873 0.55146367
v 0.00061179 -0.10535721 0.40505941
v 0.02178283 -0.13090474 0.46810653
v -0.00180427 -0.04382786 0.45164728
v 0.03279639 -0.05926096 0.49675068
v 0.00347084 -0.08922275 0.36266704
v -0.00376455 -0.02339519 0.39593416
v -0.01480754 -0.01366636 0.36518717
v -0.00976133 -0.06915617 0.30577664
v -0.01214716 0.00692161 0.30697064
v 0.03299477 -0.0201409 0.3868915
v 0.0099888 -0.05426739 0.26611821
v -0.00076825 0.0162544 0.28196637
v 0.00075486 -0.02412988 0.18571386
v 0.00414474 0.03376998 0.23035498
v -0.00401918 0.04800783 0.189223
v -0.00360355 -0.00212096 0.12294008
v 0.04298454 -0.01448017 0.15370605
v -0.01029566 0.05919464 0.15467619
v -0.00716214 0.00960008 0.08809996
v -0.00882084 0.07363707 0.110483
v -0.0318787 0.08366362 0.07674128
v 0.00915427 0.07948244 0.08636555
v -0.0134247 0.03849919 0.00266667
v 0.06184093 0.02874714 0.02718944
v 0.01851065 0.09531535 0.03684774
v -0.89535248 0.55852728 0.33649534
v -0.89167225 0.53713735 0.35831857
v -0.89508069 0.57699076 0.3403974
v -0.88992637 0.57078932 0.36828022
v -0.89438319 0.5472378 0.32811151
v -0.88486224 0.52931487 0.36819972
v -0.88951492 0.5335424 0.33821388
v -0.87680078 0.57470345 0.38457961
v -0.89383084 0.58904912 0.33030943
v -0.88540822 0.58492683 0.36253384
v -0.89383084 0.58904912 0.33030943
v -0.88540822 0.58492683 0.36253384
v -0.89090633 0.59561988 0.32863346
v -0.88221556 0.59825911 0.33534918
v -0.87088484 0.59197871 0.36060687
v -0.87088484 0.59197871 0.36060687
v -0.8915258 0.56436734 0.25346626
v -0.88951492 0.5335424 0.33821388
v -0.89438319 0.5472378 0.32811151
v -0.89535248 0.55852728 0.33649534
v -0.89611351 0.5835844 0.26492721
v -0.89639038 0.60058712 0.27003239
v -0.89508069 0.57699076 0.3403974
v -0.89506245 0.5917239 0.19777275
v -0.88323766 0.5527292 0.2787985
v -0.87623686 0.53183753 0.33582578
v -0.88323766 0.5527292 0.2787985
v -0.88393223 0.56316751 0.2480577
v -0.85619009 0.57514995 0.23250761
v -0.89462614 0.62277805 0.22630789
v -0.89120412 0.63051581 0.22106393
v -0.88489884 0.63191942 0.22585327
v -0.87872493 0.61557543 0.28045342
v -0.89218479 0.57841531 0.21500284
v -0.89621139 0.61713782 0.18215326
v -0.89573133 0.63135367 0.17764582
v -0.88409591 0.57627019 0.20738036
v -0.88897991 0.59307048 0.16377297
v -0.88006353 0.63967434 0.20369495
v -0.86283249 0.52961554 0.3811909
v -0.86337507 0.55049393 0.38766059
v -0.85784745 0.51582247 0.36905212
v -0.83621305 0.55253662 0.39274585
v -0.81764859 0.50817593 0.37038268
v -0.82180732 0.51494129 0.3800934
v -0.80697119 0.5278422 0.38964138
v -0.7677812 0.520415 0.39153446
v -0.85349339 0.56817567 0.39028661
v -0.85139477 0.57961274 0.38369961
v -0.80964506 0.55804763 0.39423515
v -0.78484404 0.56625749 0.38917482
v -0.85475957 0.53863951 0.33165996
v -0.84987015 0.51895498 0.35463002
v -0.8368842 0.51757281 0.35800874
v -0.81774354 0.56432169 0.32774754
v -0.78846151 0.50924745 0.36160406
v -0.82077664 0.57844624 0.31957096
v -0.81774354 0.56432169 0.32774754
v -0.83311409 0.56973133 0.29971872
v -0.80851203 0.54565989 0.34148991
v -0.7977562 0.5310976 0.34874983
v -0.80324054 0.57400135 0.34349703
v -0.82077664 0.57844624 0.31957096
v -0.85442722 0.58931747 0.36754393
v -0.85396886 0.59564921 0.34017476
v -0.82872719 0.58573871 0.35844126
v -0.82843059 0.58689081 0.32939763
v -0.81085265 0.57733097 0.37710667
v -0.79424125 0.57812382 0.36400296
v -0.85668397 0.55772787 0.28721718
v -0.85475957 0.53863951 0.33165996
v -0.84276915 0.57324878 0.26730241
v -0.83424652 0.58571645 0.25672755
v -0.83023357 0.58649721 0.28318736
v -0.83483046 0.61584538 0.21626996
v -0.8336423 0.59536491 0.2924425
v -0.83023357 0.58649721 0.28318736
v -0.84030235 0.60889194 0.2549158
v -0.82843059 0.58689081 0.32939763
v -0.82077664 0.57844624 0.31957096
v -0.87036049 0.61609028 0.2759656
v -0.85396886 0.59564921 0.34017476
v -0.85853857 0.61104317 0.2795035
v -0.87078065 0.58423085 0.185516
v -0.8407945 0.59115204 0.21009032
v -0.85073322 0.59011436 0.19119396
v -0.83320248 0.61164898 0.2110485
v -0.83320248 0.61164898 0.2110485
v -0.84077781 0.62628197 0.20281883
v -0.83456802 0.61508452 0.16556375
v -0.86764568 0.63820219 0.20416996
v -0.85942495 0.63096339 0.2180716
v -0.78728783 0.50340634 0.37674713
v -0.75975323 0.54558431 0.3969782
v -0.75316429 0.55581765 0.39488016
v -0.73706967 0.50967281 0.39184153
v -0.728019 0.53304535 0.39906589
v -0.74102902 0.49264733 0.37813496
v -0.78762364 0.55507226 0.3457015
v -0.82077664 0.57844624 0.31957096
v -0.80324054 0.57400135 0.34349703
v -0.77869529 0.56925241 0.35331155
v -0.77869529 0.56925241 0.35331155
v -0.76284623 0.56993095 0.36799635
v -0.73823345 0.51045848 0.35078829
v -0.74260724 0.56279761 0.36041019
v -0.73885345 0.52636585 0.34889806
v -0.73845619 0.55451109 0.35584643
v -0.74260724 0.56279761 0.36041019
v -0.72218937 0.56249134 0.37071652
v -0.7408058 0.56153012 0.3843085
v -0.73600906 0.4901487 0.36725744
v -0.71413237 0.48391077 0.37949462
v -0.68628347 0.48418321 0.38519542
v -0.68743002 0.47497431 0.36824933
v -0.69218349 0.49365452 0.35078754
v -0.69087386 0.51911792 0.39899331
v -0.68733788 0.54005857 0.39779422
v -0.70304066 0.54970858 0.39147204
v -0.65666986 0.52507854 0.40107028
v -0.65526527 0.47062226 0.38362516
v -0.68779171 0.55384838 0.37585608
v -0.70407468 0.5153203 0.34634889
v -0.68947488 0.55429547 0.36632073
v -0.67117798 0.54148152 0.35591591
v -0.66906011 0.51520279 0.34656462
v -0.68947488 0.55429547 0.36632073
v -0.62623727 0.58358707 0.44750514
v -0.61495697 0.58095416 0.48272295
v -0.62930721 0.59535897 0.43854117
v -0.65396404 0.46028694 0.3695978
v -0.66631013 0.4795308 0.35122823
v -0.62600636 0.45843873 0.35921852
v -0.61362433 0.45730367 0.37975938
v -0.61389601 0.45196177 0.37019994
v -0.65346867 0.53421181 0.39455728
v -0.63652313 0.53761066 0.37714767
v -0.62720668 0.50517339 0.40014972
v -0.61612278 0.5244763 0.39843438
v -0.65427005 0.6043636 0.38993711
v -0.64311332 0.5939675 0.42187492
v -0.651191 0.6079421 0.40645503
v -0.64472479 0.6108557 0.40258486
v -0.62292141 0.59575008 0.43686409
v -0.61601043 0.57735033 0.41264533
v -0.62526172 0.58485339 0.39130897
v -0.61530954 0.59254725 0.40346574
v -0.65119207 0.48908967 0.3469733
v -0.62017733 0.46702706 0.35045112
v -0.62600636 0.45843873 0.35921852
v -0.66631013 0.4795308 0.35122823
v -0.6376521 0.51410299 0.3494621
v -0.65119207 0.48908967 0.3469733
v -0.66906011 0.51520279 0.34656462
v -0.62694752 0.48573226 0.34590666
v -0.62410384 0.52422469 0.34689556
v -0.68947488 0.55429547 0.36632073
v -0.63542384 0.53162985 0.35746299
v -0.67117798 0.54148152 0.35591591
v -0.62692022 0.53643579 0.36547008
v -0.62692022 0.53643579 0.36547008
v -0.65445518 0.61622365 0.35241349
v -0.65246499 0.61794212 0.36625223
v -0.64694303 0.62441745 0.34869735
v -0.66368443 0.6324393 0.3289546
v -0.66107863 0.62298598 0.33145138
v -0.64512295 0.6143689 0.31630784
v -0.63780022 0.60079431 0.36470382
v -0.63251972 0.60941582 0.36988362
v -0.635553 0.61910673 0.3312137
v -0.63672167 0.60394858 0.31524229
v -0.62822044 0.58878797 0.36040449
v -0.61450887 0.58887224 0.37123534
v -0.62322146 0.56878673 0.34311343
v -0.6305787 0.59155949 0.31622908
v -0.63107204 0.53338172 0.22404035
v -0.62830991 0.54438334 0.26817655
v -0.63189256 0.55506255 0.24071929
v -0.63402301 0.59509927 0.24688502
v -0.62833977 0.57694909 0.30578356
v -0.6305787 0.59155949 0.31622908
v -0.62533611 0.53846899 0.30768955
v -0.62322146 0.56878673 0.34311343
v -0.66549695 0.6409406 0.27726424
v -0.66877061 0.64626011 0.27878924
v -0.66681671 0.65145438 0.28028893
v -0.65709835 0.63506097 0.32679838
v -0.66166002 0.65844842 0.26093623
v -0.64948732 0.65309388 0.25313004
v -0.64947307 0.6353347 0.25720483
v -0.64326209 0.63588053 0.28926884
v -0.63989586 0.62219597 0.25428513
v -0.6314019 0.62078619 0.29180241
v -0.63104808 0.63140008 0.2436729
v -0.62394053 0.60313972 0.32687594
v -0.61996818 0.43969739 0.16815634
v -0.63024753 0.53327362 0.16741915
v -0.62016124 0.44959091 0.1398381
v -0.62547225 0.49431466 0.2362678
v -0.62095368 0.45315388 0.21329976
v -0.63266581 0.57218538 0.18222245
v -0.63427484 0.61208172 0.19582552
v -0.63768697 0.627186 0.21703108
v -0.6693787 0.66882797 0.23041038
v -0.66937923 0.66157318 0.22317711
v -0.67114472 0.66668139 0.22208535
v -0.66169119 0.69068274 0.16483585
v -0.64770705 0.66464944 0.16958382
v -0.65546638 0.68228436 0.18172288
v -0.64734936 0.68116849 0.16865815
v -0.64039075 0.65048547 0.23060944
v -0.63945639 0.64139987 0.19625105
v -0.63989586 0.62219597 0.25428513
v -0.63945639 0.64139987 0.19625105
v -0.62022883 0.60419273 0.25723519
v -0.6305747 0.6486932 0.19320613
v -0.62075621 0.62629079 0.1918459
v -0.59627748 0.56499866 0.51621255
v -0.56629151 0.54809563 0.5583019
v -0.5785917 0.56502938 0.54462768
v -0.59544599 0.57297263 0.51137313
v -0.58748573 0.57162242 0.49998037
v -0.57282454 0.55845412 0.55882537
v -0.60456622 0.56926884 0.48073648
v -0.55713934 0.55448783 0.5616761
v -0.5719642 0.56133164 0.52195704
v -0.55334479 0.54157214 0.58291427
v -0.55702555 0.55237123 0.58187929
v -0.54676723 0.53908647 0.54890991
v -0.57223272 0.55163642 0.51216432
v -0.54578072 0.5322884 0.53837966
v -0.56762421 0.54238485 0.50084445
v -0.5721786 0.51379779 0.43896734
v -0.55800998 0.50389151 0.48333308
v -0.5696981 0.53698294 0.48572029
v -0.56374973 0.47719002 0.42703353
v -0.56734836 0.53419204 0.43469808
v -0.56372327 0.53959342 0.47025594
v -0.55050099 0.5252867 0.49067698
v -0.60821652 0.57183816 0.49208966
v -0.61240041 0.58818425 0.4708112
v -0.60102981 0.57070025 0.45137275
v -0.60351533 0.58448052 0.43332413
v -0.58832836 0.57167515 0.43148827
v -0.59460473 0.56197493 0.44275588
v -0.58269662 0.53856958 0.44069529
v -0.56817526 0.55340734 0.48113914
v -0.55407315 0.54847974 0.5281936
v -0.55583483 0.54190869 0.50297973
v -0.57949913 0.29622097 0.32564762
v -0.56330383 0.33065968 0.37216005
v -0.59676749 0.38906797 0.31470915
v -0.57706809 0.37743628 0.35550702
v -0.5860303 0.39284183 0.34595222
v -0.56212485 0.38227555 0.38516785
v -0.60397422 0.43859465 0.33960653
v -0.59693122 0.43261531 0.36655292
v -0.60813373 0.44555407 0.35593442
v -0.61389601 0.45196177 0.37019994
v -0.57791179 0.42272785 0.38618939
v -0.55843896 0.41854462 0.40831267
v -0.61246246 0.49685299 0.39867123
v -0.59551924 0.49142999 0.40355745
v -0.58925819 0.44967817 0.38942045
v -0.57791179 0.42272785 0.38618939
v -0.58027345 0.49918717 0.41859511
v -0.57439101 0.47455594 0.33971695
v -0.56930786 0.49954108 0.39114169
v -0.56134534 0.45784212 0.37990687
v -0.58580476 0.49693512 0.32025266
v -0.56374973 0.47719002 0.42703353
v -0.553298 0.42523035 0.37430834
v -0.56346792 0.43696066 0.33704314
v -0.61672735 0.54022399 0.38382395
v -0.59445739 0.52903607 0.41274199
v -0.61210918 0.55360625 0.38841464
v -0.60573411 0.5536262 0.40781005
v -0.58826208 0.55477465 0.39708583
v -0.57791781 0.5246281 0.39149489
v -0.59558308 0.55513284 0.37261492
v -0.58551842 0.56101875 0.42090901
v -0.60917103 0.57717022 0.37027209
v -0.60439074 0.36300147 0.27308024
v -0.58048266 0.35847919 0.24148534
v -0.57748574 0.34078307 0.25680743
v -0.56866485 0.36044613 0.29796149
v -0.60582036 0.39722093 0.28132784
v -0.61209899 0.40530976 0.24472934
v -0.57843 0.39782463 0.28165018
v -0.5617801 0.3863706 0.32530188
v -0.55520862 0.30945793 0.32036644
v -0.60592639 0.43891763 0.32115074
v -0.61111945 0.47333713 0.3280268
v -0.61402881 0.45631594 0.2971306
v -0.58455265 0.45709447 0.2804181
v -0.57948411 0.45340018 0.29835745
v -0.58351272 0.41006707 0.25815139
v -0.59315938 0.49883648 0.28776695
v -0.57088554 0.44477606 0.32231016
v -0.55573422 0.3963671 0.34887295
v -0.61504513 0.47658854 0.34002149
v -0.62044317 0.52435841 0.33601054
v -0.62099189 0.48878681 0.28474418
v -0.59882742 0.53016494 0.30584955
v -0.61785257 0.550551 0.35600633
v -0.61785257 0.550551 0.35600633
v -0.61479986 0.5869497 0.33832226
v -0.60836112 0.56646542 0.31921385
v -0.61551803 0.58523023 0.28679568
v -0.61249262 0.35934138 0.2206193
v -0.59278756 0.34200305 0.14357807
v -0.58486927 0.37143231 0.22676431
v -0.59204686 0.37521223 0.17459139
v -0.61751664 0.41924603 0.20077376
v -0.58721983 0.42153861 0.24114874
v -0.59194189 0.41604966 0.20818762
v -0.61837482 0.45586984 0.25116055
v -0.59990191 0.49013272 0.24382294
v -0.59348148 0.46942808 0.25304383
v -0.60048777 0.47622836 0.2120887
v -0.59465414 0.44574114 0.22041267
v -0.60672569 0.52721382 0.21569156
v -0.60508019 0.52652391 0.24810969
v -0.60949719 0.54924389 0.25606906
v -0.61317283 0.57558273 0.25976236
v -0.59599239 0.39857371 0.13634215
v -0.59414691 0.32505308 0.09318333
v -0.59705174 0.43720827 0.16431539
v -0.59648234 0.44288766 0.12877322
v -0.60590583 0.52695803 0.16285892
v -0.59970737 0.45680894 0.17229824
v -0.60034126 0.47448827 0.13555629
v -0.61383748 0.58855998 0.1936259
v -0.50547892 0.52077926 0.63611986
v -0.48742643 0.51700454 0.66274773
v -0.49080038 0.52555654 0.64970413
v -0.50465554 0.532209 0.63718067
v -0.54578072 0.5322884 0.53837966
v -0.53388941 0.48960777 0.52779344
v -0.50984174 0.48664194 0.5693588
v -0.53147179 0.53399831 0.61141882
v -0.52937669 0.54173958 0.60692702
v -0.5314436 0.53054745 0.57865309
v -0.53234935 0.53810653 0.56136674
v -0.50547892 0.52077926 0.63611986
v -0.51965535 0.52029319 0.57828523
v -0.50017619 0.51884666 0.61342782
v -0.5314436 0.53054745 0.57865309
v -0.51277184 0.53112242 0.59864751
v -0.51825565 0.52585605 0.56339252
v -0.50465554 0.532209 0.63718067
v -0.50241077 0.51461501 0.58220966
v -0.49154803 0.5046956 0.60811942
v -0.47760627 0.50944203 0.61680439
v -0.50174516 0.49543942 0.56114552
v -0.54191631 0.28159281 0.41667437
v -0.52573359 0.29054737 0.45180003
v -0.49668327 0.26062916 0.48983799
v -0.53943038 0.35286947 0.44657597
v -0.52364677 0.32914861 0.46955399
v -0.49389347 0.31907521 0.51622924
v -0.50808829 0.35367154 0.45704975
v -0.4929193 0.30463737 0.46595016
v -0.50692254 0.29104918 0.43154844
v -0.53174537 0.3871352 0.47802573
v -0.50137579 0.37232663 0.52637179
v -0.522156 0.35546467 0.42557042
v -0.5049789 0.40065424 0.48865422
v -0.55168843 0.46183185 0.46378061
v -0.54167765 0.41844452 0.46776686
v -0.54619527 0.48012055 0.49545119
v -0.53168076 0.44314493 0.50514814
v -0.52101445 0.41207708 0.45814598
v -0.51184148 0.45313531 0.50608104
v -0.5290795 0.46732155 0.47720071
v -0.50383538 0.44399812 0.5561678
v -0.5099594 0.47416705 0.52590591
v -0.49123153 0.44315458 0.53961994
v -0.54619527 0.48012055 0.49545119
v -0.5456419 0.51205245 0.52163938
v -0.5456419 0.51205245 0.52163938
v -0.54296249 0.53422075 0.5244142
v -0.52260524 0.50905164 0.53395047
v -0.54515201 0.51932913 0.49371212
v -0.55338049 0.30269365 0.39553557
v -0.53646314 0.31019656 0.37298379
v -0.5517543 0.37388414 0.41833049
v -0.53197348 0.36423353 0.4058975
v -0.54424328 0.37609437 0.37640131
v -0.5509671 0.41508465 0.43697726
v -0.53376478 0.41906711 0.42909123
v -0.55000705 0.47343061 0.42047102
v -0.53806871 0.46671314 0.44974522
v -0.54643583 0.49099963 0.449584
v -0.55168843 0.46183185 0.46378061
v -0.54431146 0.31380538 0.35346356
v -0.45428118 0.50591239 0.68765152
v -0.41098627 0.49420369 0.7256572
v -0.42582956 0.50677209 0.71139854
v -0.42797297 0.24568053 0.57112946
v -0.43192551 0.29940095 0.58692876
v -0.43051559 0.35095532 0.60904522
v -0.451929 0.33898032 0.58054134
v -0.47153136 0.36466618 0.56769773
v -0.45680067 0.41202838 0.60555291
v -0.46282732 0.46085204 0.62124827
v -0.46701917 0.49580852 0.63574456
v -0.4851447 0.45702709 0.5910249
v -0.44117483 0.47085265 0.64996398
v -0.48326465 0.41062555 0.57236262
v -0.43426707 0.41612376 0.63195255
v -0.4517045 0.47804957 0.62097199
v -0.40982661 0.46642127 0.66024693
v -0.44029894 0.44127332 0.61102552
v -0.44870281 0.49684559 0.64235912
v -0.46709788 0.43831201 0.57510268
v -0.43712187 0.41519341 0.59834053
v -0.47222111 0.50870809 0.66377933
v -0.48166987 0.52029263 0.64021336
v -0.45678553 0.51406318 0.68348363
v -0.45823753 0.50439662 0.6595297
v -0.45068637 0.50881611 0.66495333
v -0.45068637 0.50881611 0.66495333
v -0.48166987 0.52029263 0.64021336
v -0.43940249 0.49095925 0.66310308
v -0.48277983 0.49642456 0.60051102
v -0.43435061 0.5087821 0.69477866
v -0.42336252 0.4940839 0.68680736
v -0.40343112 0.49492625 0.69942029
v -0.44870281 0.49684559 0.64235912
v -0.46122679 0.27203251 0.50473433
v -0.45278966 0.23759526 0.50315235
v -0.47101527 0.25917667 0.48577596
v -0.472812 0.31065289 0.543262
v -0.47346163 0.32912161 0.5108168
v -0.48081073 0.31205563 0.49065086
v -0.42934901 0.25517912 0.5382819
v -0.44446483 0.31875359 0.54548238
v -0.48537791 0.3517694 0.54285005
v -0.48135403 0.37196432 0.51812449
v -0.46771747 0.37718983 0.54195292
v -0.43274161 0.35440291 0.5748595
v -0.43498039 0.37546941 0.5827069
v -0.48447108 0.40567824 0.53107607
v -0.46005142 0.40431688 0.56624726
v -0.48438647 0.4864836 0.58202963
v -0.38793665 0.27412807 0.61760177
v -0.41013628 0.33358972 0.62141872
v -0.36734039 0.27874656 0.63614229
v -0.3628296 0.32700767 0.65739294
v -0.37643617 0.38769886 0.67107027
v -0.39480999 0.45432379 0.68498126
v -0.38224137 0.41364612 0.678128
v -0.37570304 0.47384479 0.70954103
v -0.39575651 0.48795191 0.72765738
v -0.39400426 0.49762836 0.7332122
v -0.37488011 0.48246326 0.72044831
v -0.39984587 0.48118856 0.69510016
v -0.3766228 0.48899074 0.75085866
v -0.36506978 0.49105038 0.7401555
v -0.34966373 0.48020984 0.76424674
v -0.36369392 0.47821982 0.70808474
v -0.39909163 0.48510363 0.68565894
v -0.36400539 0.45252281 0.68934439
v -0.38016716 0.45989398 0.6824745
v -0.40735129 0.26781208 0.56565174
v -0.36963442 0.24187311 0.59289408
v -0.41154253 0.27714079 0.59857995
v -0.40694076 0.33772508 0.59581317
v -0.37769976 0.30112633 0.61003227
v -0.41570678 0.40794241 0.64643927
v -0.3821249 0.35049858 0.62542753
v -0.40551519 0.40020627 0.62575249
v -0.39270508 0.37872723 0.62896375
v -0.37583888 0.40124285 0.653291
v -0.40601981 0.43948829 0.64654517
v -0.40933833 0.47295183 0.66945293
v -0.38016716 0.45989398 0.6824745
v -0.36400539 0.45252281 0.68934439
v -0.39909163 0.48510363 0.68565894
v -0.34560207 0.48840928 0.76746077
v -0.32768935 0.48401222 0.77904342
v -0.32031825 0.47498107 0.77934741
v -0.34838519 0.47853327 0.73961504
v -0.32113945 0.4842457 0.77134239
v -0.31126341 0.47718278 0.75347722
v -0.33590797 0.48060132 0.73923442
v -0.31579182 0.47137252 0.74904843
v -0.30028632 0.48333337 0.78535412
v -0.29261905 0.46847394 0.76914442
v -0.3442921 0.21341153 0.63011479
v -0.33884764 0.20896854 0.602294
v -0.3236081 0.2047918 0.64075163
v -0.2936925 0.20331939 0.65711796
v -0.31234083 0.21276567 0.62267113
v -0.33437222 0.26496672 0.65523583
v -0.3324649 0.27758148 0.63370411
v -0.30566686 0.26380309 0.6467265
v -0.34189188 0.32544369 0.67173577
v -0.34110817 0.34430626 0.68000755
v -0.35427019 0.32651666 0.63752874
v -0.36070654 0.26700809 0.60975329
v -0.31384701 0.32203311 0.66359079
v -0.30517122 0.32275461 0.69348701
v -0.30146873 0.27117032 0.67684471
v -0.34392974 0.38527813 0.69376506
v -0.34709412 0.41712278 0.70583302
v -0.36794117 0.34434808 0.63491153
v -0.32044259 0.38766181 0.68566464
v -0.30658293 0.37354757 0.71240124
v -0.34566757 0.42015205 0.68547411
v -0.34109297 0.46969078 0.73308349
v -0.32788733 0.44525762 0.71175667
v -0.34566757 0.42015205 0.68547411
v -0.34396935 0.45982145 0.71345446
v -0.32044259 0.38766181 0.68566464
v -0.31459332 0.42530324 0.70932227
v -0.30672115 0.43755464 0.73906728
v -0.33469874 0.47197751 0.72607066
v -0.29741418 0.45199335 0.7385749
v -0.30524915 0.46667436 0.74314538
v -0.25665864 0.47513484 0.80868889
v -0.26528201 0.46700216 0.80488413
v -0.23133729 0.46402861 0.81858199
v -0.26742512 0.253195 0.68679112
v -0.24151461 0.31076075 0.72067594
v -0.24205033 0.26639107 0.70477635
v -0.24867426 0.33115794 0.72571811
v -0.26992276 0.36989708 0.72987881
v -0.24703757 0.37359504 0.74305249
v -0.2409936 0.34071521 0.70892318
v -0.24922782 0.27879763 0.68253106
v -0.25977811 0.37868538 0.71653748
v -0.25467467 0.42624379 0.76136696
v -0.2655721 0.45393103 0.77015619
v -0.26695767 0.44169987 0.74577723
v -0.26069811 0.40835674 0.73046721
v -0.28477082 0.44169754 0.73580101
v -0.24889737 0.43198588 0.74729089
v -0.22735095 0.44203253 0.76790455
v -0.29587898 0.47108177 0.79138127
v -0.28161141 0.47863775 0.78701748
v -0.28164265 0.47320531 0.80303655
v -0.24436967 0.45670793 0.76674637
v -0.246326 0.4693057 0.78593288
v -0.24060954 0.46062475 0.78885835
v -0.23289785 0.46191031 0.78008861
v -0.24394052 0.47272903 0.79801181
v -0.27960858 0.20424315 0.63865674
v -0.26265675 0.2301956 0.65721918
v -0.28004432 0.29586159 0.67235596
v -0.26714113 0.31596708 0.68688805
v -0.28973594 0.37734064 0.69984166
v -0.28973594 0.37734064 0.69984166
v -0.29432917 0.41643747 0.71648609
v -0.25977811 0.37868538 0.71653748
v -0.22360981 0.47249355 0.8181388
v -0.19874978 0.47022077 0.82900589
v -0.19510415 0.46088275 0.82730279
v -0.19462895 0.45691427 0.80726713
v -0.18655528 0.4646561 0.81146641
v -0.17882662 0.46615693 0.83664563
v -0.17278101 0.46742415 0.82548588
v -0.23847447 0.20789579 0.68508173
v -0.19169779 0.19400915 0.69734281
v -0.19703133 0.24082304 0.71252367
v -0.1957835 0.19002448 0.66744315
v -0.2396121 0.28328717 0.68730573
v -0.22599059 0.28974718 0.69561461
v -0.20291704 0.2706682 0.6968614
v -0.17024198 0.24312702 0.69657354
v -0.21826908 0.29684058 0.72515827
v -0.21617088 0.31219404 0.70834106
v -0.19364622 0.30474899 0.73669766
v -0.19015096 0.31539903 0.71907061
v -0.20291704 0.2706682 0.6968614
v -0.21617088 0.31219404 0.70834106
v -0.18374926 0.28139589 0.70840002
v -0.22510761 0.38286449 0.73375531
v -0.2409936 0.34071521 0.70892318
v -0.21222873 0.36346724 0.75326287
v -0.22486532 0.41916347 0.77154747
v -0.20761497 0.3849515 0.74201603
v -0.16285926 0.36464885 0.76838738
v -0.18721139 0.42003138 0.78536583
v -0.15891032 0.30812969 0.72524722
v -0.20909882 0.43042461 0.7661379
v -0.19509786 0.43407177 0.775767
v -0.17827125 0.36812719 0.74477432
v -0.16664691 0.37823524 0.75139576
v -0.19889829 0.45111785 0.78540725
v -0.20901792 0.45273374 0.79489066
v -0.13002448 0.45147871 0.82380377
v -0.15014008 0.45656124 0.84180025
v -0.14539668 0.46411773 0.84412691
v -0.13602407 0.46428452 0.8328784
v -0.16319087 0.44487019 0.80603464
v -0.13715993 0.4554469 0.81429076
v -0.15638128 0.41984209 0.79380692
v -0.11274353 0.42210573 0.80323744
v -0.09180503 0.43953522 0.81892163
v -0.11795021 0.46219305 0.84866082
v -0.14700395 0.18818323 0.70671979
v -0.09723628 0.180166 0.71312722
v -0.13163562 0.21642828 0.71987326
v -0.13390633 0.22786483 0.70005761
v -0.15126178 0.2323542 0.72140369
v -0.18374926 0.28139589 0.70840002
v -0.14528249 0.26929811 0.71410126
v -0.1170291 0.24602893 0.70896571
v -0.16008435 0.30707528 0.74650339
v -0.14528249 0.26929811 0.71410126
v -0.12982447 0.30033966 0.75058119
v -0.12682796 0.30601201 0.73144609
v -0.12458349 0.35416474 0.77236813
v -0.14204097 0.3710159 0.75508541
v -0.10478181 0.3220371 0.74118074
v -0.16998674 0.43447318 0.78717508
v -0.1748912 0.42768192 0.77630288
v -0.13963684 0.41322972 0.7785121
v -0.14019617 0.42525942 0.78460295
v -0.12068406 0.36750449 0.7568375
v -0.13093157 0.43450283 0.79721717
v -0.119546 0.42511056 0.79101366
v -0.15464769 0.44915465 0.8010145
v -0.04731738 0.18770476 0.72126622
v -0.04936629 0.22587309 0.73426679
v -0.09110311 0.23909954 0.73485106
v -0.10194282 0.29058674 0.75188901
v -0.03955458 0.29016606 0.75836245
v -0.05892052 0.35427021 0.78100153
v -0.09150442 0.35393304 0.77742721
v -0.06662692 0.41797706 0.80823176
v -0.05560284 0.40196297 0.80184981
v -0.09486643 0.45293716 0.85226033
v -0.09372643 0.44880434 0.82804877
v -0.11667538 0.45371038 0.81436499
v -0.07960616 0.45986671 0.83731861
v -0.08197958 0.44311408 0.80960662
v -0.10547202 0.43153122 0.80302843
v -0.09135247 0.45964107 0.85374448
v -0.0854868 0.46194189 0.84636756
v -0.07869535 0.45305436 0.82195808
v -0.06860615 0.45009054 0.84855047
v -0.02447557 0.45687773 0.85775458
v -0.06578251 0.42688583 0.80050433
v -0.00248594 0.45130519 0.85700665
v -0.018604 0.45536341 0.83038843
v -0.02804231 0.44968926 0.81990167
v -0.0591238 0.17353903 0.68998401
v -0.08221909 0.2269729 0.70738052
v -0.10155673 0.26572962 0.72056746
v -0.08221909 0.2269729 0.70738052
v -0.1170291 0.24602893 0.70896571
v -0.05188864 0.28939414 0.73514659
v -0.09144141 0.36744706 0.76250895
v -0.05612103 0.3777738 0.77303242
v -0.04215099 0.40044988 0.78479399
v 0.01499416 0.23960346 0.74180334
v -0.02973525 0.25211351 0.74514047
v 0.00957297 0.30833311 0.76614572
v -0.03205257 0.34764006 0.77983658
v -0.03490612 0.41796958 0.7966267
v -0.02358208 0.41477964 0.80894688
v 0.0113206 0.35516035 0.78445925
v -0.02570673 0.46024041 0.85286402
v 0.01019111 0.45899053 0.84248156
v -0.01882802 0.4416885 0.82698138
v -0.02409002 0.43549942 0.80780404
v -0.00054545 0.44879615 0.85051311
v -0.01790538 0.44728884 0.83669359
v 0.02331804 0.43741473 0.80926035
v 0.04152327 0.4564428 0.83246972
v 0.0152208 0.4183259 0.81073141
v 0.03516398 0.43874422 0.82342001
v 0.03487607 0.45046654 0.82057236
v -0.00814851 0.17869754 0.69375533
v -0.03582117 0.24098238 0.71616498
v 0.00275877 0.23824363 0.71633046
v -0.03582117 0.24098238 0.71616498
v -0.0341335 0.26840824 0.72837102
v -0.00814851 0.17869754 0.69375533
v 0.00856766 0.30700387 0.74397068
v -0.03575831 0.3532627 0.76155819
v -0.00094339 0.25694852 0.72538053
v 0.00115032 0.34493127 0.75939021
v -0.00124342 0.39305753 0.78243579
v 0.03731555 0.4138938 0.79475117
v -0.57375151 0.02945992 -0.04634202
v -0.56905651 0.03427018 -0.07887651
v -0.56602287 0.02109527 -0.04547391
v -0.59547883 0.09401578 -0.06543319
v -0.6018728 0.1051142 -0.04046786
v -0.58574718 0.06036005 -0.0378452
v -0.60934973 0.13167476 -0.00347278
v -0.61192638 0.17957288 -0.01733684
v -0.57723463 0.16619391 -0.00327057
v -0.56571734 0.14589089 -0.00915776
v -0.61706555 0.22497538 0.03319505
v -0.61435878 0.23149049 -0.00403281
v -0.58725804 0.22585583 -0.00369676
v -0.58431488 0.20384503 -0.01189886
v -0.6178239 0.28843704 0.04534626
v -0.59214389 0.27309702 0.0464189
v -0.58884817 0.24746161 0.02549369
v -0.58969009 0.29015823 0.02726504
v -0.61751968 0.36887071 0.08760712
v -0.61428511 0.39171576 0.04705922
v -0.59201205 0.33033684 0.05607362
v -0.56824642 0.06036618 -0.08495583
v -0.560166 0.03688642 -0.09415292
v -0.56853753 0.04544725 -0.09188502
v -0.55934107 0.05216825 -0.13023861
v -0.59594923 0.12353714 -0.08887729
v -0.58423066 0.09021256 -0.09801639
v -0.60304439 0.14739084 -0.0641342
v -0.60721934 0.186561 -0.05337965
v -0.57740122 0.19994012 -0.04776622
v -0.56140006 0.17254906 -0.0705701
v -0.55331331 0.15651536 -0.0674965
v -0.61056179 0.23637934 -0.03359326
v -0.6013363 0.19960898 -0.08828109
v -0.5847016 0.23390991 -0.03191507
v -0.58127511 0.23991156 -0.04519654
v -0.56850648 0.19202613 -0.07742765
v -0.57759708 0.2423892 -0.06886293
v -0.61364853 0.30510732 0.0032116
v -0.6103375 0.31237154 -0.01924085
v -0.60396653 0.25905535 -0.06808075
v -0.58450621 0.29398972 -0.02066582
v -0.58170772 0.29624594 -0.0338254
v -0.61234236 0.36662784 0.01247738
v -0.58449668 0.34644191 -0.00289889
v -0.5921517 0.38091676 0.07261214
v -0.57763517 0.36443582 -0.03372165
v -0.57688892 0.37734855 -0.02889345
v -0.58847564 0.12149611 -0.11826059
v -0.57847399 0.11993775 -0.14604551
v -0.58548087 0.14435546 -0.13966118
v -0.57148832 0.09978176 -0.13920965
v -0.56765485 0.12446104 -0.17208603
v -0.5957613 0.16093716 -0.10611974
v -0.59262145 0.20897731 -0.1229379
v -0.59600621 0.2516487 -0.10296132
v -0.5822379 0.25778138 -0.14374411
v -0.56699306 0.22095048 -0.09800965
v -0.56795973 0.25524063 -0.09783189
v -0.55749989 0.19882672 -0.10756116
v -0.60488343 0.35345522 -0.03890925
v -0.59497094 0.31617507 -0.0863421
v -0.57679683 0.29941724 -0.06014942
v -0.56984025 0.3151239 -0.07797237
v -0.56313157 0.31877435 -0.09892524
v -0.59786761 0.38101801 -0.05585611
v -0.58773202 0.36772731 -0.09126382
v -0.56959921 0.37030265 -0.05723419
v -0.56497198 0.38820132 -0.06423698
v -0.56731135 0.15618244 -0.19034929
v -0.57319975 0.17671114 -0.18092869
v -0.57336158 0.22572214 -0.1770077
v -0.5489912 0.19732498 -0.2345536
v -0.57238036 0.2959291 -0.16001055
v -0.55943328 0.27727918 -0.11992974
v -0.55482143 0.25245304 -0.13825794
v -0.57118034 0.34051655 -0.14627238
v -0.59101635 0.41013827 -0.067773
v -0.57305628 0.41963223 -0.11314606
v -0.56640214 0.39472401 -0.13886441
v -0.56074363 0.38274865 -0.08409266
v -0.5621646 0.29998817 -0.18550912
v -0.55488884 0.24358366 -0.21766836
v -0.55269891 0.3769274 -0.1802735
v -0.54907447 0.03685279 -0.05832532
v -0.529158 0.03319817 -0.03187864
v -0.54702443 0.11663184 0.02395372
v -0.53000754 0.12400695 -0.02121717
v -0.54493326 0.13226674 -0.0272421
v -0.50508851 0.11671599 -0.01152005
v -0.51089656 0.12402555 -0.03691364
v -0.54388726 0.05027572 -0.1005562
v -0.5494141 0.05306403 -0.13820449
v -0.52763468 0.04336318 -0.06101331
v -0.5240767 0.05968485 -0.11246869
v -0.49465761 0.04038213 -0.04892118
v -0.5434292 0.1520592 -0.08117223
v -0.52889335 0.14179371 -0.07613552
v -0.49441528 0.13646413 -0.08257646
v -0.51030993 0.14545623 -0.11055785
v -0.48816469 0.13206727 -0.06250896
v -0.55195999 0.08295636 -0.15207344
v -0.5524168 0.06290754 -0.15717922
v -0.54019713 0.06073184 -0.12980679
v -0.53710908 0.08164848 -0.19670528
v -0.53888029 0.06522342 -0.17985561
v -0.52606547 0.07539968 -0.17522668
v -0.53704512 0.09505719 -0.19108271
v -0.51411182 0.07413535 -0.15733944
v -0.46987882 0.0666087 -0.1288063
v -0.5445646 0.18026865 -0.12500256
v -0.54138404 0.16455168 -0.11104008
v -0.55295044 0.215163 -0.13234317
v -0.52707303 0.15766326 -0.12434072
v -0.53030026 0.17828949 -0.15023341
v -0.50603569 0.15617145 -0.14872368
v -0.52900797 0.07075737 -0.19542265
v -0.5245074 0.08305382 -0.22489027
v -0.52325904 0.10726074 -0.22544459
v -0.50705445 0.08223181 -0.17854355
v -0.50967801 0.08357248 -0.23674279
v -0.50302905 0.09249163 -0.22585827
v -0.50876135 0.09413117 -0.25469932
v -0.55133712 0.16005614 -0.22505445
v -0.54522645 0.1322558 -0.21748565
v -0.52717727 0.19519106 -0.17570565
v -0.54239273 0.23022286 -0.16772342
v -0.50205517 0.17934174 -0.19651474
v -0.51046109 0.20913938 -0.21363636
v -0.55188215 0.32192291 -0.13245844
v -0.53987598 0.27811233 -0.17596097
v -0.53146929 0.25990333 -0.19601433
v -0.55681437 0.3189876 -0.1179204
v -0.53839427 0.33752984 -0.16440187
v -0.55632424 0.38186148 -0.09648244
v -0.55184621 0.38243276 -0.1116486
v -0.53755552 0.39539709 -0.14647271
v -0.49807471 0.12035471 -0.26815824
v -0.48899719 0.10378813 -0.28657901
v -0.53395599 0.14464653 -0.24416854
v -0.51769471 0.15981938 -0.27509458
v -0.52730054 0.19209319 -0.27319166
v -0.47516924 0.13093323 -0.30160817
v -0.53601468 0.24609633 -0.25362417
v -0.5196898 0.23995674 -0.2164632
v -0.48714072 0.22549821 -0.25839219
v -0.54173082 0.30081662 -0.23040617
v -0.52729738 0.29815612 -0.19948399
v -0.50738937 0.273323 -0.24093799
v -0.49702352 0.25544789 -0.25703849
v -0.50164396 0.31369893 -0.24223285
v -0.53912479 0.38166113 -0.20804212
v -0.52819467 0.34841928 -0.18393272
v -0.53015625 0.3968758 -0.16292684
v -0.52039343 0.3751161 -0.18942087
v -0.50822479 0.35315677 -0.22002999
v -0.55706239 0.46205583 -0.1377167
v -0.53947085 0.4699153 -0.17630857
v -0.5071463 0.43382942 -0.19570454
v -0.52039343 0.3751161 -0.18942087
v -0.50822479 0.35315677 -0.22002999
v -0.50980771 0.19978875 -0.29937767
v -0.48437434 0.16456227 -0.31613603
v -0.48278549 0.18144825 -0.32642588
v -0.51499188 0.26155619 -0.28524557
v -0.52072316 0.29550855 -0.26842566
v -0.50303841 0.35799795 -0.27769196
v -0.49610892 0.32010467 -0.29871165
v -0.48985526 0.26300916 -0.31930299
v -0.51669461 0.39749309 -0.24406836
v -0.51893914 0.4380808 -0.22620862
v -0.48780447 0.36004171 -0.25096249
v -0.4878166 0.4415668 -0.22583573
v -0.5071463 0.43382942 -0.19570454
v -0.48780447 0.36004171 -0.25096249
v -0.49711734 0.48038906 -0.24710524
v -0.4798426 0.48257461 -0.27187766
v -0.45118526 0.11639779 -0.01295971
v -0.46644226 0.05632784 -0.09561153
v -0.41242006 0.06693378 -0.11617845
v -0.44533885 0.12987274 -0.06269109
v -0.45144236 0.14362543 -0.1126412
v -0.46150371 0.08309073 -0.17979367
v -0.48330596 0.14223567 -0.10494183
v -0.44699663 0.15731018 -0.15712329
v -0.47871399 0.09195099 -0.21063041
v -0.46833423 0.10230095 -0.24053292
v -0.40967858 0.10158129 -0.23059658
v -0.41448444 0.08907214 -0.19015479
v -0.40943938 0.10899586 -0.25608754
v -0.48804781 0.16434801 -0.17291468
v -0.47356814 0.18393254 -0.2288667
v -0.4856126 0.19641119 -0.24080441
v -0.45604861 0.17530272 -0.20902204
v -0.48993769 0.09847189 -0.24515042
v -0.48037681 0.10092299 -0.28575545
v -0.46916831 0.11011424 -0.28141762
v -0.47518122 0.11214262 -0.30625924
v -0.43923479 0.11957966 -0.29199194
v -0.45002016 0.12014013 -0.30748171
v -0.46766391 0.20913597 -0.26882223
v -0.44650349 0.19260599 -0.26039605
v -0.41887078 0.17845788 -0.21389635
v -0.44891119 0.11215246 -0.32983664
v -0.44752964 0.12375431 -0.34157764
v -0.44834879 0.14253912 -0.3355882
v -0.42804408 0.1309328 -0.36276011
v -0.49229833 0.2061982 -0.32134476
v -0.45477054 0.17839435 -0.35198998
v -0.46788344 0.23438365 -0.28584036
v -0.47580874 0.26255908 -0.28758466
v -0.44410765 0.19856438 -0.27549828
v -0.43625715 0.22552244 -0.30888741
v -0.44026965 0.25471197 -0.32091028
v -0.43793029 0.21052087 -0.29294058
v -0.48185924 0.28506911 -0.27890013
v -0.48057589 0.31378679 -0.27477003
v -0.50164396 0.31369893 -0.24223285
v -0.48185924 0.28506911 -0.27890013
v -0.4650473 0.3283435 -0.29361657
v -0.46630865 0.37982179 -0.27740385
v -0.4650473 0.3283435 -0.29361657
v -0.46713316 0.4214199 -0.26406983
v -0.43925929 0.21860477 -0.37975169
v -0.42451715 0.15168872 -0.36073521
v -0.41359374 0.19699741 -0.3968183
v -0.46627951 0.23307512 -0.35084462
v -0.47305611 0.27572959 -0.33846778
v -0.43644783 0.28156881 -0.37707421
v -0.44324607 0.23003887 -0.3762313
v -0.47580874 0.26255908 -0.28758466
v -0.44026965 0.25471197 -0.32091028
v -0.43188837 0.27751328 -0.33835542
v -0.47840282 0.32065421 -0.32261546
v -0.44245449 0.29575626 -0.32810733
v -0.44987547 0.30856058 -0.35805647
v -0.45769373 0.36543385 -0.33502955
v -0.44245449 0.29575626 -0.32810733
v -0.44232875 0.34153957 -0.31811424
v -0.4772369 0.38213516 -0.3067714
v -0.45879614 0.4574486 -0.30543197
v -0.43415198 0.37143432 -0.35867311
v -0.44382918 0.40075113 -0.30025041
v -0.4500162 0.44879453 -0.27905905
v -0.42874888 0.45269884 -0.34025439
v -0.41177654 0.05100197 -0.06617834
v -0.36322987 0.04809346 -0.05297268
v -0.42474395 0.11953763 -0.01953566
v -0.35954994 0.11641015 -0.0125056
v -0.42615762 0.12986593 -0.05504652
v -0.41768694 0.13890282 -0.09180658
v -0.38451004 0.12483264 -0.04275669
v -0.3771247 0.13687998 -0.08720046
v -0.38218185 0.08657601 -0.1760963
v -0.41056499 0.15770592 -0.15427876
v -0.38060343 0.15542793 -0.14971078
v -0.35966969 0.13707076 -0.08719494
v -0.36213073 0.18188042 -0.22672399
v -0.32270962 0.10548851 -0.23023914
v -0.30314904 0.1157861 -0.26479734
v -0.42918631 0.19825962 -0.27234238
v -0.38401881 0.18924528 -0.24930106
v -0.41238287 0.20466735 -0.29156068
v -0.41377831 0.1345666 -0.35379317
v -0.40045288 0.13570663 -0.34274974
v -0.41120136 0.13013769 -0.37089033
v -0.37189856 0.12570571 -0.30719914
v -0.37441996 0.13643343 -0.34081102
v -0.38395628 0.1429385 -0.35665643
v -0.41688141 0.22541587 -0.32429901
v -0.39140162 0.21428854 -0.31939467
v -0.38181952 0.19973418 -0.28260538
v -0.37970245 0.21926412 -0.33779027
v -0.41273466 0.13576277 -0.37885457
v -0.38777161 0.13637513 -0.39692064
v -0.3848336 0.14429266 -0.38061132
v -0.37322089 0.16887847 -0.40864191
v -0.38185343 0.14923622 -0.40774156
v -0.37292251 0.1436756 -0.4132265
v -0.36173171 0.14818355 -0.37838628
v -0.34756374 0.15434683 -0.41400675
v -0.34465304 0.15481407 -0.43604269
v -0.39441562 0.18276357 -0.4034438
v -0.41264036 0.23737531 -0.3377862
v -0.40542772 0.2578466 -0.35401009
v -0.41264036 0.23737531 -0.3377862
v -0.39006579 0.29366369 -0.37747207
v -0.43188837 0.27751328 -0.33835542
v -0.40542772 0.2578466 -0.35401009
v -0.36673373 0.23827024 -0.37108803
v -0.36673373 0.23827024 -0.37108803
v -0.35671946 0.248549 -0.38393138
v -0.37824497 0.26883518 -0.37730075
v -0.35671946 0.248549 -0.38393138
v -0.42604601 0.34077102 -0.33503606
v -0.40631014 0.3110791 -0.36193136
v -0.41128737 0.36287089 -0.34614945
v -0.41241488 0.44541819 -0.32246473
v -0.39214629 0.23052667 -0.421183
v -0.35926762 0.21945656 -0.44283353
v -0.3488352 0.19405742 -0.43837897
v -0.40208739 0.24785873 -0.41355847
v -0.41171157 0.29231308 -0.3994426
v -0.35377192 0.26119344 -0.45072512
v -0.35192442 0.27278715 -0.40066806
v -0.35086337 0.24053094 -0.45264369
v -0.36302149 0.30060077 -0.4383667
v -0.41315991 0.33133115 -0.39003518
v -0.41432306 0.36352414 -0.38132415
v -0.38027781 0.31840532 -0.38451965
v -0.37164515 0.35382944 -0.38427685
v -0.37207922 0.34797549 -0.42144789
v -0.37146053 0.37286323 -0.41558249
v -0.35637122 0.32750334 -0.40236384
v -0.41531727 0.42671871 -0.36172514
v -0.38903189 0.42424463 -0.35038016
v -0.39463302 0.46503781 -0.36829689
v -0.37109545 0.49007431 -0.34717657
v -0.3649852 0.12339873 -0.0357528
v -0.31795695 0.12668414 -0.05398472
v -0.32661101 0.07863831 -0.14460794
v -0.3048107 0.06717102 -0.10802872
v -0.32051066 0.13973662 -0.1013462
v -0.32595545 0.15462831 -0.1496392
v -0.29597169 0.14477198 -0.11533495
v -0.3550131 0.16541 -0.17699366
v -0.31439742 0.17085028 -0.19751561
v -0.34930968 0.19568984 -0.26874543
v -0.32294741 0.18096247 -0.22853109
v -0.3196764 0.19670894 -0.27537867
v -0.31242216 0.12511796 -0.29765459
v -0.29724348 0.13636836 -0.3370516
v -0.31854591 0.14231978 -0.35836264
v -0.33574459 0.21783147 -0.33337877
v -0.32758853 0.15304365 -0.43904128
v -0.31855872 0.15914507 -0.4117732
v -0.35674727 0.22585018 -0.35691087
v -0.35671946 0.248549 -0.38393138
v -0.33669886 0.23648294 -0.37925346
v -0.31964126 0.22216701 -0.34958664
v -0.30856195 0.23887085 -0.39439889
v -0.29624113 0.21228681 -0.31689603
v -0.31504092 0.16195793 -0.4553099
v -0.3007367 0.1639509 -0.44233453
v -0.29857686 0.18447644 -0.45779445
v -0.32301432 0.2210204 -0.46445656
v -0.31926158 0.19495985 -0.45468678
v -0.35004848 0.30116647 -0.40819427
v -0.29885614 0.25828161 -0.42367563
v -0.29885614 0.25828161 -0.42367563
v -0.31039965 0.28091543 -0.4265929
v -0.30579036 0.31492576 -0.43575596
v -0.33469179 0.34492457 -0.41441932
v -0.35528937 0.40942231 -0.3830766
v -0.33158022 0.40562685 -0.40204018
v -0.34552526 0.46261608 -0.37590622
v -0.28826609 0.24961712 -0.48852904
v -0.31437388 0.2651873 -0.47454679
v -0.31955367 0.32254962 -0.46296991
v -0.30449831 0.30460103 -0.47488628
v -0.34699187 0.36216792 -0.43653351
v -0.31101337 0.40062714 -0.44836567
v -0.34678438 0.46200201 -0.40719249
v -0.30603382 0.41889792 -0.41599544
v -0.31476378 0.47644761 -0.39439925
v -0.30664834 0.47407768 -0.42882998
v -0.37164572 0.4764263 -0.38382547
v -0.33573908 0.52842078 -0.36498062
v -0.29282835 0.0466166 -0.04278158
v -0.24427478 0.05396645 -0.05709427
v -0.2907722 0.11442505 -0.00979209
v -0.28752777 0.12755648 -0.05837957
v -0.24399084 0.11638362 -0.02584939
v -0.25253195 0.06645236 -0.09816335
v -0.29555011 0.08779395 -0.17183474
v -0.25330907 0.0793688 -0.14019331
v -0.24838455 0.13839681 -0.10064985
v -0.24726269 0.15647046 -0.15873165
v -0.2411126 0.09824656 -0.201581
v -0.20640451 0.08956949 -0.16773633
v -0.28438669 0.16660343 -0.18383525
v -0.24777612 0.16728065 -0.18833794
v -0.25242865 0.12566829 -0.2919224
v -0.29881695 0.1851451 -0.23874653
v -0.25642523 0.18254413 -0.23367981
v -0.25670862 0.19950462 -0.28252833
v -0.24922374 0.21492778 -0.32356094
v -0.2762987 0.15428551 -0.39580251
v -0.24095115 0.14502636 -0.35748517
v -0.2682398 0.23385569 -0.37918427
v -0.24687231 0.23315959 -0.37828759
v -0.25508329 0.24139305 -0.40870889
v -0.28033727 0.1623534 -0.46793078
v -0.28089479 0.16558388 -0.47333938
v -0.24230292 0.17078468 -0.44911506
v -0.2596269 0.16184082 -0.41722371
v -0.26374087 0.17053925 -0.46216526
v -0.25926778 0.17577438 -0.48425186
v -0.26064405 0.19051032 -0.47657756
v -0.24392252 0.16896071 -0.48528585
v -0.23772478 0.17583242 -0.47483306
v -0.27102694 0.20073869 -0.47966337
v -0.26919451 0.24874994 -0.42420579
v -0.27861023 0.26001328 -0.43383471
v -0.27861023 0.26001328 -0.43383471
v -0.22506887 0.25650686 -0.44828772
v -0.22940953 0.24886979 -0.43175327
v -0.23183438 0.26860214 -0.45843577
v -0.24921957 0.17011344 -0.48820328
v -0.28160423 0.22485074 -0.48612955
v -0.22734898 0.24387749 -0.51297732
v -0.2248207 0.23025539 -0.51025202
v -0.23662446 0.19433064 -0.488258
v -0.2511434 0.27139244 -0.50580215
v -0.27527696 0.28203417 -0.49376071
v -0.27175754 0.33586087 -0.48624586
v -0.25673553 0.2952856 -0.45660121
v -0.23183438 0.26860214 -0.45843577
v -0.24149019 0.29264575 -0.50731887
v -0.29479331 0.33071346 -0.4400138
v -0.28473055 0.35925653 -0.44084448
v -0.27975792 0.38599478 -0.47063718
v -0.23946565 0.32641109 -0.46703271
v -0.28442436 0.44239435 -0.45205668
v -0.28556082 0.43612232 -0.42259978
v -0.24542956 0.37110675 -0.45752596
v -0.25021219 0.43576373 -0.43979013
v -0.2908271 0.49359984 -0.40434998
v -0.28369626 0.54068009 -0.4211471
v -0.2681073 0.49535483 -0.41448595
v -0.24261554 0.46608725 -0.43579818
v -0.23625296 0.33679991 -0.5007721
v -0.25435379 0.39833767 -0.47856193
v -0.25371313 0.45283995 -0.46304212
v -0.23710923 0.49910321 -0.45504888
v -0.18734322 0.05711196 -0.06091298
v -0.18253973 0.11672112 -0.02984601
v -0.18974407 0.07332929 -0.11229426
v -0.20991009 0.13011316 -0.06911619
v -0.21485782 0.13964776 -0.10333132
v -0.16254024 0.12417252 -0.05267586
v -0.2170296 0.15652934 -0.15586426
v -0.18589759 0.15542876 -0.15542844
v -0.18828864 0.1386224 -0.10261505
v -0.17372645 0.09670582 -0.19041984
v -0.20910515 0.17452315 -0.20621833
v -0.18103811 0.16797203 -0.19118908
v -0.20188093 0.11564176 -0.25689457
v -0.21039189 0.13011071 -0.3025133
v -0.21220693 0.19502469 -0.26626513
v -0.18621005 0.17992397 -0.22539482
v -0.18242846 0.19862007 -0.27969621
v -0.22799902 0.21519759 -0.32122162
v -0.18371753 0.21660369 -0.32858496
v -0.20190819 0.1569369 -0.39718915
v -0.17618059 0.14661817 -0.35766974
v -0.20881389 0.16390335 -0.42050111
v -0.17629881 0.23386796 -0.37587914
v -0.1958864 0.23692174 -0.39180186
v -0.19284135 0.17639488 -0.46285312
v -0.18716349 0.25263788 -0.44802609
v -0.20391321 0.17626816 -0.50701689
v -0.20561351 0.18237626 -0.50663553
v -0.20582345 0.17304226 -0.50126799
v -0.1922286 0.18088602 -0.49152551
v -0.18812394 0.18092119 -0.47785034
v -0.18151233 0.20065183 -0.50858523
v -0.20968124 0.21111638 -0.50706649
v -0.21615641 0.26188308 -0.51793239
v -0.1553061 0.23955836 -0.5320387
v -0.2008781 0.30288548 -0.47908737
v -0.18494731 0.26134742 -0.46444252
v -0.16905002 0.27552041 -0.48043282
v -0.16905002 0.27552041 -0.48043282
v -0.20913291 0.35304464 -0.4751617
v -0.19721276 0.32721531 -0.48227512
v -0.16473413 0.35030498 -0.48866399
v -0.22741202 0.40904747 -0.45556463
v -0.21537906 0.46608158 -0.44447805
v -0.19046718 0.39506261 -0.4708382
v -0.24765535 0.532938 -0.4156817
v -0.18401915 0.28357117 -0.52777432
v -0.18981452 0.30869981 -0.52214315
v -0.22182336 0.40215189 -0.48943473
v -0.17524633 0.34460868 -0.51929011
v -0.15866314 0.37584315 -0.48400495
v -0.18111822 0.40366648 -0.50157101
v -0.21704105 0.4625913 -0.47317056
v -0.20810063 0.51979406 -0.43164018
v -0.17553088 0.50762781 -0.472763
v -0.18411332 0.45434571 -0.4573842
v -0.19140533 0.52789863 -0.43467813
v -0.16605775 0.46455811 -0.48835642
v -0.12784183 0.05658256 -0.05502311
v -0.12589295 0.11139123 -0.0110141
v -0.12603699 0.12268497 -0.04941342
v -0.11628411 0.0651746 -0.081437
v -0.12821169 0.08813086 -0.15521183
v -0.15214406 0.13790745 -0.09877632
v -0.12758407 0.13807255 -0.10095698
v -0.15499443 0.15550751 -0.1536385
v -0.12675591 0.1529596 -0.14836238
v -0.15174064 0.11394469 -0.24819095
v -0.11230893 0.106424 -0.21780938
v -0.15292424 0.16744236 -0.1867259
v -0.15214792 0.17925119 -0.22081583
v -0.12777036 0.16623391 -0.18443896
v -0.1417136 0.13105753 -0.30419106
v -0.12551461 0.19344166 -0.26582749
v -0.12872086 0.21126384 -0.31347373
v -0.15764952 0.2230156 -0.34403471
v -0.0989949 0.16565804 -0.42056555
v -0.0558913 0.14918434 -0.36139064
v -0.05243565 0.15901753 -0.39647729
v -0.12680312 0.23612492 -0.38568962
v -0.12509188 0.17532216 -0.4595995
v -0.13889585 0.1836417 -0.4840064
v -0.12908165 0.2477113 -0.4275333
v -0.15182084 0.25599926 -0.45669909
v -0.0966349 0.24037222 -0.39234715
v -0.16827987 0.17663516 -0.51318161
v -0.15102206 0.18389014 -0.50388201
v -0.15219051 0.18114672 -0.5234109
v -0.14536579 0.1883893 -0.52603865
v -0.14769965 0.20369163 -0.51916819
v -0.12045439 0.18563649 -0.50252255
v -0.12464844 0.17962598 -0.52441175
v -0.10940007 0.20740597 -0.52681857
v -0.1148225 0.18502957 -0.53212227
v -0.0933805 0.1832628 -0.5247106
v -0.15469252 0.21380589 -0.52276556
v -0.15069312 0.30004952 -0.49126962
v -0.1268193 0.26752474 -0.48337822
v -0.13397332 0.25602992 -0.46139844
v -0.1268193 0.26752474 -0.48337822
v -0.1214898 0.2788744 -0.49247138
v -0.15142818 0.26606439 -0.5367189
v -0.09253843 0.21787592 -0.53482896
v -0.10559925 0.24504083 -0.54286922
v -0.14843297 0.29578205 -0.53607169
v -0.13225767 0.33272023 -0.49811638
v -0.07891006 0.30971301 -0.50557967
v -0.09526785 0.26979534 -0.54758233
v -0.13255641 0.34488585 -0.5298334
v -0.1104999 0.299253 -0.54319851
v -0.15379269 0.41492966 -0.50597664
v -0.11774603 0.35590304 -0.4984924
v -0.1344479 0.38892041 -0.48744516
v -0.17055936 0.39996957 -0.47556149
v -0.12491316 0.46244989 -0.49839312
v -0.14796859 0.45609575 -0.46585412
v -0.11260976 0.4114503 -0.5156598
v -0.16713387 0.53403796 -0.4396985
v -0.13156109 0.53125049 -0.47625167
v -0.12491316 0.46244989 -0.49839312
v -0.16605775 0.46455811 -0.48835642
v -0.13106962 0.52472317 -0.45086798
v -0.10683732 0.4262654 -0.48283632
v -0.06601256 0.05430779 -0.0454571
v -0.08881153 0.11039016 -0.00437325
v -0.0931368 0.1229325 -0.04699856
v -0.03976512 0.10996416 -0.00512155
v -0.06338011 0.11875972 -0.03710416
v -0.06526429 0.07410812 -0.1073875
v -0.08316755 0.14119861 -0.10744332
v -0.05884825 0.12876826 -0.06666844
v -0.05389267 0.08692164 -0.14896265
v -0.05266608 0.09484552 -0.17373583
v -0.08336297 0.15479228 -0.14803482
v -0.06229695 0.15545717 -0.15177475
v -0.05566127 0.10841333 -0.22008149
v -0.08644677 0.16910286 -0.18892028
v -0.08284162 0.18553204 -0.23993181
v -0.06068228 0.16982109 -0.19318158
v -0.04476772 0.12459921 -0.27964002
v -0.10209747 0.20677647 -0.29975468
v -0.05307138 0.19865707 -0.2782539
v -0.06072496 0.21375892 -0.32261628
v -0.10221741 0.22559611 -0.35322371
v -0.05937309 0.24031792 -0.39612978
v -0.03223607 0.18168494 -0.47550562
v -0.05666275 0.17552229 -0.4586591
v -0.04937673 0.16769753 -0.42574263
v -0.08435663 0.25094009 -0.43663336
v -0.07591327 0.25539405 -0.45963916
v -0.07513456 0.18609401 -0.49541737
v -0.09622376 0.19398887 -0.53401309
v -0.06171954 0.20533302 -0.53408731
v -0.06108114 0.18519249 -0.53956991
v -0.05029626 0.1882404 -0.51724137
v -0.05620955 0.18145736 -0.5360881
v -0.04452323 0.21196138 -0.53589123
v -0.08511623 0.26434452 -0.48083559
v -0.06078992 0.27040756 -0.49220242
v -0.06078992 0.27040756 -0.49220242
v -0.06369636 0.28123856 -0.49968882
v -0.04548603 0.19548173 -0.54022739
v -0.04132378 0.26162843 -0.55307335
v -0.0518164 0.23034768 -0.54436904
v -0.07537609 0.33257039 -0.50731096
v -0.09935012 0.35085999 -0.5344563
v -0.07220402 0.28518664 -0.55048248
v -0.05795384 0.31201629 -0.54804406
v -0.06829734 0.36030996 -0.50432956
v -0.06855681 0.38723008 -0.49833272
v -0.04383545 0.34767527 -0.50965574
v -0.05270846 0.42027706 -0.52107534
v -0.09276752 0.4587598 -0.4755676
v -0.04513872 0.41410338 -0.49414807
v -0.07825503 0.46913238 -0.50363701
v -0.09474257 0.55222839 -0.44957722
v -0.09091207 0.52374477 -0.48496862
v -0.05270846 0.42027706 -0.52107534
v -0.05553783 0.45699839 -0.48228607
v -0.05119566 0.50832789 -0.46757789
v -0.04392867 0.52809884 -0.48785713
v 0.00369979 0.05853142 -0.06078739
v 0.04330057 0.03717312 0.00362349
v 0.02048369 0.1138572 -0.01848139
v -0.02017661 0.12281023 -0.04694946
v -0.0018438 0.07455121 -0.11012549
v -0.01308823 0.12891154 -0.06492841
v -0.01983457 0.13950984 -0.10056988
v 0.00545926 0.0943217 -0.17281301
v -0.01871274 0.16276978 -0.17101328
v -0.00274274 0.15370557 -0.14537344
v 0.00847732 0.10760155 -0.21858945
v -0.00580869 0.11763395 -0.25584001
v -0.0287699 0.1696773 -0.19026118
v -0.00332938 0.17388874 -0.20429919
v -0.00235399 0.19349951 -0.26259877
v 0.02349313 0.15106655 -0.3684432
v 0.01070901 0.12650042 -0.28679297
v -0.00404025 0.20647916 -0.30150657
v -0.01824672 0.21760025 -0.33414798
v 0.00964095 0.16587468 -0.41882904
v -0.03359064 0.23820251 -0.38801219
v 0.00276583 0.23281469 -0.37834154
v -0.00298172 0.23709934 -0.39004167
v 0.01355066 0.17722928 -0.46138874
v -0.00435396 0.25072943 -0.43755129
v -0.01019049 0.25411467 -0.45563421
v -0.03701149 0.18564974 -0.53091211
v 0.00669045 0.18750941 -0.4960931
v 0.0004354 0.18960804 -0.51488116
v 0.04911847 0.18064962 -0.5374696
v 0.03285936 0.18607775 -0.53039284
v -0.01945695 0.26509008 -0.48414202
v 5.607E-05 0.27134848 -0.49418468
v 5.607E-05 0.27134848 -0.49418468
v 0.00674505 0.28722916 -0.50442629
v 0.01864164 0.26456876 -0.48205035
v -0.01907895 0.20574256 -0.53744954
v -0.00961362 0.18192337 -0.54134254
v -0.00219474 0.19378905 -0.54313981
v -0.02859371 0.29458878 -0.55364444
v 0.01301462 0.2454572 -0.5517335
v 0.01787014 0.2221497 -0.54268169
v 0.01221549 0.29286039 -0.55519147
v 0.0339026 0.26650689 -0.5547885
v -0.04267573 0.31262133 -0.50893483
v -0.03927089 0.35683907 -0.54014662
v 0.00613473 0.31520679 -0.51117989
v 0.01768463 0.35405956 -0.54246032
v 0.00928267 0.37878931 -0.50427899
v 0.00945554 0.35954027 -0.50909552
v 0.00437135 0.33840797 -0.51223768
v 0.01496989 0.41204556 -0.52526034
v 0.01768463 0.35405956 -0.54246032
v 0.00939216 0.44589383 -0.4874627
v 0.01420293 0.4024746 -0.49991688
v -0.04151064 0.46190776 -0.50853861
v 0.01451355 0.45560325 -0.51198009
v 0.01796087 0.47024357 -0.5081184
v 0.0084364 0.53095002 -0.48882561
v 0.00900485 0.51297655 -0.468083
v -0.89375007 0.60039204 0.16456347
v -0.89469665 0.61597319 0.1191783
v -0.88309777 0.59408307 0.15334369
v -0.89062428 0.60599216 0.12069028
v -0.89112705 0.64544436 0.17112922
v -0.88904828 0.66139714 0.12867056
v -0.87577093 0.65982824 0.1433019
v -0.89563495 0.65425936 0.10351028
v -0.89447904 0.63700097 0.05407569
v -0.89544511 0.6492333 0.06348047
v -0.88986534 0.63343873 0.03605569
v -0.88264155 0.61832027 0.07750016
v -0.89345372 0.65766049 0.11952426
v -0.89303732 0.67750601 0.04855787
v -0.88866657 0.68310427 0.0570219
v -0.87493855 0.6788104 0.08524426
v -0.89256012 0.65354398 0.02414525
v -0.87394398 0.62635126 0.04257859
v -0.88783437 0.64878953 0.01208687
v -0.88145018 0.69085931 0.02003729
v -0.87929177 0.69136601 0.04992695
v -0.86952698 0.69759475 0.02546567
v -0.86832678 0.67233866 0.00036676
v -0.86764264 0.60949857 0.11236326
v -0.85174114 0.61903098 0.10248165
v -0.84022629 0.62684119 0.10419698
v -0.83872306 0.64599561 0.14283207
v -0.83097494 0.64324118 0.11666253
v -0.83097494 0.64324118 0.11666253
v -0.85844702 0.65486078 0.14502679
v -0.86305898 0.62062409 0.07741324
v -0.84704494 0.63108784 0.05956748
v -0.83143699 0.64055996 0.08110841
v -0.83358979 0.6335686 0.11260184
v -0.8318308 0.65578607 0.09907262
v -0.82668823 0.65258368 0.086898
v -0.82668823 0.65258368 0.086898
v -0.829449 0.66399114 0.08313027
v -0.85353184 0.67433294 0.08258999
v -0.86437827 0.63075734 0.00824748
v -0.84883261 0.62912063 0.02429283
v -0.82510924 0.62526313 0.01399385
v -0.83036113 0.63494411 0.04257664
v -0.81778258 0.64489839 0.06085568
v -0.81052738 0.65767395 0.0643634
v -0.81052738 0.65767395 0.0643634
v -0.81411773 0.66983866 0.06289875
v -0.79377282 0.63395416 0.03619266
v -0.79292744 0.62358219 0.01335385
v -0.86046696 0.69314296 0.04057683
v -0.84402108 0.68488525 0.04950981
v -0.79647291 0.68335103 0.02939582
v -0.79968381 0.62943778 -0.01172803
v -0.83065903 0.62952904 -0.00188886
v -0.87083197 0.64875517 -0.00343336
v -0.86232632 0.69281631 0.00893662
v -0.8530423 0.64155939 -0.00685464
v -0.84503025 0.65599245 -0.00901602
v -0.83502936 0.68376793 -0.0022045
v -0.81269425 0.6770681 -0.00559044
v -0.80603027 0.65720406 -0.01315609
v -0.79966664 0.69003767 0.00941686
v -0.79944837 0.63936552 -0.01583356
v -0.80669194 0.68570245 -0.00029628
v -0.76232082 0.61719403 -2.457E-05
v -0.75555867 0.62050682 0.02040286
v -0.7873618 0.64468293 0.04721695
v -0.79030544 0.67458983 0.04811896
v -0.74894798 0.67462804 0.0318353
v -0.78781205 0.66056673 0.0544049
v -0.78781205 0.66056673 0.0544049
v -0.74403405 0.64871619 0.04188196
v -0.75580704 0.66288529 0.04529075
v -0.73231977 0.63308936 0.03307579
v -0.75580704 0.66288529 0.04529075
v -0.73071569 0.62206815 0.02544511
v -0.75581801 0.61643845 -0.01424749
v -0.76355755 0.62479736 -0.02074157
v -0.7505042 0.66254688 -0.01647645
v -0.75882506 0.68602288 0.00248767
v -0.75172216 0.64321025 -0.02228264
v -0.72381049 0.67017385 -0.01299725
v -0.71907067 0.60800972 0.00481941
v -0.68842763 0.60216581 0.00799908
v -0.66474926 0.58493012 -0.0185892
v -0.66972959 0.60765377 0.0177589
v -0.71263123 0.65776876 0.0400836
v -0.69845158 0.6669569 0.02820137
v -0.69543964 0.6380037 0.03415518
v -0.71263123 0.65776876 0.0400836
v -0.67360729 0.64907268 0.03642554
v -0.67699265 0.6611066 0.02842775
v -0.67360729 0.64907268 0.03642554
v -0.65815228 0.61991067 0.02715317
v -0.72052193 0.61627873 -0.02761622
v -0.71142441 0.60213796 -0.01872221
v -0.68602437 0.59789356 -0.02962456
v -0.70190364 0.67539559 -0.00326418
v -0.72243607 0.65098016 -0.02131671
v -0.67302877 0.66231123 -0.01870694
v -0.62365514 0.51813483 0.10485807
v -0.62994599 0.58345362 0.13936373
v -0.62687361 0.5674422 0.10875918
v -0.62394035 0.53713779 0.09497424
v -0.62961203 0.63443714 0.12448498
v -0.63185287 0.65126561 0.1255146
v -0.67010742 0.68886498 0.15288311
v -0.66824049 0.69226362 0.15749159
v -0.6679374 0.67805498 0.17108186
v -0.66685742 0.68347605 0.14984301
v -0.64594525 0.67466733 0.13454544
v -0.63773739 0.66705388 0.12618569
v -0.63611662 0.67501696 0.15029769
v -0.63185287 0.65126561 0.1255146
v -0.62170398 0.65535461 0.13673835
v -0.62347275 0.61642855 0.07698554
v -0.62395847 0.65745003 0.0661717
v -0.66435009 0.70165193 0.10550061
v -0.66062552 0.70935918 0.10772679
v -0.64999592 0.70982125 0.09719597
v -0.65392768 0.69797955 0.09042453
v -0.65761429 0.70910663 0.08861499
v -0.64151788 0.68966411 0.09019921
v -0.64171195 0.70512973 0.09345859
v -0.63358444 0.69588658 0.09631745
v -0.62785041 0.68914325 0.04990351
v -0.62105453 0.67451132 0.09653455
v -0.62395847 0.65745003 0.0661717
v -0.64362615 0.58397866 -0.00338367
v -0.6256898 0.60128993 0.01604408
v -0.61991584 0.5750584 -0.00633387
v -0.62928063 0.62198379 0.02894544
v -0.63455796 0.65463932 0.0192276
v -0.63166559 0.64404214 0.03027195
v -0.63166559 0.64404214 0.03027195
v -0.62148505 0.65265182 0.03085831
v -0.65432179 0.71456313 0.05141267
v -0.64664197 0.72602622 0.0434546
v -0.64157456 0.72907659 0.00633599
v -0.63346946 0.69837647 0.05032987
v -0.62910873 0.70795896 0.05807156
v -0.63627458 0.7317388 0.02279037
v -0.61994624 0.70935098 0.01089915
v -0.65195233 0.6048095 -0.03466807
v -0.65334165 0.58584299 -0.03396271
v -0.64231628 0.64553072 -0.02613916
v -0.61293989 0.56629976 -0.02292429
v -0.6133526 0.60554806 -0.03655452
v -0.61195409 0.57350777 -0.03679156
v -0.66586381 0.66698193 -0.00528277
v -0.61960769 0.65849553 -0.0016632
v -0.62179267 0.65749052 -0.01771703
v -0.60655731 0.64551116 -0.02853986
v -0.64222533 0.73598186 0.01382088
v -0.62444729 0.74540036 -0.01830037
v -0.64157456 0.72907659 0.00633599
v -0.64222533 0.73598186 0.01382088
v -0.63627458 0.7317388 0.02279037
v -0.62190253 0.71808249 0.02860604
v -0.60778731 0.71690837 -0.0139991
v -0.61994624 0.70935098 0.01089915
v -0.62119323 0.74014432 -0.02923923
v -0.61821014 0.74181815 -0.00897215
v -0.61853635 0.38257192 0.11224028
v -0.61722839 0.4577906 0.08565364
v -0.59227711 0.41811295 0.07909076
v -0.5932101 0.48729359 0.07674055
v -0.62007892 0.49110091 0.09458781
v -0.60099071 0.5115879 0.11816392
v -0.61035591 0.57732065 0.15660555
v -0.6036433 0.55468237 0.12394395
v -0.60783327 0.58609193 0.12601374
v -0.61149108 0.62362217 0.12999686
v -0.61092544 0.417419 0.02590125
v -0.58508557 0.39660386 0.02005819
v -0.58085907 0.42574922 0.01257564
v -0.58484519 0.45060961 0.0338371
v -0.61282498 0.47422187 0.04967655
v -0.60399193 0.45466136 -0.00174487
v -0.58755827 0.4856706 0.0520457
v -0.57927579 0.49077686 0.01532222
v -0.61369979 0.54162486 0.03721502
v -0.60491908 0.47971714 0.00846076
v -0.59419787 0.52970035 0.07270889
v -0.58458602 0.53485292 0.04342172
v -0.61888486 0.60020529 0.04684952
v -0.59962833 0.54091915 0.09325258
v -0.60126239 0.58345609 0.08988213
v -0.5893504 0.56199359 0.05306822
v -0.60994804 0.64484482 0.09898125
v -0.60070944 0.64141349 0.06356608
v -0.60764647 0.66514501 0.06711098
v -0.59125644 0.61226912 0.04537216
v -0.59490538 0.45412912 -0.03976417
v -0.57652938 0.44260361 -0.00587706
v -0.56980395 0.44840084 -0.02525153
v -0.56292748 0.46280141 -0.04075231
v -0.59556651 0.50618686 -0.01985383
v -0.56976581 0.48838211 -0.01494715
v -0.56406569 0.50749947 -0.01812928
v -0.55333006 0.5226123 -0.05026007
v -0.60553151 0.54566166 0.0075392
v -0.6049149 0.55333459 -0.00950381
v -0.58338851 0.51825342 -0.05084213
v -0.57525706 0.55057676 0.0179625
v -0.58288234 0.55565891 0.03387803
v -0.56268102 0.52714079 -0.01725074
v -0.5641669 0.55043032 -0.0063147
v -0.62928063 0.62198379 0.02894544
v -0.6256898 0.60128993 0.01604408
v -0.62133682 0.62898847 0.04231027
v -0.61349159 0.5800826 0.02380497
v -0.61991584 0.5750584 -0.00633387
v -0.5779897 0.62190648 0.01078576
v -0.61746901 0.66541853 0.0325859
v -0.61746901 0.66541853 0.0325859
v -0.62148505 0.65265182 0.03085831
v -0.62148505 0.65265182 0.03085831
v -0.61746901 0.66541853 0.0325859
v -0.59512484 0.66893893 0.03183503
v -0.61518025 0.69142238 0.05510462
v -0.60866153 0.67851865 0.00848581
v -0.60505402 0.69882758 0.02448426
v -0.57845902 0.46860181 -0.07821837
v -0.57077479 0.50489135 -0.08487244
v -0.59630013 0.55078992 -0.04174977
v -0.61293989 0.56629976 -0.02292429
v -0.61195409 0.57350777 -0.03679156
v -0.58906668 0.55619897 -0.05194068
v -0.59540623 0.57734135 -0.04637065
v -0.5698716 0.53770793 -0.07748622
v -0.56954956 0.58359124 -0.06824372
v -0.56534082 0.57359923 -0.02093891
v -0.56173319 0.54980526 -0.08870412
v -0.6133526 0.60554806 -0.03655452
v -0.58827329 0.60369353 -0.04755892
v -0.60655731 0.64551116 -0.02853986
v -0.58060664 0.64633848 -0.04521697
v -0.57275122 0.64574714 -0.01278546
v -0.5779897 0.62190648 0.01078576
v -0.56534082 0.57359923 -0.02093891
v -0.58071744 0.64149443 0.00692744
v -0.56374043 0.61877532 -0.06903602
v -0.55883485 0.59198077 -0.0401231
v -0.54911685 0.61107086 -0.06055097
v -0.55649155 0.65819533 -0.0478773
v -0.60269457 0.66079898 -0.01991826
v -0.60866153 0.67851865 0.00848581
v -0.59078693 0.6700339 -0.02802035
v -0.60164529 0.68762319 -0.01072508
v -0.58014399 0.69499789 -0.04502119
v -0.59078693 0.6700339 -0.02802035
v -0.60164529 0.68762319 -0.01072508
v -0.60505402 0.69882758 0.02448426
v -0.59512484 0.66893893 0.03183503
v -0.58162266 0.68464965 -0.00604052
v -0.59786367 0.72687451 -0.03104098
v -0.56792492 0.65499085 -0.06012738
v -0.56736463 0.68923683 -0.03276917
v -0.62190253 0.71808249 0.02860604
v -0.59984237 0.71607508 0.00188346
v -0.60778731 0.71690837 -0.0139991
v -0.62119323 0.74014432 -0.02923923
v -0.5816232 0.72076343 -0.02705857
v -0.61821014 0.74181815 -0.00897215
v -0.5816232 0.72076343 -0.02705857
v -0.5910567 0.73794288 -0.03253631
v -0.60864037 0.75003894 -0.03050819
v -0.55171907 0.59828466 -0.10564311
v -0.55491275 0.66147558 -0.09217228
v -0.56450599 0.70242846 -0.07632517
v -0.62444729 0.74540036 -0.01830037
v -0.60729378 0.75712768 -0.05310631
v -0.60133862 0.75339051 -0.0666116
v -0.58017325 0.73924546 -0.06378954
v -0.5944953 0.76589161 -0.07184584
v -0.58665693 0.75999882 -0.06772081
v -0.59450263 0.7618911 -0.08327896
v -0.56996089 0.75571856 -0.08161921
v -0.56602269 0.75138422 -0.09416805
v -0.55773854 0.73168815 -0.07667633
v -0.5816232 0.72076343 -0.02705857
v -0.56736463 0.68923683 -0.03276917
v -0.55773854 0.73168815 -0.07667633
v -0.5480774 0.74985596 -0.11822654
v -0.57543045 0.78186486 -0.11113823
v -0.5783022 0.7737739 -0.11622567
v -0.55738622 0.78205435 -0.14579013
v -0.5559268 0.79042867 -0.14063985
v -0.54559541 0.7633041 -0.12975975
v -0.55703163 0.46817793 -0.05658677
v -0.5505957 0.43177112 -0.09521839
v -0.55108136 0.46058814 -0.07955946
v -0.53902185 0.47178579 -0.11113927
v -0.54456776 0.50748864 -0.08231359
v -0.54932106 0.5561236 -0.05860749
v -0.54932106 0.5561236 -0.05860749
v -0.53784132 0.57638912 -0.08758199
v -0.54456776 0.50748864 -0.08231359
v -0.53682435 0.45904913 -0.12481196
v -0.5289889 0.4838954 -0.13489488
v -0.53682435 0.45904913 -0.12481196
v -0.53015625 0.3968758 -0.16292684
v -0.53902185 0.47178579 -0.11113927
v -0.51993763 0.49465188 -0.15052418
v -0.55068862 0.54364009 -0.12385729
v -0.53108388 0.5201929 -0.11801701
v -0.53869468 0.52786094 -0.1593974
v -0.53897583 0.57707443 -0.14482242
v -0.5199514 0.53752603 -0.13889626
v -0.53971827 0.62976707 -0.13214903
v -0.53128368 0.58457469 -0.10315492
v -0.54018986 0.64260274 -0.07968643
v -0.53128368 0.58457469 -0.10315492
v -0.5199514 0.53752603 -0.13889626
v -0.51764274 0.60558486 -0.13208905
v -0.54689139 0.6940587 -0.11047847
v -0.53115731 0.66395924 -0.10105851
v -0.54018986 0.64260274 -0.07968643
v -0.51833689 0.666234 -0.1262117
v -0.54248679 0.73348022 -0.12316199
v -0.55649155 0.65819533 -0.0478773
v -0.54612273 0.71157201 -0.08361443
v -0.52751166 0.71937168 -0.11621223
v -0.51900709 0.49415669 -0.2078789
v -0.4933314 0.48363695 -0.20464076
v -0.5213576 0.54438584 -0.18911761
v -0.51993763 0.49465188 -0.15052418
v -0.50612664 0.53530763 -0.16818619
v -0.49544489 0.5680177 -0.22477777
v -0.50159615 0.60338482 -0.20593575
v -0.49529064 0.54657766 -0.18527439
v -0.52374178 0.61063495 -0.16748941
v -0.5010969 0.5968356 -0.16513786
v -0.53398681 0.70754193 -0.13418603
v -0.52473998 0.67067866 -0.15369432
v -0.5056538 0.66016214 -0.14863156
v -0.53619164 0.73216723 -0.11303976
v -0.51391047 0.72341118 -0.1637968
v -0.52603203 0.75265108 -0.14893868
v -0.51604921 0.70647048 -0.13222969
v -0.50151896 0.68383044 -0.18763526
v -0.5019936 0.73745141 -0.15605263
v -0.49564528 0.71311689 -0.16235204
v -0.48685065 0.67047168 -0.17727901
v -0.54213208 0.74910338 -0.10878242
v -0.54802889 0.78260969 -0.1354245
v -0.53836673 0.76791829 -0.12912966
v -0.54213208 0.74910338 -0.10878242
v -0.51567918 0.7571711 -0.14452859
v -0.53836673 0.76791829 -0.12912966
v -0.51159245 0.77734975 -0.16173745
v -0.49545583 0.74635129 -0.18624219
v -0.54269761 0.78927469 -0.16763281
v -0.52764362 0.80223916 -0.18224818
v -0.51098388 0.77446255 -0.17059303
v -0.5559268 0.79042867 -0.14063985
v -0.54802889 0.78260969 -0.1354245
v -0.51751989 0.80302649 -0.18387025
v -0.52764362 0.80223916 -0.18224818
v -0.52130187 0.79366196 -0.18807359
v -0.52130187 0.79366196 -0.18807359
v -0.5070442 0.79999474 -0.20463329
v -0.50123829 0.79800154 -0.1890665
v -0.51098388 0.77446255 -0.17059303
v -0.49417487 0.80908299 -0.21114783
v -0.49535757 0.77277597 -0.17375904
v -0.48101404 0.7871559 -0.20496106
v -0.46538016 0.50079944 -0.24455171
v -0.46903887 0.54688083 -0.22710021
v -0.47349554 0.58999478 -0.21014757
v -0.47541198 0.63016534 -0.20054619
v -0.47851962 0.72703486 -0.18476844
v -0.4831019 0.54409411 -0.24900612
v -0.44796562 0.46721952 -0.27569953
v -0.43552691 0.56420087 -0.29861914
v -0.46723491 0.56955176 -0.26208125
v -0.4421533 0.53014814 -0.26406049
v -0.45947608 0.59684373 -0.22701611
v -0.48358256 0.62625125 -0.22641204
v -0.46739611 0.62647253 -0.24637161
v -0.42486334 0.62045749 -0.25954708
v -0.42156565 0.5791425 -0.30904906
v -0.48236293 0.69259039 -0.21202336
v -0.47083914 0.68406602 -0.19721683
v -0.46076891 0.70579766 -0.20664771
v -0.43149984 0.69088399 -0.23751927
v -0.45540476 0.68897387 -0.24273167
v -0.43473402 0.65108076 -0.27457127
v -0.42539909 0.64612454 -0.25454696
v -0.46788815 0.75382126 -0.1987519
v -0.48820242 0.75420115 -0.18000684
v -0.4648979 0.73526613 -0.22312409
v -0.46837744 0.76273538 -0.21586075
v -0.4395037 0.72103546 -0.22684291
v -0.43881983 0.76065564 -0.22528691
v -0.47265565 0.77796341 -0.1978276
v -0.48525 0.7974125 -0.20257521
v -0.46837744 0.76273538 -0.21586075
v -0.43801668 0.78940089 -0.23014362
v -0.4366371 0.7390712 -0.25119252
v -0.4648979 0.73526613 -0.22312409
v -0.43926841 0.77598507 -0.24186438
v -0.4366371 0.7390712 -0.25119252
v -0.47802356 0.80855714 -0.23479878
v -0.46790355 0.81880044 -0.23638454
v -0.4411568 0.80308195 -0.24668796
v -0.44425356 0.79261388 -0.23888279
v -0.4384464 0.8174987 -0.25026149
v -0.44774204 0.81750286 -0.26085097
v -0.44260222 0.82513931 -0.26318794
v -0.40834895 0.79893196 -0.25526121
v -0.42519847 0.82121268 -0.27801686
v -0.42485502 0.82264427 -0.26441884
v -0.41360098 0.49555862 -0.30656361
v -0.41756502 0.55502825 -0.28600109
v -0.38910258 0.55783661 -0.31072693
v -0.40227377 0.55201961 -0.33487913
v -0.37264612 0.62122619 -0.30997557
v -0.38207558 0.60396566 -0.33623552
v -0.36409873 0.53238029 -0.34186531
v -0.41978338 0.64503824 -0.29110923
v -0.4036645 0.63026809 -0.27822151
v -0.38004687 0.65728829 -0.32187606
v -0.41712877 0.70519396 -0.27705166
v -0.39837882 0.70709146 -0.26619784
v -0.36593357 0.7045965 -0.29343584
v -0.37170717 0.74068442 -0.28326299
v -0.40241218 0.74927655 -0.25727428
v -0.41880831 0.75562469 -0.26440643
v -0.41712877 0.70519396 -0.27705166
v -0.41875532 0.76999124 -0.24467997
v -0.40367785 0.79400207 -0.27058993
v -0.39646491 0.74699761 -0.28557186
v -0.3747786 0.77585717 -0.27739187
v -0.349886 0.75515755 -0.29599691
v -0.38649082 0.79545961 -0.26959092
v -0.40325367 0.81646449 -0.26938024
v -0.37207282 0.55266861 -0.36014932
v -0.38004687 0.65728829 -0.32187606
v -0.37426224 0.71805897 -0.30969472
v -0.37269878 0.80139824 -0.29207963
v -0.3607491 0.77045584 -0.30762928
v -0.41034484 0.83432339 -0.28475995
v -0.38074252 0.81760217 -0.29191449
v -0.38759017 0.83348163 -0.30861242
v -0.38947731 0.84044105 -0.30203691
v -0.36280611 0.81442639 -0.29012456
v -0.37085247 0.83514033 -0.3016206
v -0.36268467 0.84592038 -0.31718535
v -0.35442057 0.57665906 -0.3374651
v -0.34300789 0.65674189 -0.32280676
v -0.34289774 0.71781749 -0.30702507
v -0.34834251 0.55758417 -0.37666042
v -0.32328829 0.5290346 -0.40170033
v -0.31138542 0.60035337 -0.38629063
v -0.3488431 0.62927244 -0.35345957
v -0.31350505 0.5807409 -0.36451411
v -0.31854394 0.63232294 -0.3459162
v -0.3488431 0.62927244 -0.35345957
v -0.3500379 0.68333481 -0.33683053
v -0.31562322 0.67092874 -0.36181862
v -0.33672145 0.68928056 -0.3177516
v -0.31138542 0.60035337 -0.38629063
v -0.34738868 0.72397424 -0.32751211
v -0.29574043 0.73432794 -0.35610254
v -0.3147288 0.71537981 -0.32523236
v -0.29577005 0.66917858 -0.34912262
v -0.34283876 0.77972058 -0.29842506
v -0.34716269 0.80666167 -0.29671936
v -0.30392581 0.79231623 -0.33790236
v -0.30320826 0.78036143 -0.3217839
v -0.33480921 0.81309162 -0.31592289
v -0.29589739 0.75267228 -0.35194689
v -0.312655 0.80971005 -0.31717207
v -0.32964364 0.83071023 -0.31639373
v -0.32831797 0.82785356 -0.32310965
v -0.35737994 0.83804209 -0.32717621
v -0.28284883 0.82148072 -0.34306078
v -0.34009269 0.85061369 -0.33910209
v -0.31443989 0.8453608 -0.35027913
v -0.32324594 0.85266929 -0.33904263
v -0.28958333 0.83348725 -0.3329978
v -0.30227751 0.85726878 -0.35412586
v -0.27526793 0.83639903 -0.34968971
v -0.26484022 0.84969109 -0.36927641
v -0.28821117 0.54292894 -0.39120801
v -0.2808246 0.60430491 -0.37585591
v -0.28369626 0.54068009 -0.4211471
v -0.28492826 0.60469215 -0.39962289
v -0.25235358 0.57315022 -0.40089502
v -0.24943107 0.63328907 -0.38430275
v -0.28863969 0.66820221 -0.37827136
v -0.25915077 0.66764843 -0.36983879
v -0.28535011 0.72274598 -0.34059895
v -0.2543712 0.73098529 -0.35612196
v -0.28252664 0.80274376 -0.3327959
v -0.26880544 0.77135206 -0.34092554
v -0.2435378 0.56408433 -0.43198326
v -0.2435378 0.56408433 -0.43198326
v -0.23744287 0.63377194 -0.41269362
v -0.24096259 0.69647391 -0.39262139
v -0.24719127 0.73875392 -0.37788144
v -0.28092355 0.78428707 -0.3511209
v -0.24070342 0.79807051 -0.35070921
v -0.25111407 0.81159737 -0.3476881
v -0.23479408 0.73309367 -0.36352695
v -0.22488806 0.77127781 -0.36009267
v -0.23634662 0.80319948 -0.36714219
v -0.28656748 0.8563623 -0.35401183
v -0.27056259 0.83780129 -0.34252696
v -0.28597397 0.85655675 -0.36491781
v -0.26182264 0.82120017 -0.34141232
v -0.25595242 0.86766054 -0.37756165
v -0.24218093 0.86024072 -0.38400427
v -0.24038345 0.85456046 -0.3641608
v -0.23857787 0.82925649 -0.36090586
v -0.22939624 0.83583047 -0.35754501
v -0.23586623 0.86678167 -0.37854577
v -0.22379728 0.51629188 -0.42840138
v -0.22864032 0.58206848 -0.40736066
v -0.22476186 0.68262576 -0.38094406
v -0.21822223 0.54214089 -0.44831505
v -0.21822223 0.54214089 -0.44831505
v -0.20942493 0.62750218 -0.40018571
v -0.17937776 0.62232757 -0.43569786
v -0.19749931 0.63449544 -0.40142979
v -0.17340714 0.57294953 -0.45305956
v -0.21120721 0.68400356 -0.4068811
v -0.2081763 0.73344314 -0.37338343
v -0.17962919 0.68218905 -0.41784296
v -0.17577499 0.69052543 -0.39394981
v -0.18151149 0.61542908 -0.41263973
v -0.22605933 0.7490705 -0.38362983
v -0.17342313 0.74885987 -0.4011806
v -0.20618276 0.8033092 -0.36409323
v -0.21006447 0.82724381 -0.36333548
v -0.1780434 0.80993901 -0.38622183
v -0.21399301 0.83387031 -0.37055964
v -0.18438455 0.78438697 -0.3728686
v -0.18953705 0.75417808 -0.37537654
v -0.2037639 0.84701932 -0.37888461
v -0.18887801 0.84968147 -0.37555782
v -0.18990265 0.86761712 -0.38773174
v -0.16577362 0.81956577 -0.37897115
v -0.1623916 0.83863111 -0.3788525
v -0.16288848 0.83578749 -0.38703535
v -0.2157618 0.87318622 -0.39029654
v -0.19995193 0.85794957 -0.39215162
v -0.19178762 0.86863966 -0.39926787
v -0.17553088 0.50762781 -0.472763
v -0.1573085 0.59254344 -0.42476434
v -0.13095576 0.5723768 -0.46349331
v -0.1422112 0.59758737 -0.42726349
v -0.13876961 0.62663801 -0.44494641
v -0.15937933 0.65139704 -0.40802851
v -0.1412783 0.68556985 -0.40283865
v -0.13897783 0.69284836 -0.42493008
v -0.1092592 0.63271482 -0.42368808
v -0.10303454 0.68055834 -0.41173213
v -0.14848107 0.73759273 -0.38914956
v -0.09469977 0.70718701 -0.4069935
v -0.12107461 0.75172079 -0.39227547
v -0.1204717 0.75004309 -0.4127027
v -0.11411536 0.69174264 -0.42996209
v -0.16160724 0.80130188 -0.37782549
v -0.1358795 0.81180554 -0.38379774
v -0.15140833 0.82032265 -0.3906315
v -0.09727042 0.77345748 -0.41075578
v -0.13361539 0.84122112 -0.38471569
v -0.12464812 0.82378332 -0.38811113
v -0.11171135 0.82110462 -0.39813027
v -0.15647255 0.85959393 -0.38707844
v -0.17054477 0.84903209 -0.38809503
v -0.15349358 0.86752147 -0.40966828
v -0.15494268 0.87585383 -0.40401448
v -0.12937306 0.85276771 -0.39663221
v -0.10174214 0.84347838 -0.3974147
v -0.12388933 0.87588957 -0.41299778
v -0.12493952 0.87474103 -0.40490831
v -0.11747998 0.87248868 -0.41741203
v -0.09870771 0.58264528 -0.46560504
v -0.05404785 0.57794312 -0.44664971
v -0.04703199 0.59082682 -0.4683341
v -0.10304131 0.62762625 -0.45094644
v -0.07655154 0.63342173 -0.42745483
v -0.0568541 0.64163428 -0.45154774
v -0.04521639 0.62630323 -0.43372839
v -0.05918558 0.70296174 -0.41208877
v -0.04994492 0.69962488 -0.43491682
v -0.09045666 0.74324911 -0.39871885
v -0.09837182 0.78839141 -0.39162998
v -0.0646625 0.76858941 -0.39835729
v -0.09456057 0.8159341 -0.39092569
v -0.05972299 0.79006132 -0.39691315
v -0.07115869 0.82713451 -0.39341382
v -0.05541978 0.75295152 -0.41967
v -0.04240286 0.80047431 -0.40944523
v -0.0457071 0.82074354 -0.40520213
v -0.09721865 0.86445747 -0.41416692
v -0.0930897 0.85536635 -0.39253712
v -0.08559014 0.86768395 -0.40175656
v -0.06003302 0.85411869 -0.4043102
v -0.058845 0.87700104 -0.41934905
v -0.05705008 0.87668875 -0.41330292
v -0.05466664 0.87028571 -0.42136988
v -0.04656107 0.84068975 -0.39332162
v -0.04171072 0.84402572 -0.40217962
v -0.02335039 0.85876658 -0.39900541
v -0.02442716 0.87085514 -0.4075687
v -0.02127461 0.58061699 -0.44797436
v 0.00190909 0.56164161 -0.47909245
v 0.01163915 0.56964989 -0.45181052
v 0.00403584 0.62146494 -0.4363539
v 0.00704897 0.6198393 -0.4615596
v -0.03020856 0.68649807 -0.41796321
v 0.00372395 0.68285834 -0.4195791
v -0.01457037 0.75656377 -0.40340518
v -0.00922765 0.80928416 -0.3949841
v -0.00443408 0.77752639 -0.40114001
v -0.02769598 0.65084823 -0.45095976
v 0.01407877 0.64071561 -0.45522625
v 0.00717029 0.70027765 -0.43662031
v 0.01002964 0.75402985 -0.42152377
v -0.01726488 0.82592927 -0.39618635
v 0.00922055 0.82384117 -0.40539145
v -0.04097495 0.87455736 -0.42444984
v 0.0094903 0.85579685 -0.40625984
v -0.03524413 0.8792074 -0.41768358
v -0.02964557 0.87925846 -0.42289068
v -0.00549476 0.8674248 -0.42035974
v 0.03913539 0.87516709 -0.42486097
v 0.0426012 0.87663376 -0.41383089
v 0.03617831 0.879276 -0.42290008
v 0.02468176 0.05652929 0.67695022
v 0.03197994 0.07391775 0.68327324
v 0.05580375 -0.17653822 0.53858481
v 0.06588352 -0.14951033 0.55545891
v 0.06456655 -0.15776342 0.55240782
v 0.07806728 -0.17518672 0.541625
v 0.0501901 -0.1192403 0.59676167
v 0.05219963 -0.09666512 0.61127615
v 0.07508119 -0.14192252 0.56826531
v 0.05003197 -0.05240128 0.63267895
v 0.05878294 -0.07734292 0.62075749
v 0.03811673 -0.03746991 0.64078796
v 0.06753416 -0.05297175 0.59029628
v 0.07636143 -0.03356666 0.60536462
v 0.07824558 -0.06308873 0.57860424
v 0.0826938 -0.07095162 0.56489538
v 0.06797145 0.01207251 0.62794538
v 0.0705009 -0.03971397 0.63751637
v 0.07188512 0.02011227 0.66081825
v 0.06066664 -0.00833817 0.61929901
v 0.07163781 0.05402221 0.67267087
v 0.08162127 0.05256322 0.64232408
v 0.06824779 0.08278537 0.65593683
v 0.07555269 0.07601696 0.6810864
v 0.03750434 0.11576725 0.67059213
v 0.06800416 0.13547658 0.67622434
v 0.02966942 -0.14146318 0.49901268
v 0.07000962 -0.14945596 0.51795797
v 0.08765148 -0.15947975 0.52893605
v 0.11902466 -0.13839773 0.492503
v 0.03235513 -0.07452285 0.55260748
v 0.02846755 -0.06798782 0.51033911
v 0.0858502 -0.07502662 0.55024653
v 0.06284502 -0.07489918 0.54280439
v 0.05432831 -0.06979721 0.51075646
v 0.06258798 -0.05815138 0.48854362
v 0.07189166 -0.1219991 0.44424493
v 0.04336024 -0.04533534 0.45744616
v 0.08851518 -0.04682311 0.45747562
v 0.07291748 -0.10523537 0.40270108
v 0.07919146 -0.08907801 0.36119619
v 0.03174888 -0.03588894 0.43405328
v 0.06053664 -0.0364928 0.43197273
v 0.05837866 -0.01479276 0.36751935
v 0.05501635 -0.07875512 0.33171948
v 0.03847479 0.00435328 0.31219954
v 0.04449525 -0.04982648 0.25367328
v 0.08854203 -0.07396267 0.31831355
v 0.03744275 0.02149169 0.26488037
v 0.0691685 0.01537205 0.27814541
v 0.06313145 -0.00059925 0.32292115
v 0.04264011 -0.03628818 0.21502327
v 0.07178545 -0.02519997 0.18475335
v 0.06728541 -0.0460681 0.24390078
v 0.04837108 0.03714514 0.21936492
v 0.06450117 0.03424134 0.22410348
v 0.09460403 -0.00843039 0.1357419
v 0.06091057 -0.00271314 0.12123207
v 0.03932829 0.05686152 0.16088169
v 0.06464294 0.05314476 0.16752742
v 0.05345948 0.01684445 0.06512432
v 0.03451888 0.07485866 0.1053959
v 0.06012243 0.06940258 0.11830626
v 0.06829773 0.0778104 0.08915528
v 0.03713227 0.10543948 0.00783607
v 0.0628901 0.09442639 0.03844413
v 0.06881227 0.12601155 0.69891841
v 0.09503951 -0.16512164 0.54402541
v 0.09180564 -0.17207412 0.53397916
v 0.11586139 -0.170912 0.53623241
v 0.12377914 -0.14668198 0.54508506
v 0.11337326 -0.12317262 0.58458488
v 0.11335466 -0.10588995 0.59776357
v 0.13339968 -0.13278863 0.56753816
v 0.11394967 -0.08063811 0.61189327
v 0.10435242 -0.05371228 0.62550558
v 0.12051018 -0.03449083 0.59719255
v 0.13678414 -0.05000978 0.58200168
v 0.09654263 0.01635336 0.62459915
v 0.09797119 0.02030401 0.65714543
v 0.12257459 -0.03794912 0.63031715
v 0.11345599 -0.00751947 0.61282436
v 0.14813676 -0.0155071 0.60211494
v 0.1350317 0.02436017 0.65207227
v 0.13267179 0.03484251 0.62762951
v 0.10762945 0.06334522 0.67078359
v 0.1117873 0.08119557 0.65017254
v 0.11311416 0.08141116 0.67722835
v 0.12048544 0.063249 0.64027167
v 0.13610633 0.0747261 0.66957562
v 0.14086156 0.0796252 0.64393635
v 0.11559192 0.110108 0.66115485
v 0.10808499 0.13971114 0.69793557
v 0.12622572 0.13974412 0.66970617
v 0.11559192 0.110108 0.66115485
v 0.06800416 0.13547658 0.67622434
v 0.13739444 0.13479096 0.68988877
v 0.12022989 -0.16964123 0.5299913
v 0.13515392 -0.15511633 0.52052907
v 0.14809315 -0.1657221 0.52378104
v 0.13727297 -0.14527769 0.506743
v 0.10992547 -0.07022451 0.51111386
v 0.10138652 -0.06029417 0.49417386
v 0.13123892 -0.07281563 0.54800091
v 0.13495904 -0.07333681 0.52472541
v 0.1293706 -0.05688216 0.48248787
v 0.13819657 -0.11536993 0.42374151
v 0.14506675 -0.1296017 0.46241194
v 0.09734116 -0.03785767 0.43642627
v 0.11927245 -0.03757115 0.43254172
v 0.18513513 -0.04818874 0.4533625
v 0.12760046 -0.09236394 0.3662466
v 0.09888996 -0.02131157 0.38718824
v 0.14612652 -0.02251313 0.38614406
v 0.14195493 -0.07088616 0.30842959
v 0.10164864 0.00064238 0.32034793
v 0.12874229 -0.00449756 0.33139557
v 0.12489025 -0.05399375 0.26065807
v 0.10839951 -0.04412507 0.23661714
v 0.11549078 0.01571313 0.27717188
v 0.12155627 -0.02639327 0.18723858
v 0.10018755 0.0371618 0.21523014
v 0.11911717 0.02968169 0.23486699
v 0.11474265 0.05823916 0.15072287
v 0.10038588 0.00520723 0.09458714
v 0.13853723 0.01333597 0.07082975
v 0.13176093 -0.00401492 0.12333892
v 0.10026246 0.07205056 0.11359097
v 0.12041962 0.08074722 0.08131845
v 0.1370822 0.07306458 0.10778591
v 0.08676931 0.03969094 -0.00676919
v 0.12171268 0.03521504 0.00677106
v 0.10195539 0.09509603 0.03779558
v 0.21511264 0.09207222 0.04556983
v 0.15966974 -0.15978505 0.5318753
v 0.18046696 -0.09748026 0.58526159
v 0.16595002 -0.07918218 0.60043337
v 0.17535645 -0.11759406 0.570231
v 0.19463018 -0.12270608 0.5571533
v 0.19302329 -0.14123857 0.52781566
v 0.16090934 -0.14393686 0.53677115
v 0.20323531 -0.11446063 0.56327427
v 0.16343366 -0.05146654 0.61345859
v 0.18709402 -0.01728486 0.59062242
v 0.1886003 -0.0484031 0.56529527
v 0.21383514 -0.06971756 0.58877193
v 0.21916398 -0.04472862 0.59766799
v 0.17102462 -0.03159511 0.62151698
v 0.16022862 0.01950179 0.61464903
v 0.17547092 0.02320035 0.64115972
v 0.19301341 0.02104973 0.60619774
v 0.19621925 0.07739707 0.6250742
v 0.17247839 0.07350865 0.65925425
v 0.16568741 0.06733417 0.6318496
v 0.18117857 0.0928306 0.63542437
v 0.20962501 0.0286375 0.63134539
v 0.15514524 0.14134344 0.66222043
v 0.14086156 0.0796252 0.64393635
v 0.17885076 0.13700657 0.67911441
v 0.18117857 0.0928306 0.63542437
v 0.18748483 0.21052437 0.67717475
v 0.22073571 0.07975626 0.64459365
v 0.15696183 -0.16582221 0.52796378
v 0.18422866 -0.14998354 0.50763633
v 0.19490354 -0.13868028 0.4880643
v 0.19016804 -0.1636228 0.51394868
v 0.17864645 -0.06145973 0.49197656
v 0.20622425 -0.07147553 0.5139248
v 0.1953849 -0.06779832 0.50366975
v 0.16326819 -0.06333258 0.5593162
v 0.18883705 -0.07017316 0.53179476
v 0.17616633 -0.11971251 0.43188188
v 0.22384395 -0.13291084 0.46533017
v 0.19288555 -0.08867253 0.3488704
v 0.1882167 -0.03175085 0.4128218
v 0.18090039 -0.0400397 0.43664056
v 0.204477 -0.06465721 0.28559874
v 0.16624627 -0.00583427 0.33569283
v 0.18614873 -0.00570973 0.33335027
v 0.15320025 -0.04785523 0.24355524
v 0.18012579 0.02000329 0.26266194
v 0.18128414 -0.03791319 0.21359382
v 0.18803051 -0.02528191 0.18124297
v 0.16112275 0.03478434 0.22100622
v 0.18286784 0.03185558 0.22773913
v 0.18923238 -0.01164912 0.14189266
v 0.19312409 -0.0048043 0.1232941
v 0.18308707 0.04853906 0.17821469
v 0.19171596 0.01121598 0.07536961
v 0.1833813 0.07879086 0.08465528
v 0.1891268 0.06935596 0.11580251
v 0.16761939 0.0271216 0.02671364
v 0.23599441 0.03463178 0.00203016
v 0.23202865 -0.0901421 0.56996592
v 0.26444194 -0.0678459 0.56732327
v 0.29406536 -0.08810075 0.53996777
v 0.21977378 -0.02745025 0.6059047
v 0.22445768 -0.00014569 0.58434402
v 0.23832271 0.02971001 0.62084496
v 0.28049809 -0.02505953 0.5792614
v 0.22211231 0.04614911 0.60269613
v 0.22397937 0.09939775 0.62066093
v 0.22211231 0.04614911 0.60269613
v 0.19621925 0.07739707 0.6250742
v 0.24731897 0.06981302 0.6306378
v 0.28912699 0.03373036 0.59897493
v 0.20487911 0.15062169 0.64878508
v 0.21668445 0.1704624 0.67691982
v 0.24418682 0.13457671 0.6536354
v 0.20282918 -0.15340293 0.51987506
v 0.2236966 -0.1587261 0.50680473
v 0.22948878 -0.14319186 0.48852024
v 0.22771639 -0.15749847 0.49766032
v 0.24549937 -0.13475114 0.50811172
v 0.24498224 -0.15049557 0.50266527
v 0.2658253 -0.15486125 0.48223253
v 0.25428969 -0.15603662 0.49234216
v 0.24369089 -0.12832998 0.52395435
v 0.25678188 -0.11119211 0.54105915
v 0.21753928 -0.06268368 0.5359201
v 0.25214705 -0.04349457 0.54396657
v 0.24279657 -0.02075483 0.56557835
v 0.25989294 -0.06132517 0.51419133
v 0.25576484 -0.06293974 0.50224423
v 0.25976655 -0.0023314 0.56755426
v 0.25573599 0.05005312 0.58950577
v 0.28790796 0.03993402 0.56879636
v 0.24869497 0.10073859 0.61125837
v 0.24869497 0.10073859 0.61125837
v 0.25780347 0.15056555 0.62589884
v 0.22069059 -0.11524831 0.41890929
v 0.26592383 -0.14024341 0.47296232
v 0.22681497 -0.05748891 0.48107005
v 0.25645229 -0.0486764 0.45044152
v 0.22813913 -0.03957728 0.43687157
v 0.25484258 -0.06056495 0.48666849
v 0.24986237 -0.09387522 0.3553022
v 0.22735874 -0.02128743 0.38032473
v 0.26024339 -0.03722907 0.4275876
v 0.26803556 -0.08120975 0.32019042
v 0.22293091 -0.00223103 0.32380107
v 0.25246218 -0.0205028 0.37414874
v 0.2575312 -0.00770942 0.33406547
v 0.23968275 -0.05120899 0.24761036
v 0.30591714 -0.06647982 0.27692897
v 0.22262201 0.02688021 0.2433655
v 0.25563467 0.00958421 0.28750056
v 0.25742084 -0.03323791 0.19604366
v 0.25374284 0.02933119 0.23168674
v 0.27390078 -0.02009527 0.15565188
v 0.24434082 -0.00660796 0.1227068
v 0.22101051 0.06279886 0.13573011
v 0.25413707 0.05338962 0.15899141
v 0.26878855 -0.00837675 0.12342772
v 0.24328405 0.01449504 0.06174468
v 0.26066631 0.00639196 0.08045287
v 0.22920598 0.07311525 0.10247345
v 0.23969954 0.02458297 0.03050089
v 0.25117424 0.09322816 0.03809073
v 0.25081331 0.07664213 0.08785458
v 0.28834772 0.13337789 0.63304578
v 0.28663817 -0.1273326 0.48808954
v 0.2783004 -0.14862893 0.48431139
v 0.29387793 -0.15052434 0.4673513
v 0.31366265 -0.14368234 0.46384541
v 0.28690988 -0.11169696 0.52111256
v 0.29846278 -0.11946072 0.4961812
v 0.32017353 -0.10024914 0.50763969
v 0.29697913 -0.01219584 0.54071104
v 0.28513134 -0.03648255 0.52854461
v 0.3048324 -0.06439881 0.54790575
v 0.29416174 -0.0531982 0.49541394
v 0.32052252 -0.02852153 0.55439632
v 0.316167 -0.00827444 0.56735725
v 0.31652141 -0.03668208 0.49854697
v 0.34213859 -0.02301396 0.49307548
v 0.29305917 0.00464201 0.55219413
v 0.319253 0.05958177 0.55496353
v 0.31737125 0.04931146 0.58959441
v 0.34776083 0.01803359 0.51745561
v 0.319253 0.05958177 0.55496353
v 0.28790796 0.03993402 0.56879636
v 0.30550396 0.10617637 0.58135117
v 0.29182336 0.13518544 0.60154108
v 0.3070415 0.16621055 0.60368799
v 0.32252058 0.14604332 0.61933775
v 0.27862546 -0.12252929 0.43624657
v 0.30503219 -0.1306684 0.44905459
v 0.31910002 -0.11980371 0.42655094
v 0.32474953 -0.11986596 0.46409327
v 0.33006042 -0.14283044 0.445728
v 0.2942242 -0.05449999 0.47113159
v 0.32137796 -0.05013657 0.45136562
v 0.30790466 -0.03927682 0.4342309
v 0.34608242 -0.04018362 0.45992281
v 0.30067351 -0.11103602 0.39792252
v 0.29951194 -0.09718246 0.35953395
v 0.31829777 -0.11666726 0.41435254
v 0.30434343 -0.02676199 0.39377507
v 0.30825207 -0.01746552 0.36722042
v 0.32954562 -0.07824002 0.30770963
v 0.31188232 -0.00716713 0.33442228
v 0.31267092 -0.05781356 0.25497564
v 0.30587521 0.0089322 0.28903383
v 0.3255448 -0.03542398 0.19589215
v 0.28594014 0.02987011 0.22977827
v 0.31112567 0.0303407 0.22633625
v 0.35267299 -0.01298567 0.12963898
v 0.30481857 0.05547484 0.15079729
v 0.33274382 0.04917995 0.17081958
v 0.3571099 -0.00467635 0.10476493
v 0.30314916 0.01069129 0.06455361
v 0.30328301 0.06698426 0.11685084
v 0.28080767 0.0279218 0.01503235
v 0.37132311 0.00568991 0.07371189
v 0.28187749 0.08458416 0.06396637
v 0.30583388 0.09178686 0.04023061
v 0.3083519 0.07478765 0.08964738
v 0.32815024 0.0875619 0.05507407
v 0.33624816 -0.0687878 0.52329355
v 0.34808174 -0.09606044 0.48849039
v 0.34120968 -0.003973 0.55192152
v 0.38062394 -0.04647243 0.50082787
v 0.36399099 0.01009227 0.54097991
v 0.35296363 0.05286352 0.56672757
v 0.38635817 0.03270845 0.53322446
v 0.37330809 0.06041855 0.55277753
v 0.34249622 0.10146492 0.5911114
v 0.33842692 0.15735409 0.57821042
v 0.36225268 0.16541131 0.59833091
v 0.35311863 0.20912962 0.62035457
v 0.38606921 0.12099059 0.56468086
v 0.38681716 0.20218929 0.59179045
v 0.33993122 -0.13612519 0.44801643
v 0.35461655 -0.14213316 0.42819575
v 0.34064731 -0.12368841 0.42537565
v 0.35505092 -0.11320414 0.44378294
v 0.38430157 -0.12553683 0.41500285
v 0.37623778 -0.11487972 0.39992382
v 0.3853116 -0.13272295 0.40364958
v 0.39280188 -0.10445674 0.41437625
v 0.34151804 -0.11181172 0.46822338
v 0.37809113 -0.07067263 0.48716406
v 0.37898928 -0.09024418 0.46520416
v 0.37703604 -0.10234243 0.44302002
v 0.34274554 -0.0417506 0.44823087
v 0.37523991 -0.0130257 0.46610365
v 0.38062984 0.00984467 0.48331552
v 0.35277507 0.00145214 0.50443087
v 0.38981941 -0.02204 0.43421248
v 0.35955933 0.06115504 0.52543662
v 0.38710967 0.02536281 0.48589378
v 0.38927314 0.07150211 0.50500917
v 0.35445017 0.11010547 0.54842283
v 0.35445017 0.11010547 0.54842283
v 0.38224751 0.11028808 0.52689076
v 0.37682179 0.16692987 0.55269076
v 0.38224751 0.11028808 0.52689076
v 0.38049942 -0.10085647 0.37288129
v 0.34710419 -0.03517492 0.42309336
v 0.36099845 -0.01923725 0.37673812
v 0.36292416 -0.03400374 0.4300391
v 0.38615689 -0.0258782 0.39808224
v 0.40374365 -0.01966279 0.41461926
v 0.38887072 -0.09487715 0.35072371
v 0.38306007 -0.07602392 0.29779564
v 0.36669219 -0.00535827 0.33427331
v 0.38718009 -0.04840836 0.22293189
v 0.42191771 -0.0596939 0.2491496
v 0.36421442 0.02923517 0.23096879
v 0.36962312 0.01693924 0.27041732
v 0.38359615 -0.00067446 0.32437483
v 0.38289413 0.02438792 0.25169244
v 0.3676264 0.06132014 0.13426122
v 0.384027 0.04788866 0.17794589
v 0.36629263 0.07731937 0.08392231
v 0.3832005 0.02703111 0.00929279
v 0.36823416 0.09231081 0.03945828
v 0.39294973 0.0899204 0.05035065
v 0.43588337 -0.05493778 0.43861756
v 0.41888297 -0.07830646 0.43145619
v 0.41745082 -0.09034857 0.41150493
v 0.44049293 -0.06344805 0.42365322
v 0.40700352 -0.04215 0.47798344
v 0.4105379 -0.00161857 0.43884951
v 0.41426176 0.00173438 0.49417055
v 0.44675335 -0.0326543 0.44103665
v 0.43990141 0.01055771 0.47045331
v 0.41920328 0.06811363 0.47364127
v 0.41168615 0.06482274 0.52271009
v 0.42701849 0.02770728 0.49262523
v 0.42609233 0.07112983 0.51082597
v 0.44415903 0.08115894 0.49447011
v 0.41327128 0.13220358 0.54539014
v 0.41920328 0.06811363 0.47364127
v 0.39636642 0.13028612 0.52071955
v 0.43193421 0.13243714 0.52633936
v 0.44469035 0.12467666 0.50898966
v 0.39820758 0.21425838 0.55070887
v 0.44263366 0.16761204 0.48634745
v 0.42877689 0.20825459 0.55625139
v 0.40570688 -0.12433584 0.38266344
v 0.41636181 -0.10206049 0.36050242
v 0.41151273 -0.11913166 0.39024704
v 0.42307043 -0.12124349 0.37290583
v 0.4334332 -0.09093531 0.37404703
v 0.43264082 -0.11517026 0.35427192
v 0.44007498 -0.11221026 0.35868934
v 0.44957346 -0.0681617 0.40265748
v 0.44877124 -0.079527 0.37682831
v 0.42336199 -0.00242333 0.41644882
v 0.42931381 -0.0085593 0.38155916
v 0.43998981 0.0016814 0.38877341
v 0.45013309 0.02401806 0.40825001
v 0.43849304 0.03164596 0.43353555
v 0.44711486 0.07990043 0.44760141
v 0.44127682 0.12218434 0.47164857
v 0.44611663 0.2172797 0.50219637
v 0.42847294 -0.08212889 0.31562672
v 0.45320687 -0.08686006 0.31710249
v 0.45216143 -0.10493095 0.33157134
v 0.40547091 -0.0156823 0.37599243
v 0.43512616 -0.00305763 0.33583246
v 0.45826957 0.00524683 0.3624341
v 0.44738922 -0.07433567 0.2898457
v 0.41145098 0.01921356 0.26886875
v 0.43095553 -0.05502564 0.23727361
v 0.4375523 -0.03915252 0.19146997
v 0.3994751 -0.02168637 0.14934312
v 0.41078821 0.04014413 0.20404745
v 0.45099372 0.02597127 0.25266932
v 0.45172775 0.04099205 0.20506415
v 0.433934 -0.03074627 0.16983565
v 0.4300302 -0.00564861 0.09814595
v 0.43915915 0.05685676 0.15386721
v 0.42408648 0.01136518 0.04995043
v 0.38374943 0.06999571 0.11171023
v 0.43272227 0.07170341 0.109412
v 0.43985495 0.07807741 0.08924202
v 0.47990623 0.07674296 0.1097252
v 0.45717967 0.03815886 -0.03142181
v 0.43223059 0.08740198 0.06204454
v 0.43860224 0.09781313 0.03113943
v 0.44982937 0.00204188 0.45665504
v 0.45346063 0.04593085 0.47178838
v 0.45387465 0.09356682 0.48905434
v 0.45250273 0.1948292 0.52537052
v 0.46191397 -0.07881259 0.33816178
v 0.49176344 -0.03430924 0.37763565
v 0.47838196 -0.06506853 0.34997296
v 0.47375327 -0.01853287 0.41498573
v 0.47886562 0.03590358 0.43759796
v 0.50246865 -0.00870205 0.38026433
v 0.51143384 0.0249385 0.38598959
v 0.46567714 0.03733688 0.39976205
v 0.46826303 0.07292202 0.41569189
v 0.47764596 0.09935706 0.46350035
v 0.5120784 0.07189359 0.40539158
v 0.44127682 0.12218434 0.47164857
v 0.45740613 0.1421711 0.45866554
v 0.48130617 0.15961005 0.43110376
v 0.47233912 0.1499305 0.48704113
v 0.48546496 0.10062283 0.40276551
v 0.51340908 0.16434005 0.43483701
v 0.45740613 0.1421711 0.45866554
v 0.47198644 0.23809366 0.51730625
v 0.47000343 0.21888324 0.47078665
v 0.48787475 0.24585044 0.49860054
v 0.5116775 0.23574278 0.46064922
v 0.46312818 -0.09874685 0.332744
v 0.48308745 -0.0963202 0.29944537
v 0.47249147 -0.09932 0.3053062
v 0.48040205 -0.07406631 0.2800872
v 0.49226984 -0.08275096 0.29403048
v 0.4939934 -0.06419017 0.29499545
v 0.4959285 -0.04527301 0.35491857
v 0.49649298 -0.05916795 0.31392864
v 0.51292306 -0.04105372 0.32273298
v 0.52136165 -0.02149018 0.33572301
v 0.45358169 0.00076367 0.33859515
v 0.46311522 0.01503955 0.37648698
v 0.46687794 0.0066919 0.33327111
v 0.48751867 0.02357979 0.32969887
v 0.48960632 0.04157472 0.35984417
v 0.47890928 0.05017039 0.38764544
v 0.49593714 0.06214456 0.36316928
v 0.50463492 0.09335459 0.36467741
v 0.5024823 0.155088 0.39500587
v 0.51154834 0.12210657 0.42405613
v 0.49008188 0.21412305 0.43866565
v 0.48130617 0.15961005 0.43110376
v 0.50329566 0.16984237 0.39699959
v 0.50298423 0.21434616 0.41608981
v 0.50329566 0.16984237 0.39699959
v 0.46935016 -0.06020697 0.25222991
v 0.49321127 -0.08457458 0.27379995
v 0.50670606 -0.07731358 0.25107216
v 0.50901383 -0.05794535 0.23208571
v 0.50592571 -0.07981029 0.26354864
v 0.51232725 -0.05379514 0.26351804
v 0.46172529 0.01318944 0.29914818
v 0.46591017 0.01851092 0.2781984
v 0.49316996 0.02440515 0.30284376
v 0.4990257 0.03177143 0.26689479
v 0.49853522 -0.03996747 0.19243217
v 0.48599929 0.02963116 0.25452138
v 0.48293558 0.04271298 0.20834362
v 0.50664359 0.0437423 0.2188181
v 0.46439847 -0.01008509 0.10768212
v 0.49253023 -0.02495453 0.14704353
v 0.50847012 -0.0357239 0.18081091
v 0.46715724 0.01086317 0.0470685
v 0.49598035 0.00449376 0.06105208
v 0.49238548 0.08611366 0.081235
v 0.49327952 0.05914268 0.16476267
v 0.51879781 0.07410668 0.12603354
v 0.51851708 0.08687029 0.08108641
v 0.49590737 0.03239058 -0.020882
v 0.49254096 0.09988739 0.03980958
v 0.45924267 0.10812555 0.0095422
v 0.5293563 -0.00035541 0.33795095
v 0.53702968 0.04851313 0.35240176
v 0.5263952 0.0845449 0.38710967
v 0.54032201 0.13007953 0.37850296
v 0.52539366 0.14831761 0.41046938
v 0.54007846 0.1873504 0.396742
v 0.52573669 0.21499553 0.43122841
v 0.51876366 -0.07031021 0.24640574
v 0.53074139 -0.04041042 0.22310798
v 0.52468169 -0.04300947 0.26746768
v 0.53245223 -0.02984085 0.28986998
v 0.54718196 -0.00684393 0.28953497
v 0.55687243 -0.01176198 0.2398136
v 0.56176376 0.01317721 0.26803071
v 0.5196839 0.06654578 0.3115644
v 0.51802284 0.05012083 0.28510282
v 0.53404725 0.07803587 0.28086831
v 0.52249914 0.05022926 0.26300763
v 0.5518564 0.04232759 0.31524273
v 0.57393014 0.08419024 0.28281252
v 0.52255291 0.0944964 0.32673917
v 0.52832484 0.16001981 0.34304371
v 0.53059119 0.13425481 0.3254067
v 0.54316407 0.1077526 0.279537
v 0.55871487 0.1029268 0.33016592
v 0.57550538 0.13434011 0.30159522
v 0.54904532 0.16756898 0.29346892
v 0.56028217 0.16528208 0.34706431
v 0.55966991 0.19294165 0.35809031
v 0.52501959 0.23241871 0.37839858
v 0.52861267 0.18919939 0.35190035
v 0.52501959 0.23241871 0.37839858
v 0.544388 0.19758036 0.31810707
v 0.55001676 0.26332093 0.33035551
v 0.55884421 0.25509429 0.37857031
v 0.52727097 -0.0591825 0.20262581
v 0.52209473 -0.04557586 0.19447192
v 0.53272039 -0.05494482 0.21670933
v 0.54278249 -0.05278817 0.19028543
v 0.54742545 -0.026516 0.17901321
v 0.54326618 -0.04684343 0.16540498
v 0.55058491 -0.04493401 0.16748454
v 0.54503685 -0.02749371 0.21835746
v 0.57519394 0.01791876 0.22302964
v 0.57581896 0.00627194 0.18661579
v 0.51980454 0.04887556 0.2284747
v 0.53838873 0.06688242 0.2193207
v 0.546974 0.08670749 0.24136212
v 0.57659394 0.03921931 0.24382738
v 0.55299371 0.10999446 0.2466165
v 0.56142908 0.14591277 0.23256083
v 0.56068736 0.19015538 0.26560128
v 0.55391049 0.21214137 0.296585
v 0.56100857 0.2444692 0.28726175
v 0.56424135 0.20662406 0.25635612
v 0.56486857 0.27028914 0.2785795
v 0.51576787 -0.00907739 0.10220646
v 0.53409189 -0.03095918 0.15628626
v 0.53200507 -0.01407136 0.11285355
v 0.55643171 -0.03132816 0.11551506
v 0.55076116 -0.01808133 0.1002924
v 0.56058002 -0.03442075 0.13702599
v 0.55602878 -0.01729124 0.15235922
v 0.56529349 -0.00360976 0.11281003
v 0.58182859 0.01126431 0.14901644
v 0.51940149 0.06234095 0.16203946
v 0.53740919 0.07144322 0.16292745
v 0.54520321 0.07665843 0.16960113
v 0.55514497 0.0988636 0.21035213
v 0.55627996 0.09146164 0.16861828
v 0.56320369 0.130727 0.21496439
v 0.56892347 0.12554335 0.18709852
v 0.56455505 0.10900761 0.1538569
v 0.56894296 0.207057 0.24304647
v 0.56950378 0.16771379 0.21948014
v 0.57186276 0.27564266 0.25776247
v 0.51876354 0.00250383 0.07039476
v 0.53436595 -0.00126214 0.07671799
v 0.55425757 0.00046033 0.05130279
v 0.56379879 -0.01847546 0.0745991
v 0.56899559 -0.01597554 0.0977594
v 0.56832796 -0.0210908 0.08848033
v 0.53998065 0.08296147 0.12466814
v 0.5315603 0.08535614 0.09485823
v 0.54963028 0.09208861 0.10512315
v 0.55877042 0.10029036 0.11338636
v 0.56870019 0.11447578 0.11360422
v 0.52571094 0.02342354 0.00891801
v 0.53823262 0.0177692 0.01925891
v 0.53767711 0.04091507 -0.05252279
v 0.55550557 0.01462001 0.00992931
v 0.56739056 0.01586092 -0.02821456
v 0.51810592 0.09966418 0.03835342
v 0.53692603 0.10168159 0.04442955
v 0.55254215 0.10983773 0.04756805
v 0.56751323 0.12426377 0.05318122
v 0.57553267 0.21365542 0.325883
v 0.56919295 0.23910834 0.34725445
v 0.58244044 0.10178403 0.26851702
v 0.5939604 0.09478357 0.22038147
v 0.59247458 0.05476123 0.19421119
v 0.59570628 0.15745867 0.24552364
v 0.58343786 0.17019222 0.29143667
v 0.59444541 0.2176275 0.26766525
v 0.58416182 0.25813955 0.31378307
v 0.59452885 0.2670374 0.28102137
v 0.58149284 0.01549817 0.10394356
v 0.59416282 0.03919414 0.15986164
v 0.59571904 0.03660356 0.11838432
v 0.6036858 0.10339244 0.18239693
v 0.603993 0.07214531 0.14108377
v 0.57664996 0.16819858 0.19366831
v 0.57633823 0.1444469 0.16016445
v 0.6023829 0.12955148 0.20833238
v 0.6046322 0.19388975 0.22525826
v 0.61084592 0.14802764 0.16763695
v 0.61067879 0.19177029 0.19263653
v 0.61037308 0.11122854 0.13784263
v 0.57744598 0.2217175 0.21780683
v 0.58055705 0.18513796 0.17320844
v 0.6104359 0.25419643 0.21166639
v 0.57728875 0.27275439 0.23910516
v 0.60492432 0.27350237 0.24429232
v 0.61173725 0.30411434 0.20807302
v 0.56905246 0.00908834 0.07542541
v 0.57295185 -0.0030013 0.03621869
v 0.57557702 0.00488891 0.03261956
v 0.57305247 0.01884868 0.04553018
v 0.59485829 0.04291359 0.06005612
v 0.60434806 0.06242101 0.09424354
v 0.61112136 0.09750819 0.09754929
v 0.57694393 0.13361419 0.11257989
v 0.58452338 0.16622415 0.1158707
v 0.61330134 0.14950996 0.1470397
v 0.61472994 0.20567101 0.16689724
v 0.61737639 0.16228186 0.10687307
v 0.58493388 0.19075852 0.14981494
v 0.58421201 0.24885512 0.19094544
v 0.58939797 0.24313622 0.14015556
v 0.61491925 0.24532123 0.17528935
v 0.61919475 0.2178739 0.13021466
v 0.61929768 0.26357142 0.13814961
v 0.5918833 0.27962398 0.13118511
v 0.59164035 0.31254288 0.15892747
v 0.61663604 0.32017085 0.15620651
v 0.57400465 0.0392301 -0.01738381
v 0.57588643 0.02481629 -0.02666595
v 0.58748478 0.03954152 0.03039439
v 0.59498101 0.06080767 0.00121769
v 0.60331297 0.06321566 0.04855527
v 0.60475516 0.07889932 0.01301738
v 0.61176443 0.09938579 0.06098997
v 0.57758725 0.1441626 0.05083121
v 0.61762607 0.15226137 0.06813269
v 0.61216682 0.11385188 0.02561243
v 0.58509439 0.16698263 0.06911041
v 0.5910818 0.22974813 0.0788166
v 0.62008202 0.19352825 0.07718838
v 0.59351552 0.26110827 0.09559147
v 0.62119234 0.27071037 0.09492004
v 0.62119824 0.22346547 0.07034555
v 0.6208908 0.27540966 0.0753795
v 0.5951516 0.32434746 0.11864966
v 0.6185506 0.33081969 0.11490588
v 0.01574985 0.19571991 0.72638307
v 0.06714781 0.17794169 0.71676619
v 0.03550878 0.23261736 0.73792269
v 0.07174435 0.23202046 0.73474346
v 0.05304208 0.28636153 0.75666408
v 0.05778676 0.31919304 0.76873282
v 0.04723444 0.35404801 0.78195203
v 0.054903 0.38976144 0.79644552
v 0.0614331 0.42071251 0.80920932
v 0.03739791 0.44588062 0.83078704
v 0.05049989 0.44907164 0.84467853
v 0.06242371 0.46077932 0.85216328
v 0.06960408 0.45782262 0.85643277
v 0.05693383 0.43734306 0.80626673
v 0.0910212 0.46240259 0.84771009
v 0.07657648 0.44291379 0.82145571
v 0.09889869 0.4469624 0.80986646
v 0.07397147 0.45301551 0.85485183
v 0.11320023 0.45282744 0.83025783
v 0.09046455 0.45311714 0.84914845
v 0.03185344 0.18105428 0.69396376
v 0.03185344 0.18105428 0.69396376
v 0.07683195 0.18515717 0.69381965
v 0.03134824 0.24385576 0.71797585
v 0.03636774 0.26766037 0.72891734
v 0.06841323 0.24273139 0.71587181
v 0.05814305 0.28505776 0.73416384
v 0.03793041 0.34529559 0.75885595
v 0.0481327 0.37045779 0.77077435
v 0.06566454 0.36525226 0.76444717
v 0.0383761 0.3966543 0.78351275
v 0.06836428 0.41879932 0.79219086
v 0.07838397 0.35342887 0.77872926
v 0.12897184 0.35189752 0.76927229
v 0.10573528 0.42449877 0.80395594
v 0.13240616 0.38679535 0.78341157
v 0.13909136 0.43205681 0.80096038
v 0.08729582 0.45803497 0.82902423
v 0.09398992 0.43151157 0.80307655
v 0.12102698 0.45616675 0.815492
v 0.12435904 0.45499586 0.84351175
v 0.11331175 0.44923486 0.8202097
v 0.11807096 0.46202558 0.84790444
v 0.12736775 0.46485131 0.83721981
v 0.14808056 0.44841553 0.80925357
v 0.10789301 0.20279783 0.69443712
v 0.13238648 0.22884378 0.72290449
v 0.12865898 0.17791393 0.68196668
v 0.09234043 0.23248067 0.70944056
v 0.10220562 0.23590565 0.73139777
v 0.12120851 0.29661888 0.74940132
v 0.10682966 0.28187213 0.72548576
v 0.08844744 0.31360378 0.73973809
v 0.11757376 0.31080264 0.7338996
v 0.13323534 0.22734644 0.69932238
v 0.0832462 0.35243494 0.75665213
v 0.10986658 0.42589398 0.79162908
v 0.12348741 0.41171811 0.77912245
v 0.13660082 0.37589656 0.75678006
v 0.14061716 0.42592089 0.78401049
v 0.13931796 0.44594764 0.79980884
v 0.15006801 0.46279031 0.84422129
v 0.16980667 0.45884775 0.83428863
v 0.16542451 0.46683111 0.82760894
v 0.1630491 0.45855276 0.80721686
v 0.17072262 0.46521668 0.83631878
v 0.17915665 0.45790915 0.81650157
v 0.20816927 0.4588696 0.80087549
v 0.19869201 0.46782954 0.80967213
v 0.20853584 0.47225774 0.82580083
v 0.16677532 0.23803581 0.69444014
v 0.17842129 0.19459608 0.69897489
v 0.17345928 0.2463971 0.71842875
v 0.18084121 0.28667602 0.70850954
v 0.20296207 0.24870398 0.70987187
v 0.22648868 0.24647288 0.70039491
v 0.15306276 0.29688938 0.74217582
v 0.14533253 0.27985109 0.71630479
v 0.15241081 0.3185468 0.72884479
v 0.19598953 0.30600628 0.73377342
v 0.183798 0.31433756 0.71759807
v 0.16202813 0.37504918 0.74900745
v 0.17045088 0.36227404 0.76314977
v 0.19487117 0.42647271 0.76522598
v 0.18949777 0.37903715 0.74195539
v 0.2063193 0.36554784 0.7536265
v 0.16725411 0.42604712 0.77491318
v 0.18897298 0.42560403 0.78433747
v 0.17460164 0.43645084 0.78216118
v 0.21239839 0.37996218 0.75799064
v 0.182174 0.45239167 0.78994007
v 0.18738613 0.44580749 0.79571486
v 0.21778885 0.46365711 0.82120335
v 0.23797768 0.47130788 0.81869261
v 0.26492482 0.47861334 0.80475376
v 0.2122179 0.22899732 0.67493768
v 0.23215654 0.22030936 0.66340369
v 0.25195476 0.19027693 0.66959574
v 0.25208387 0.25617058 0.69385391
v 0.28537983 0.19455968 0.65559916
v 0.23315538 0.29592007 0.7166353
v 0.22014526 0.27784182 0.69058781
v 0.20405793 0.31094484 0.70903533
v 0.22914028 0.32100304 0.70318251
v 0.24868362 0.31016742 0.69138058
v 0.25649869 0.31255605 0.71298848
v 0.2416521 0.37973321 0.72138226
v 0.21391045 0.37600851 0.73142937
v 0.25416788 0.37619702 0.73953627
v 0.26098177 0.39660849 0.72195068
v 0.21955484 0.43104736 0.75782605
v 0.22838588 0.42871744 0.77167608
v 0.22747995 0.44301895 0.76481289
v 0.25550166 0.43662437 0.74451503
v 0.25422654 0.43505499 0.7631599
v 0.25705299 0.45339928 0.75671639
v 0.21388097 0.45926928 0.78139496
v 0.23506683 0.45350986 0.78298942
v 0.25133172 0.46275527 0.78400685
v 0.25803587 0.46737023 0.77002533
v 0.28389418 0.47247712 0.79883478
v 0.26349992 0.47638289 0.78998831
v 0.25049645 0.20123792 0.64867845
v 0.2890293 0.2579664 0.67675486
v 0.29096082 0.32197185 0.69982508
v 0.32103178 0.38554659 0.70941496
v 0.2858142 0.3959797 0.73225058
v 0.31842768 0.43428168 0.73024636
v 0.28704002 0.46007256 0.74726995
v 0.29656535 0.46124487 0.75588426
v 0.30811167 0.46884018 0.74095596
v 0.29275563 0.46858983 0.76630901
v 0.31119674 0.48569478 0.78700546
v 0.32336196 0.47903189 0.77844476
v 0.30726624 0.48325293 0.76952717
v 0.33038917 0.47414881 0.73037539
v 0.34160286 0.47629501 0.74069349
v 0.27523842 0.19961106 0.63577394
v 0.30245867 0.20679037 0.62218419
v 0.3194508 0.20331393 0.64104656
v 0.29954997 0.25443916 0.64403241
v 0.33127287 0.22606484 0.60986266
v 0.26520559 0.26369077 0.66645815
v 0.30421248 0.28651571 0.65411677
v 0.32528371 0.26860815 0.66130893
v 0.2874549 0.32463186 0.67857213
v 0.3180654 0.3215532 0.68529009
v 0.30707195 0.33950322 0.67311037
v 0.33915332 0.3173044 0.64032403
v 0.27613997 0.38062283 0.70711242
v 0.30090278 0.38363715 0.69524758
v 0.33597368 0.38844366 0.67275769
v 0.28933001 0.43846599 0.72840806
v 0.30954763 0.44360454 0.71961663
v 0.31402192 0.45323035 0.72667393
v 0.33324036 0.45902201 0.73192261
v 0.33196694 0.48970653 0.77289269
v 0.36746746 0.48606253 0.75005257
v 0.34625769 0.4890907 0.75150025
v 0.36506683 0.49176312 0.7600789
v 0.39195177 0.49176195 0.73661097
v 0.37488365 0.22782168 0.57694331
v 0.34204307 0.2712252 0.61974288
v 0.3538385 0.26513373 0.64015397
v 0.36697859 0.33212081 0.65528655
v 0.38071144 0.30296888 0.63213553
v 0.34225467 0.32534724 0.67108874
v 0.33860004 0.35244524 0.65596199
v 0.35466182 0.38212527 0.68498482
v 0.37712401 0.40184495 0.64740631
v 0.34758669 0.43733684 0.68912075
v 0.3795056 0.3518787 0.62447168
v 0.34153011 0.45966224 0.71360624
v 0.3563453 0.40542488 0.69386265
v 0.35854304 0.43811076 0.70504577
v 0.37716955 0.46538009 0.68571771
v 0.36364093 0.46506147 0.71341913
v 0.37709793 0.45307787 0.67482222
v 0.39782351 0.42947771 0.66872937
v 0.35898861 0.48073797 0.71374771
v 0.38081905 0.49707924 0.7403343
v 0.38321391 0.49521127 0.7218904
v 0.38238898 0.48414959 0.71267081
v 0.3982735 0.4711645 0.68712054
v 0.40218142 0.48961987 0.68429554
v 0.38537085 0.26892131 0.58429152
v 0.37741545 0.32928293 0.61566767
v 0.38954169 0.27571789 0.61571879
v 0.39526203 0.34025091 0.63554998
v 0.40166846 0.50176833 0.73315331
v 0.41497305 0.4930216 0.69312385
v 0.41285828 0.49784598 0.72602437
v 0.40684721 0.50227451 0.7160623
v 0.42596114 0.48521863 0.66937451
v 0.43962139 0.50261874 0.70396808
v 0.44023192 0.51170742 0.70376585
v 0.43646926 0.5072397 0.67767615
v 0.40917963 0.22453947 0.580781
v 0.42691544 0.23387599 0.56656799
v 0.44501486 0.24243114 0.54848903
v 0.41753387 0.28578645 0.5944276
v 0.41774973 0.2956354 0.56097734
v 0.3991881 0.32157919 0.59256589
v 0.44686258 0.29661292 0.56539028
v 0.42698646 0.34177209 0.60631113
v 0.4098677 0.36147128 0.5991051
v 0.42450756 0.38017243 0.59032275
v 0.45773932 0.35208009 0.57617216
v 0.40044701 0.39793464 0.62489058
v 0.42349938 0.37539916 0.6240388
v 0.41337875 0.42161381 0.62392437
v 0.43322378 0.42094648 0.60059863
v 0.43860969 0.38098635 0.57629152
v 0.40332183 0.4638064 0.65836914
v 0.42163557 0.47772529 0.65790231
v 0.42738846 0.45467558 0.65238003
v 0.4362092 0.47080641 0.62669928
v 0.46073335 0.48707036 0.63137791
v 0.46362013 0.42451289 0.59893724
v 0.4218761 0.49241799 0.66677933
v 0.44820368 0.50049096 0.63785121
v 0.4580828 0.50568525 0.6514873
v 0.44229525 0.28338439 0.53133335
v 0.43911636 0.327041 0.55283198
v 0.45062655 0.47355116 0.61233239
v 0.44991893 0.50698467 0.69157321
v 0.45666239 0.2384114 0.53546685
v 0.4668822 0.29881121 0.54414987
v 0.46706158 0.46301025 0.61123629
v 0.45786536 0.51653085 0.67742317
v 0.47909546 0.51913041 0.63096991
v 0.4744029 0.51387943 0.67588091
v 0.46666297 0.50248462 0.62032534
v 0.49570975 0.50948731 0.60014439
v 0.49051967 0.52793536 0.64859431
v 0.49862906 0.52045117 0.64847977
v 0.50378197 0.52309527 0.60814597
v 0.49811178 0.5282265 0.65266626
v 0.52459371 0.53936713 0.62040242
v 0.45954791 0.28302603 0.51071895
v 0.48434803 0.2893357 0.47741893
v 0.46400672 0.31121174 0.51604041
v 0.4897756 0.31069148 0.51788219
v 0.46098661 0.38068531 0.5488761
v 0.47001913 0.35090222 0.5230419
v 0.47608721 0.36623804 0.55984105
v 0.49061537 0.36017431 0.49532144
v 0.48978072 0.37478543 0.54422234
v 0.51592702 0.33348469 0.48698706
v 0.45390189 0.4279682 0.58042468
v 0.47267881 0.42987202 0.55547692
v 0.47845927 0.46564264 0.56975045
v 0.48971087 0.44526199 0.57444325
v 0.48844466 0.47263932 0.58911953
v 0.49848303 0.40673278 0.50435694
v 0.50842261 0.3841606 0.51944905
v 0.51366132 0.46634077 0.54677233
v 0.4868716 0.49429124 0.5798476
v 0.50092095 0.49987042 0.56096271
v 0.4972935 0.47946528 0.5499849
v 0.52285063 0.51439529 0.56054632
v 0.49262062 0.51448069 0.59236773
v 0.50126928 0.52436811 0.6040914
v 0.50604367 0.52651228 0.58978977
v 0.50126928 0.52436811 0.6040914
v 0.51086199 0.53387999 0.60891814
v 0.50604367 0.52651228 0.58978977
v 0.51473325 0.52461 0.56606545
v 0.4975535 0.27282063 0.44967119
v 0.50274599 0.30810851 0.45289912
v 0.50623065 0.34786382 0.46206977
v 0.50702292 0.45264487 0.51483662
v 0.51780701 0.47955551 0.51342394
v 0.53539461 0.53576197 0.60737439
v 0.50378197 0.52309527 0.60814597
v 0.51735467 0.52749007 0.58911781
v 0.51735467 0.52749007 0.58911781
v 0.50604367 0.52651228 0.58978977
v 0.50378197 0.52309527 0.60814597
v 0.51086199 0.53387999 0.60891814
v 0.53786176 0.54444312 0.57856422
v 0.52911204 0.53282869 0.56972011
v 0.52459371 0.53936713 0.62040242
v 0.55141139 0.55141125 0.5849402
v 0.55376387 0.54296048 0.58403745
v 0.53539461 0.53576197 0.60737439
v 0.52459371 0.53936713 0.62040242
v 0.55141139 0.55141125 0.5849402
v 0.52349812 0.302089 0.40597229
v 0.52003068 0.28956678 0.46530239
v 0.53955418 0.2928225 0.4319026
v 0.53757 0.34075692 0.44974406
v 0.5287205 0.37928316 0.48182976
v 0.51781547 0.39648572 0.46061015
v 0.52156603 0.42680243 0.51606238
v 0.53798652 0.4033088 0.47235132
v 0.52527785 0.47045786 0.48741497
v 0.54153854 0.46431733 0.49360605
v 0.55560917 0.43176536 0.43376188
v 0.55825841 0.47893396 0.45228547
v 0.53021103 0.51209848 0.51769375
v 0.52875859 0.48256307 0.53008612
v 0.53937733 0.52606237 0.54079351
v 0.54944295 0.50411842 0.50246944
v 0.55624717 0.53207687 0.50954214
v 0.53420085 0.52067487 0.5251966
v 0.54296219 0.54348279 0.54658357
v 0.53821129 0.53520576 0.53118041
v 0.55280113 0.54371671 0.53938895
v 0.58232641 0.55711017 0.54079461
v 0.56823528 0.56169694 0.55221733
v 0.56646258 0.55145791 0.48478948
v 0.58218646 0.5674874 0.50812324
v 0.52633238 0.2846024 0.39505979
v 0.54534775 0.29502607 0.3537664
v 0.55001676 0.26332093 0.33035551
v 0.55656523 0.314772 0.400221
v 0.56605363 0.34650582 0.38408549
v 0.52964628 0.36532544 0.41582839
v 0.53839093 0.31172711 0.37364882
v 0.54317909 0.37074942 0.3842292
v 0.52835506 0.41807877 0.4453521
v 0.5371545 0.42412114 0.4229674
v 0.5489167 0.38405983 0.43394476
v 0.55312687 0.42925113 0.39090927
v 0.56074274 0.40522904 0.40394543
v 0.56793064 0.37985223 0.38451914
v 0.54167581 0.48078694 0.44884951
v 0.54988331 0.48244919 0.42887544
v 0.56249261 0.44660674 0.41784138
v 0.56627291 0.48648012 0.43290509
v 0.56126404 0.5235804 0.44319631
v 0.55585003 0.53387636 0.4848263
v 0.57543451 0.54224341 0.43016144
v 0.57195783 0.50473831 0.43678353
v 0.57334155 0.5462029 0.48285285
v 0.55192721 0.32556604 0.34473682
v 0.5608868 0.3057384 0.31109904
v 0.5608868 0.3057384 0.31109904
v 0.5642578 0.35811869 0.31133509
v 0.55343765 0.38907077 0.36439953
v 0.56050223 0.37738395 0.33477459
v 0.56603205 0.32474744 0.29448185
v 0.56085491 0.43080326 0.36518959
v 0.5673371 0.44085589 0.33760145
v 0.56962216 0.40349015 0.3135111
v 0.56771946 0.49921021 0.40320159
v 0.56822246 0.45973013 0.37009395
v 0.57762229 0.52357983 0.39882849
v 0.56603205 0.32474744 0.29448185
v 0.57707345 0.56158411 0.55113764
v 0.57707345 0.56158411 0.55113764
v 0.59711498 0.57670992 0.50657463
v 0.58232641 0.55711017 0.54079461
v 0.57621109 0.36984345 0.36709603
v 0.58288461 0.47138052 0.41071405
v 0.58502924 0.54640178 0.44945342
v 0.58543819 0.50723058 0.4205537
v 0.58986324 0.5633429 0.47658433
v 0.57799989 0.56138359 0.46222922
v 0.59706539 0.56271846 0.44326487
v 0.60830593 0.57294444 0.49087093
v 0.60830593 0.57294444 0.49087093
v 0.61737794 0.58975462 0.47043102
v 0.59958726 0.57826012 0.4431652
v 0.62315387 0.58046496 0.4566772
v 0.60830593 0.57294444 0.49087093
v 0.58986324 0.5633429 0.47658433
v 0.62315387 0.58046496 0.4566772
v 0.62371486 0.5914583 0.4491096
v 0.58226222 0.30924236 0.3331624
v 0.58291256 0.36260587 0.34731433
v 0.59311229 0.38435779 0.32260713
v 0.59073329 0.39789652 0.34447214
v 0.59646869 0.34515103 0.29587066
v 0.59572613 0.43473822 0.38115601
v 0.58084583 0.38711389 0.36690604
v 0.59980065 0.43728955 0.36410714
v 0.60156471 0.45215799 0.33926681
v 0.57693464 0.5046321 0.37220433
v 0.5718177 0.46320679 0.34245408
v 0.59977931 0.483009 0.40646411
v 0.60509509 0.45401385 0.39072738
v 0.62285566 0.49225531 0.4077201
v 0.59977931 0.483009 0.40646411
v 0.60509509 0.45401385 0.39072738
v 0.62290639 0.44414731 0.38115949
v 0.61599392 0.44657092 0.36841499
v 0.62040633 0.46325738 0.35717845
v 0.60517085 0.50358763 0.40995
v 0.59538066 0.53568609 0.41744142
v 0.58419001 0.54865444 0.41375507
v 0.58871597 0.53153419 0.35493588
v 0.60517085 0.50358763 0.40995
v 0.60251355 0.52361962 0.4066572
v 0.60662758 0.54608145 0.39597852
v 0.59538066 0.53568609 0.41744142
v 0.60251355 0.52361962 0.4066572
v 0.61423725 0.53338822 0.39055107
v 0.61596262 0.54111561 0.36868817
v 0.60517085 0.50358763 0.40995
v 0.63035452 0.52239986 0.40511344
v 0.62928528 0.52836969 0.39527871
v 0.63081115 0.53188342 0.37318129
v 0.65657258 0.51205805 0.41209754
v 0.65657258 0.51205805 0.41209754
v 0.59181786 0.56956648 0.42834815
v 0.60793602 0.58064433 0.38913405
v 0.60066158 0.56521801 0.38029101
v 0.62077785 0.58071232 0.42545502
v 0.59706539 0.56271846 0.44326487
v 0.61292422 0.57295834 0.41442932
v 0.61292422 0.57295834 0.41442932
v 0.60662758 0.54608145 0.39597852
v 0.61499107 0.55748793 0.36361321
v 0.63134068 0.58862496 0.35734167
v 0.61994529 0.59186025 0.40174733
v 0.62077785 0.58071232 0.42545502
v 0.63520777 0.59641878 0.37784883
v 0.63816154 0.59986289 0.42230825
v 0.57533967 0.34497095 0.26951003
v 0.57757187 0.32406671 0.25630014
v 0.60457569 0.35396788 0.26583653
v 0.57833713 0.38260515 0.27810863
v 0.57533967 0.34497095 0.26951003
v 0.57833713 0.38260515 0.27810863
v 0.58642727 0.37565455 0.22742041
v 0.58671463 0.4566895 0.28396676
v 0.59068608 0.39615742 0.21659744
v 0.5839293 0.42419857 0.28155609
v 0.60576552 0.39886017 0.28045411
v 0.61217308 0.35801041 0.21990088
v 0.57798773 0.45877605 0.31278233
v 0.60143769 0.41860655 0.31095704
v 0.60252404 0.46091544 0.32521798
v 0.61407584 0.45569591 0.29344056
v 0.61808902 0.47646119 0.298715
v 0.59116447 0.51413307 0.31499011
v 0.60313898 0.52497163 0.26617037
v 0.6114819 0.49378069 0.34085647
v 0.61345786 0.50088984 0.32652271
v 0.61718547 0.53085983 0.34404829
v 0.6220997 0.52375763 0.31554076
v 0.63329279 0.4930602 0.35262498
v 0.59969372 0.56024957 0.36109773
v 0.60154438 0.54315751 0.30401488
v 0.60154438 0.54315751 0.30401488
v 0.59969372 0.56024957 0.36109773
v 0.61209339 0.57760396 0.33442006
v 0.61596262 0.54111561 0.36868817
v 0.61499107 0.55748793 0.36361321
v 0.61596262 0.54111561 0.36868817
v 0.62633854 0.52432891 0.35790311
v 0.62696904 0.55454497 0.32799901
v 0.62377346 0.53473549 0.32554859
v 0.63134068 0.58862496 0.35734167
v 0.62633854 0.52432891 0.35790311
v 0.60793602 0.58064433 0.38913405
v 0.62367201 0.59858674 0.35812956
v 0.61994529 0.59186025 0.40174733
v 0.58479238 0.32288023 0.21646481
v 0.59290475 0.38140524 0.18966392
v 0.59068608 0.39615742 0.21659744
v 0.59453803 0.42077712 0.20260629
v 0.61380118 0.40495695 0.23751976
v 0.61778247 0.41212106 0.20287291
v 0.59604758 0.46588364 0.24931408
v 0.60020208 0.48077704 0.24949909
v 0.59453803 0.42077712 0.20260629
v 0.60339236 0.48905484 0.23451668
v 0.61346298 0.42699489 0.26677841
v 0.62487376 0.48080058 0.25559949
v 0.6265924 0.47764681 0.22036933
v 0.63248283 0.5044168 0.21598874
v 0.60313898 0.52497163 0.26617037
v 0.61228102 0.56237644 0.26712315
v 0.60339236 0.48905484 0.23451668
v 0.60769385 0.53324765 0.24205431
v 0.63062859 0.52345103 0.26207955
v 0.63138622 0.54435806 0.26868787
v 0.61810261 0.58535366 0.27921886
v 0.62738866 0.5994209 0.29087236
v 0.62927127 0.60632787 0.3121068
v 0.62185401 0.59728775 0.26191326
v 0.63413811 0.56631358 0.2856108
v 0.59410691 0.378582 0.16494407
v 0.59714246 0.37566041 0.13259339
v 0.59710121 0.39678247 0.141829
v 0.61712497 0.36247408 0.1590934
v 0.61825639 0.37289997 0.12409774
v 0.60035247 0.45310594 0.16213385
v 0.62095875 0.43170198 0.16029254
v 0.62718242 0.47857657 0.19133074
v 0.60339236 0.48905484 0.23451668
v 0.60646629 0.50482358 0.17818798
v 0.62016875 0.44135033 0.11947548
v 0.62728322 0.49552036 0.14995803
v 0.60987765 0.5531337 0.18577981
v 0.60646629 0.50482358 0.17818798
v 0.615008 0.5821156 0.19952894
v 0.60595268 0.55380068 0.1463749
v 0.60279793 0.52199399 0.11798081
v 0.63208431 0.52495947 0.14348303
v 0.62280643 0.60896866 0.22018467
v 0.62290639 0.44414731 0.38115949
v 0.66978848 0.46914378 0.39545706
v 0.65888059 0.45914449 0.37128961
v 0.61599392 0.44657092 0.36841499
v 0.62040633 0.46325738 0.35717845
v 0.66157353 0.45518899 0.38574547
v 0.65745771 0.47994669 0.35528567
v 0.70054686 0.47061224 0.3847719
v 0.70042431 0.4722003 0.39365363
v 0.68587327 0.48260808 0.36378843
v 0.68858564 0.49044239 0.35173995
v 0.7001456 0.4852473 0.40072612
v 0.66069984 0.52782855 0.40918872
v 0.65538758 0.53468383 0.39624665
v 0.67622876 0.54440255 0.37335797
v 0.68201351 0.54275411 0.40275185
v 0.70679653 0.53648107 0.41269998
v 0.64434934 0.59484298 0.4271063
v 0.64434934 0.59484298 0.4271063
v 0.62315387 0.58046496 0.4566772
v 0.65245068 0.60373464 0.39017982
v 0.63816154 0.59986289 0.42230825
v 0.64756703 0.60427645 0.407053
v 0.63329279 0.4930602 0.35262498
v 0.6683383 0.50068772 0.34949373
v 0.6683383 0.50068772 0.34949373
v 0.63329279 0.4930602 0.35262498
v 0.64501005 0.51834718 0.35698839
v 0.68112195 0.51408405 0.3477786
v 0.6373629 0.59318667 0.32776065
v 0.67923337 0.54082208 0.361666
v 0.68112195 0.51408405 0.3477786
v 0.68124837 0.52984769 0.35354185
v 0.71158248 0.55021158 0.36352212
v 0.64362937 0.61463028 0.37637955
v 0.64602613 0.61096183 0.33066164
v 0.64602613 0.61096183 0.33066164
v 0.63856292 0.61938374 0.31109743
v 0.65161121 0.62946643 0.32610269
v 0.65374517 0.61635782 0.37739668
v 0.65761197 0.61703848 0.35023568
v 0.65537274 0.62545481 0.34865178
v 0.66652989 0.63353646 0.32164689
v 0.63534206 0.54014167 0.2120584
v 0.63736808 0.57032785 0.22748207
v 0.64227062 0.59920117 0.29884083
v 0.64146221 0.59130738 0.24149467
v 0.63752449 0.63182395 0.24021113
v 0.6538263 0.63516081 0.25594939
v 0.65066814 0.63001902 0.24659327
v 0.64827186 0.63986418 0.26400008
v 0.66165388 0.64162434 0.30651556
v 0.65861952 0.65143784 0.26250472
v 0.66771942 0.62878808 0.31585861
v 0.6538263 0.63516081 0.25594939
v 0.67120636 0.64464241 0.26709662
v 0.67156088 0.64461923 0.29412725
v 0.66831094 0.6685174 0.22891078
v 0.67287827 0.67091701 0.21780018
v 0.63473952 0.54911656 0.16042348
v 0.63619488 0.5737979 0.18455373
v 0.63386422 0.61656522 0.2376579
v 0.64113057 0.61040386 0.18365006
v 0.63089508 0.63604264 0.17838183
v 0.64983529 0.63494829 0.21287636
v 0.64698499 0.6620121 0.1909372
v 0.65530348 0.64631661 0.22375705
v 0.658086 0.67224614 0.19824207
v 0.65530348 0.64631661 0.22375705
v 0.67264545 0.66223984 0.21377762
v 0.67440182 0.66232634 0.22995605
v 0.75069439 0.49709583 0.40106261
v 0.74375343 0.48547026 0.38712728
v 0.74799436 0.49720398 0.37064856
v 0.76424718 0.4928129 0.39500732
v 0.73493046 0.55854315 0.39768884
v 0.73371869 0.56236991 0.37474555
v 0.72965276 0.51497138 0.40926965
v 0.70679653 0.53648107 0.41269998
v 0.74849689 0.55298036 0.40961901
v 0.75319302 0.53869445 0.41187429
v 0.79759502 0.52123368 0.40458894
v 0.71713239 0.50072518 0.34980253
v 0.73628271 0.51851796 0.34537492
v 0.76408231 0.50989473 0.34809334
v 0.72676116 0.53638986 0.35157428
v 0.73628271 0.51851796 0.34537492
v 0.77957082 0.5561551 0.35347583
v 0.78886616 0.49683441 0.38524938
v 0.82063538 0.50070007 0.38534808
v 0.74849689 0.55298036 0.40961901
v 0.80545074 0.54877592 0.41042998
v 0.82380825 0.51015546 0.39658672
v 0.82227111 0.5601683 0.40811725
v 0.83511287 0.54348504 0.40505212
v 0.79828054 0.56976742 0.3998373
v 0.77007848 0.56965576 0.37167525
v 0.79129583 0.57587369 0.37306234
v 0.82227111 0.5601683 0.40811725
v 0.79331481 0.51376334 0.34923958
v 0.78854847 0.52800732 0.34326196
v 0.78854847 0.52800732 0.34326196
v 0.81491649 0.54301704 0.33838728
v 0.80763268 0.56870119 0.35175195
v 0.82426083 0.5197405 0.35462965
v 0.82400745 0.52895609 0.34175658
v 0.81491649 0.54301704 0.33838728
v 0.82248747 0.56831852 0.33864015
v 0.82313675 0.58091306 0.36842413
v 0.85953367 0.52233318 0.39124058
v 0.83996177 0.51317394 0.36971371
v 0.8577472 0.51090234 0.38229941
v 0.86017346 0.55413187 0.39952615
v 0.88093311 0.51585991 0.36543392
v 0.88184845 0.57046904 0.38896364
v 0.88692075 0.55198465 0.38425401
v 0.89076358 0.52502745 0.37131084
v 0.8507936 0.57500179 0.39397743
v 0.8507936 0.57500179 0.39397743
v 0.83258361 0.58061576 0.34251291
v 0.82817161 0.5586917 0.32337197
v 0.83568442 0.54088046 0.31941063
v 0.82817161 0.5586917 0.32337197
v 0.82926911 0.57505182 0.32522913
v 0.85983664 0.53562384 0.33857528
v 0.8440975 0.55252589 0.29142699
v 0.87942326 0.52807135 0.34136832
v 0.88119459 0.54411604 0.30258893
v 0.85545903 0.58611484 0.36948435
v 0.84682149 0.58945236 0.34691885
v 0.86902684 0.60535263 0.30807006
v 0.877554 0.59800285 0.33273457
v 0.88635617 0.58355661 0.3679076
v 0.88184845 0.57046904 0.38896364
v 0.83525586 0.56226415 0.2808611
v 0.83272678 0.58140934 0.28252835
v 0.83497143 0.59511648 0.28280115
v 0.83525586 0.56226415 0.2808611
v 0.83539015 0.58512269 0.22346252
v 0.8410812 0.58116122 0.21647137
v 0.84775448 0.56937287 0.24813957
v 0.86270821 0.5567764 0.29596505
v 0.86633772 0.57254344 0.25315683
v 0.88145077 0.56515372 0.24215165
v 0.84184277 0.60252249 0.28629548
v 0.85315853 0.61219096 0.27498561
v 0.87973273 0.62074272 0.25946935
v 0.83384436 0.60667638 0.2044479
v 0.83511013 0.61910133 0.2004295
v 0.83612782 0.59822501 0.19043533
v 0.83539015 0.58512269 0.22346252
v 0.83612782 0.59822501 0.19043533
v 0.84787041 0.58717653 0.19738647
v 0.86194974 0.58881414 0.20676881
v 0.87219441 0.59466788 0.18090757
v 0.86120689 0.61828559 0.11808153
v 0.84391445 0.62916523 0.20306791
v 0.85752845 0.63525301 0.20569574
v 0.87394124 0.63491297 0.21837892
v 0.88540673 0.52976996 0.33639724
v 0.89216739 0.5259214 0.35483417
v 0.8961888 0.5585815 0.36472258
v 0.89609444 0.53325583 0.35799807
v 0.89874524 0.58463396 0.26844257
v 0.89298362 0.55921924 0.26079126
v 0.89655286 0.56446057 0.26714777
v 0.89471775 0.57516009 0.357717
v 0.8961888 0.5585815 0.36472258
v 0.89874524 0.58463396 0.26844257
v 0.88999134 0.60893334 0.2888
v 0.88741779 0.5569969 0.26163982
v 0.89809239 0.60250558 0.2696627
v 0.89595836 0.57857613 0.24095784
v 0.89693791 0.60497302 0.25666107
v 0.89693791 0.60497302 0.25666107
v 0.89058447 0.62029855 0.248009
v 0.88800901 0.5829729 0.18577661
v 0.8819055 0.58169126 0.19604791
v 0.89568394 0.58592756 0.20847834
v 0.89225423 0.57721424 0.20897052
v 0.8966043 0.61449948 0.22492102
v 0.89940083 0.61246878 0.19442612
v 0.89300358 0.58742118 0.17275401
v 0.89842808 0.59224181 0.18806653
v 0.89002401 0.64117836 0.18993292
v 0.8966043 0.61449948 0.22492102
v 0.8971532 0.63076411 0.19200078
v 0.05660124 0.05772651 -0.06094161
v 0.06259971 0.12559225 -0.05631336
v 0.03440144 0.07422048 -0.11190516
v 0.06579392 0.07573011 -0.11605387
v 0.03640411 0.12994351 -0.06692011
v 0.03078774 0.14122606 -0.10416632
v 0.06596537 0.13465357 -0.08605269
v 0.0609431 0.09445003 -0.17591577
v 0.04763645 0.15466669 -0.14506996
v 0.06337643 0.15472583 -0.14807753
v 0.06718045 0.10695882 -0.21822867
v 0.04028072 0.17074679 -0.19165449
v 0.08176964 0.16571413 -0.17944286
v 0.06830767 0.17266945 -0.2024492
v 0.04069617 0.11511071 -0.24980382
v 0.07961941 0.12164627 -0.27164803
v 0.02717428 0.18550512 -0.23607929
v 0.0398792 0.19837448 -0.27729398
v 0.08711341 0.18966327 -0.25327053
v 0.06017052 0.19590105 -0.27325641
v 0.01902718 0.2130008 -0.3194694
v 0.05212806 0.16002226 -0.40163675
v 0.01260635 0.23963814 -0.39616873
v 0.05683126 0.2181984 -0.33849328
v 0.06283239 0.23738044 -0.39375367
v 0.05408977 0.1824014 -0.47756644
v 0.07262129 0.17671677 -0.46195913
v 0.07123324 0.16525127 -0.41873975
v 0.06137317 0.24949741 -0.43525802
v 0.07006349 0.18771579 -0.519356
v 0.06361502 0.18841684 -0.50113615
v 0.05736544 0.2526332 -0.45288962
v 0.07371472 0.26179635 -0.4787037
v 0.08612916 0.26983997 -0.49039426
v 0.08607624 0.27878745 -0.49723394
v 0.08612916 0.26983997 -0.49039426
v 0.05460759 0.29598003 -0.50505685
v 0.06502133 0.18307489 -0.54023922
v 0.05291841 0.20484494 -0.53618626
v 0.05183437 0.19574138 -0.54019208
v 0.03018093 0.2111346 -0.5362227
v 0.07468423 0.21101 -0.53325359
v 0.06430832 0.23043908 -0.54329601
v 0.07829826 0.25501607 -0.54933757
v 0.07395189 0.33012153 -0.50792065
v 0.07013725 0.31289686 -0.54809126
v 0.07522495 0.27878035 -0.55180883
v 0.08635256 0.3095204 -0.50499837
v 0.08096621 0.3839514 -0.4982583
v 0.06627093 0.40856553 -0.52346558
v 0.07136614 0.35564355 -0.50587257
v 0.06140905 0.355672 -0.53897448
v 0.06140905 0.355672 -0.53897448
v 0.04420494 0.45953742 -0.48229988
v 0.0794248 0.45345791 -0.50858677
v 0.07241028 0.43394404 -0.48593092
v 0.07024995 0.45665614 -0.48193954
v 0.03201453 0.52190142 -0.49103715
v 0.04002585 0.51157673 -0.46679132
v 0.08351799 0.47170779 -0.50342398
v 0.07062528 0.52020351 -0.46287429
v 0.06588471 0.53031218 -0.48611291
v 0.12635353 0.0460521 -0.02805393
v 0.10480688 0.11065038 -0.00910262
v 0.13444264 0.07175102 -0.10697759
v 0.1237605 0.0551159 -0.05431158
v 0.09260923 0.12598208 -0.05576079
v 0.10904156 0.13522981 -0.08820534
v 0.12289263 0.12573219 -0.05778586
v 0.12952347 0.09448651 -0.17829093
v 0.09773937 0.15694992 -0.15495544
v 0.12538259 0.1519924 -0.14199921
v 0.12886189 0.10742341 -0.22344154
v 0.11300347 0.17506043 -0.21012488
v 0.13286667 0.16605711 -0.18234883
v 0.1178635 0.12365216 -0.27833765
v 0.11905269 0.1961682 -0.27711869
v 0.12784773 0.14902634 -0.36363641
v 0.09158189 0.20110496 -0.28863099
v 0.09346259 0.21382265 -0.32618402
v 0.12792744 0.21532034 -0.331562
v 0.13917951 0.16066262 -0.40623434
v 0.10727771 0.23419256 -0.3843467
v 0.12896444 0.2377536 -0.39641493
v 0.10826872 0.18196144 -0.47888242
v 0.12995498 0.17391559 -0.45441788
v 0.14674041 0.16417534 -0.41738346
v 0.11598185 0.24771637 -0.43033051
v 0.09150033 0.18184638 -0.53212003
v 0.13401514 0.18594264 -0.49488931
v 0.09760388 0.1927545 -0.53500986
v 0.11837923 0.20680803 -0.5262184
v 0.13260338 0.1856246 -0.50979405
v 0.13102916 0.17942216 -0.52482788
v 0.13667041 0.18259351 -0.52900623
v 0.15292417 0.1895617 -0.52531734
v 0.10014001 0.25303117 -0.45350793
v 0.10503614 0.2622757 -0.47711099
v 0.12629348 0.27890325 -0.49191023
v 0.14009757 0.25876503 -0.47309635
v 0.10716502 0.23342058 -0.53925546
v 0.11190902 0.26794771 -0.54655171
v 0.12237301 0.30234809 -0.5420422
v 0.09828474 0.35319078 -0.53512162
v 0.13458703 0.34721688 -0.53000432
v 0.14832325 0.33246191 -0.49464848
v 0.14535008 0.30160076 -0.49387785
v 0.09828474 0.35319078 -0.53512162
v 0.11160263 0.35031024 -0.49981635
v 0.1184481 0.40323476 -0.51747028
v 0.12875122 0.43522679 -0.47727454
v 0.13458703 0.34721688 -0.53000432
v 0.14545956 0.3990054 -0.51269739
v 0.11252952 0.46791312 -0.4721435
v 0.12932998 0.45119698 -0.50078755
v 0.12851983 0.45951614 -0.47230835
v 0.09173504 0.50995974 -0.46363884
v 0.09294344 0.52604275 -0.48473294
v 0.12248269 0.47230465 -0.49652804
v 0.11949448 0.5225357 -0.45411947
v 0.13541751 0.5466625 -0.44378481
v 0.19896235 0.05484644 -0.05837706
v 0.16698554 0.10711027 0.00086755
v 0.2178123 0.12097979 -0.04348461
v 0.17185378 0.11858395 -0.03692494
v 0.21483152 0.07171712 -0.1110099
v 0.18373899 0.12918664 -0.06931519
v 0.14437686 0.13971464 -0.1026546
v 0.19485135 0.14962298 -0.13849798
v 0.17366727 0.08421571 -0.15037573
v 0.19725974 0.09409434 -0.18338627
v 0.16769849 0.15538278 -0.15247641
v 0.2336317 0.10608663 -0.22560616
v 0.18883306 0.16636719 -0.18772218
v 0.21297041 0.11794103 -0.264088
v 0.21284151 0.12955636 -0.29986354
v 0.18708293 0.19439606 -0.27408702
v 0.18479627 0.17792709 -0.22553891
v 0.20938997 0.14602357 -0.35579113
v 0.14873092 0.20390681 -0.29769074
v 0.18985607 0.21793227 -0.34081394
v 0.18499984 0.16012424 -0.40811361
v 0.1704172 0.2323579 -0.38109627
v 0.19126609 0.2387049 -0.4068345
v 0.18193151 0.17752832 -0.46908549
v 0.18963081 0.16664128 -0.43195266
v 0.16647355 0.24931895 -0.439257
v 0.17046016 0.20252146 -0.51485425
v 0.18886267 0.1820195 -0.49657389
v 0.17639011 0.17634201 -0.51271255
v 0.17548174 0.17966198 -0.51983313
v 0.19914098 0.18099628 -0.47490951
v 0.14960842 0.23889681 -0.53393138
v 0.15570046 0.27385344 -0.48786715
v 0.15570046 0.27385344 -0.48786715
v 0.15954499 0.25366373 -0.45946442
v 0.1804852 0.26311706 -0.47511092
v 0.184356 0.27418729 -0.48049384
v 0.2089919 0.29842107 -0.47923196
v 0.184356 0.27418729 -0.48049384
v 0.19436443 0.32955311 -0.48380038
v 0.20596316 0.24997342 -0.45536555
v 0.16582192 0.26536168 -0.53479376
v 0.1526062 0.29703152 -0.53631511
v 0.17824952 0.34593658 -0.51911312
v 0.18447585 0.29164034 -0.52847929
v 0.13510595 0.39160267 -0.48733
v 0.16272187 0.36104744 -0.48787058
v 0.17824952 0.34593658 -0.51911312
v 0.18111542 0.41608755 -0.49791979
v 0.15108587 0.44222055 -0.47056362
v 0.17134367 0.45465203 -0.48880798
v 0.1932987 0.39151708 -0.47217046
v 0.20164226 0.43036574 -0.45741523
v 0.20161554 0.47932385 -0.44321844
v 0.21892145 0.44303554 -0.47626078
v 0.14869742 0.5074544 -0.47846804
v 0.12298979 0.52859771 -0.4785601
v 0.1639628 0.50898807 -0.44689092
v 0.19686979 0.50512274 -0.46455355
v 0.17531465 0.53090604 -0.4638427
v 0.19394998 0.54435087 -0.42770666
v 0.26275814 0.05398743 -0.06114018
v 0.21741322 0.10981833 -0.00635207
v 0.25597262 0.10931304 -0.00946122
v 0.26310575 0.11739703 -0.03803382
v 0.22595412 0.13796935 -0.10044171
v 0.25856513 0.12698336 -0.06766316
v 0.24487327 0.09171487 -0.18053047
v 0.27246314 0.06863838 -0.10999545
v 0.22606838 0.15375355 -0.15161914
v 0.25979125 0.13673713 -0.10403723
v 0.25598153 0.14937693 -0.14639658
v 0.22926037 0.16522294 -0.18513009
v 0.2566748 0.17345223 -0.21956085
v 0.26580647 0.11973207 -0.27562612
v 0.22294837 0.17968908 -0.23080564
v 0.23239221 0.19528749 -0.27810455
v 0.25836822 0.19620194 -0.28892839
v 0.25192553 0.14468929 -0.35883073
v 0.23001374 0.20893446 -0.31493547
v 0.26402825 0.2154364 -0.34347993
v 0.2039054 0.16063913 -0.41008043
v 0.25173959 0.15508183 -0.39676122
v 0.22299442 0.23065861 -0.38008005
v 0.24244703 0.22863234 -0.37798344
v 0.23894292 0.17133785 -0.45183211
v 0.27417728 0.16141492 -0.41819502
v 0.23698203 0.24337967 -0.42967737
v 0.2474833 0.25166624 -0.44591086
v 0.2595247 0.22931245 -0.38963469
v 0.25517997 0.23796688 -0.42220524
v 0.22765937 0.17439198 -0.49983613
v 0.20997246 0.18335005 -0.50687988
v 0.22005601 0.17161171 -0.49667754
v 0.22425808 0.19604868 -0.4960445
v 0.26165056 0.17080632 -0.46582465
v 0.26351252 0.19147057 -0.47777191
v 0.2579326 0.1643215 -0.48026216
v 0.25760353 0.17928834 -0.48560155
v 0.23044433 0.23672347 -0.51116861
v 0.27951881 0.25751853 -0.49343037
v 0.22998466 0.26054222 -0.51455582
v 0.26467186 0.21304374 -0.48939476
v 0.22415428 0.26641496 -0.46684815
v 0.22415428 0.26641496 -0.46684815
v 0.2420831 0.31930519 -0.46859931
v 0.27359253 0.29336971 -0.45361844
v 0.28329644 0.25466934 -0.43844891
v 0.24947023 0.28206107 -0.50563939
v 0.21616787 0.34700738 -0.47515781
v 0.26978976 0.35628623 -0.44835957
v 0.22519501 0.40890511 -0.45470974
v 0.2245263 0.45680039 -0.44096678
v 0.22006539 0.51624548 -0.42694186
v 0.25297132 0.49448696 -0.41694548
v 0.22297366 0.28754868 -0.51604908
v 0.23567255 0.34284123 -0.4997122
v 0.22062957 0.40247439 -0.48848563
v 0.22062957 0.40247439 -0.48848563
v 0.25418684 0.37683904 -0.48214019
v 0.22377396 0.46544527 -0.46738432
v 0.2579141 0.44510574 -0.45965605
v 0.25418684 0.37683904 -0.48214019
v 0.2999416 0.04045482 -0.02589441
v 0.31456813 0.05026501 -0.05622312
v 0.3086161 0.11140393 -0.01820625
v 0.32429942 0.0692224 -0.11646514
v 0.29819387 0.12605907 -0.06536489
v 0.30551946 0.11586662 -0.03525544
v 0.30505958 0.14613227 -0.13653886
v 0.29861417 0.15114988 -0.15435986
v 0.30949292 0.13541619 -0.10384505
v 0.28747302 0.16511588 -0.19214986
v 0.31194395 0.16780006 -0.20562665
v 0.34393451 0.16211976 -0.1832445
v 0.31323484 0.10305962 -0.22411711
v 0.32547778 0.11846322 -0.2805947
v 0.31749538 0.19110509 -0.27450737
v 0.28907171 0.1883799 -0.26297449
v 0.2976658 0.13934129 -0.34933752
v 0.30417544 0.12429008 -0.29702481
v 0.30225474 0.19452736 -0.28645662
v 0.31356376 0.20753461 -0.32681219
v 0.29315528 0.20638554 -0.31699003
v 0.3212842 0.15427906 -0.40189119
v 0.29480419 0.22458274 -0.37561272
v 0.32267684 0.22847278 -0.38899575
v 0.29440641 0.1662813 -0.44808794
v 0.28576612 0.16079898 -0.46726161
v 0.30504009 0.15401728 -0.4613506
v 0.28593001 0.1666249 -0.47422729
v 0.32802361 0.15748876 -0.45034808
v 0.31698152 0.18126183 -0.45017278
v 0.33016956 0.15869268 -0.42082807
v 0.3294158 0.1502951 -0.44157945
v 0.26809487 0.2408504 -0.42840196
v 0.31250361 0.24074875 -0.41253889
v 0.28329644 0.25466934 -0.43844891
v 0.31339854 0.25680806 -0.42353421
v 0.31339854 0.25680806 -0.42353421
v 0.28636792 0.23306253 -0.48672082
v 0.30260244 0.24720806 -0.48097857
v 0.29615614 0.2095888 -0.4743038
v 0.32247597 0.26184651 -0.47027187
v 0.32767805 0.22185894 -0.46347965
v 0.29723379 0.31433382 -0.4429936
v 0.27539441 0.33396329 -0.48331203
v 0.3127394 0.28773334 -0.47210583
v 0.31444347 0.33665114 -0.46161616
v 0.2865895 0.40587626 -0.45770822
v 0.29304552 0.34786435 -0.43840115
v 0.27513894 0.44969037 -0.41808129
v 0.29745179 0.43987236 -0.40836165
v 0.2865895 0.40587626 -0.45770822
v 0.28138196 0.4725572 -0.43956713
v 0.31495708 0.36137225 -0.42233712
v 0.323008 0.39965274 -0.4397798
v 0.323008 0.39965274 -0.4397798
v 0.27670062 0.53556912 -0.39391247
v 0.30963695 0.47030348 -0.39283635
v 0.38137671 0.04785129 -0.05352868
v 0.36797717 0.10911076 -0.01066769
v 0.36629599 0.12425288 -0.059989
v 0.38382003 0.107593 -0.00200008
v 0.39441603 0.11458546 -0.02364712
v 0.37203696 0.06889638 -0.11752982
v 0.34176403 0.13491121 -0.09905188
v 0.35836363 0.08818336 -0.17796883
v 0.34549093 0.14705769 -0.13652901
v 0.36649287 0.15297574 -0.15976165
v 0.3729566 0.13783067 -0.10813461
v 0.37463427 0.14888984 -0.14418206
v 0.35448614 0.10544777 -0.2374016
v 0.38380888 0.09709041 -0.21453323
v 0.33988491 0.17133615 -0.21343259
v 0.36869279 0.16663576 -0.20096068
v 0.36572093 0.17397407 -0.22319316
v 0.39159179 0.16148156 -0.17683662
v 0.3865844 0.113373 -0.27146224
v 0.36789152 0.12328094 -0.30105455
v 0.34726229 0.18575203 -0.25598871
v 0.37662303 0.18957864 -0.27135562
v 0.37609398 0.13226907 -0.33231662
v 0.36704287 0.20526658 -0.31725042
v 0.36692801 0.21254425 -0.34149517
v 0.3880772 0.19607492 -0.28715231
v 0.36800501 0.14449135 -0.36965006
v 0.36590865 0.14817702 -0.3963546
v 0.39562792 0.13732308 -0.34967904
v 0.34469679 0.22867656 -0.37911661
v 0.39447817 0.22286629 -0.3494602
v 0.36217719 0.23842388 -0.38151494
v 0.39408225 0.23985838 -0.3619575
v 0.37469214 0.16817292 -0.40853748
v 0.35271987 0.15270569 -0.43175391
v 0.37168738 0.14121173 -0.4098517
v 0.37888512 0.14596892 -0.41180117
v 0.3434329 0.20237447 -0.4484379
v 0.35501084 0.2303035 -0.44992211
v 0.38261089 0.20529841 -0.42453764
v 0.40473047 0.17585057 -0.39414026
v 0.37112612 0.24090269 -0.44051923
v 0.33146441 0.27535623 -0.41792576
v 0.34805378 0.30124929 -0.41165485
v 0.33684665 0.24496146 -0.40355227
v 0.33146441 0.27535623 -0.41792576
v 0.37478596 0.26516002 -0.38257436
v 0.34805378 0.30124929 -0.41165485
v 0.38401622 0.29703544 -0.38340515
v 0.38043368 0.27907512 -0.42813932
v 0.35466629 0.27101386 -0.44843823
v 0.32965526 0.34447804 -0.41807635
v 0.3602564 0.32197951 -0.39951589
v 0.35305887 0.35207038 -0.39805563
v 0.3602564 0.32197951 -0.39951589
v 0.37958515 0.33854555 -0.38089486
v 0.33769172 0.39366312 -0.39791258
v 0.33506998 0.4523996 -0.38255909
v 0.38267523 0.4179692 -0.35535764
v 0.37985224 0.37297649 -0.37025595
v 0.37958515 0.33854555 -0.38089486
v 0.36374465 0.50299328 -0.34462768
v 0.32630375 0.519879 -0.36876109
v 0.36045462 0.47013913 -0.35792413
v 0.3851248 0.48653572 -0.33289306
v 0.34289229 0.32221832 -0.44692403
v 0.35351527 0.38156986 -0.42404742
v 0.37656975 0.32942139 -0.42061587
v 0.34795111 0.42986036 -0.4138639
v 0.38745952 0.38303437 -0.39623687
v 0.3207553 0.52034936 -0.40283826
v 0.34559813 0.48368266 -0.3982358
v 0.34795111 0.42986036 -0.4138639
v 0.370527 0.47165529 -0.3830828
v 0.36488116 0.52117225 -0.37227462
v 0.38798475 0.43736072 -0.37960934
v 0.38798475 0.43736072 -0.37960934
v 0.44035864 0.11479969 -0.02064779
v 0.43348143 0.05576621 -0.08404109
v 0.44772121 0.06639191 -0.11838679
v 0.39122668 0.12869057 -0.0671849
v 0.46409094 0.12608962 -0.0557573
v 0.43973705 0.13919279 -0.1063784
v 0.44762883 0.08172564 -0.16882577
v 0.40769467 0.15349065 -0.15276372
v 0.44918379 0.15007518 -0.14512107
v 0.43751866 0.09408614 -0.21129322
v 0.42830923 0.17014606 -0.2018623
v 0.45286852 0.16396792 -0.18459848
v 0.43694869 0.12096825 -0.2968754
v 0.44979498 0.11270942 -0.27380232
v 0.42306387 0.17849189 -0.23057111
v 0.44137293 0.1938057 -0.27519462
v 0.46793613 0.17678684 -0.22409203
v 0.41126123 0.13586944 -0.36005458
v 0.44246164 0.12367963 -0.32246874
v 0.42779776 0.11975392 -0.36073852
v 0.44424909 0.11843238 -0.33896006
v 0.4362376 0.12914981 -0.35722782
v 0.39331165 0.20959563 -0.32887075
v 0.42742002 0.19994104 -0.29263734
v 0.42343047 0.21305568 -0.31735907
v 0.41736501 0.22671934 -0.33505619
v 0.43752044 0.21869618 -0.31020341
v 0.40746742 0.13702854 -0.38610946
v 0.40804422 0.12933588 -0.37703516
v 0.41029909 0.15612898 -0.37655108
v 0.4464052 0.14554458 -0.33883256
v 0.46036699 0.17064993 -0.3459102
v 0.42012495 0.19009127 -0.39023214
v 0.4327566 0.20869638 -0.38625885
v 0.45818102 0.19517636 -0.358541
v 0.42626625 0.25082835 -0.33786081
v 0.43773398 0.27725692 -0.33358704
v 0.44155523 0.24259413 -0.31756361
v 0.39648533 0.31427356 -0.37104155
v 0.44162071 0.29922006 -0.32812153
v 0.4072462 0.35268029 -0.35159557
v 0.44536731 0.35928756 -0.30907525
v 0.4072462 0.35268029 -0.35159557
v 0.44479221 0.40111429 -0.29946627
v 0.40771544 0.40583614 -0.33695656
v 0.44479221 0.40111429 -0.29946627
v 0.44655696 0.44221843 -0.28534469
v 0.40048152 0.23933366 -0.41629043
v 0.44238558 0.2239369 -0.38016799
v 0.43030119 0.27161057 -0.38599221
v 0.41089609 0.30894536 -0.39634014
v 0.42100826 0.38187558 -0.36668417
v 0.45199782 0.30731662 -0.35683206
v 0.42268527 0.42325471 -0.35292632
v 0.41979349 0.47509074 -0.33962696
v 0.39178813 0.51077715 -0.35331592
v 0.41078487 0.46838841 -0.31489474
v 0.42268527 0.42325471 -0.35292632
v 0.45780936 0.40222031 -0.32297883
v 0.49224532 0.04773364 -0.06916459
v 0.49273199 0.11881911 -0.01771013
v 0.51914442 0.11221649 0.00213088
v 0.49436489 0.12746183 -0.04997868
v 0.51723939 0.11977928 -0.02656341
v 0.49014792 0.06294895 -0.11657269
v 0.4876143 0.13728514 -0.09006723
v 0.52106363 0.13040004 -0.05612782
v 0.48771137 0.0845986 -0.18253756
v 0.50989705 0.07354274 -0.1477389
v 0.51065063 0.08327501 -0.17755007
v 0.49457484 0.15173027 -0.14092675
v 0.51708508 0.14949476 -0.12730389
v 0.4727447 0.10233872 -0.23824833
v 0.50528538 0.09443075 -0.22972508
v 0.49344841 0.16878255 -0.18892243
v 0.51859218 0.17502113 -0.17530202
v 0.49457744 0.19346081 -0.23019198
v 0.46705237 0.11243387 -0.29056573
v 0.46166658 0.10642325 -0.31657693
v 0.4926686 0.0939747 -0.27078115
v 0.49256557 0.0975418 -0.28256492
v 0.50379449 0.08828419 -0.25277006
v 0.48995894 0.1246158 -0.28189312
v 0.51057261 0.11403828 -0.24771405
v 0.50896472 0.09544058 -0.25731049
v 0.48986408 0.1068949 -0.29010502
v 0.45758581 0.19734617 -0.27354864
v 0.47822088 0.18878476 -0.24444224
v 0.4744755 0.20281429 -0.26352211
v 0.48417869 0.21817187 -0.26143292
v 0.51140583 0.21029674 -0.21588364
v 0.46171665 0.1188343 -0.32719761
v 0.45858184 0.11078026 -0.3275523
v 0.46828943 0.1351095 -0.31084125
v 0.46755645 0.14923838 -0.32431435
v 0.48518959 0.16872791 -0.31956257
v 0.49427283 0.19510243 -0.32076763
v 0.51274639 0.15696563 -0.28008908
v 0.46134636 0.23174326 -0.29521162
v 0.46473917 0.27103088 -0.30433835
v 0.48616129 0.25954989 -0.27431114
v 0.50849897 0.21571367 -0.30258377
v 0.48279372 0.22628512 -0.33527395
v 0.51129037 0.24962096 -0.23132893
v 0.49198034 0.25872427 -0.31943344
v 0.46498871 0.31990234 -0.29568122
v 0.47796091 0.31627942 -0.27608414
v 0.50367427 0.27879455 -0.24332191
v 0.50538415 0.32188626 -0.23083713
v 0.50675517 0.27842355 -0.29549415
v 0.47664171 0.28715918 -0.33389241
v 0.51600462 0.30811712 -0.27365297
v 0.49585131 0.34129345 -0.29391141
v 0.50145245 0.3905881 -0.21737504
v 0.49709094 0.41811927 -0.26792282
v 0.51448143 0.38043602 -0.25390479
v 0.4678326 0.42892127 -0.26130495
v 0.46589118 0.38138063 -0.27717859
v 0.48243076 0.43870372 -0.23402324
v 0.45130327 0.2503622 -0.36869871
v 0.45635796 0.36243765 -0.33719584
v 0.47493267 0.35273413 -0.31791397
v 0.47501314 0.46961337 -0.2810553
v 0.4678326 0.42892127 -0.26130495
v 0.45795345 0.45849923 -0.26607792
v 0.45843798 0.47147654 -0.30081705
v 0.45780936 0.40222031 -0.32297883
v 0.48243076 0.43870372 -0.23402324
v 0.4708491 0.47256915 -0.24347921
v 0.47501314 0.46961337 -0.2810553
v 0.49669176 0.49643575 -0.24239732
v 0.52118796 0.04364155 -0.05397829
v 0.55242318 0.03103798 -0.0381002
v 0.53815711 0.12127555 -0.01517223
v 0.55188614 0.12968116 -0.01615985
v 0.56726384 0.15042495 -0.01970639
v 0.525172 0.05361171 -0.08858844
v 0.52934986 0.06313261 -0.11621836
v 0.54469317 0.05652806 -0.11580477
v 0.56112015 0.03707455 -0.09337581
v 0.55261296 0.04926137 -0.12755865
v 0.56280017 0.06642452 -0.10378332
v 0.56967407 0.05306544 -0.06122344
v 0.56836522 0.04786463 -0.09657516
v 0.56085026 0.05846839 -0.13053858
v 0.56640369 0.04057291 -0.09833805
v 0.53742272 0.14025975 -0.07305089
v 0.55470854 0.14927795 -0.06174247
v 0.56853324 0.19036164 -0.0769203
v 0.55550796 0.17347269 -0.09571087
v 0.53072947 0.07413033 -0.16853319
v 0.54453415 0.05842279 -0.16765607
v 0.53343344 0.06848147 -0.18725277
v 0.55297196 0.06371602 -0.16159359
v 0.55278069 0.08133639 -0.14886624
v 0.56846118 0.08225006 -0.11858674
v 0.56202453 0.10482454 -0.16185012
v 0.53603351 0.1602057 -0.12719518
v 0.54785061 0.17846742 -0.12353373
v 0.52831388 0.19563426 -0.17969223
v 0.56108099 0.20789149 -0.10753993
v 0.56693012 0.23378283 -0.09651698
v 0.55416328 0.2420235 -0.13487481
v 0.57386786 0.27713966 -0.0759281
v 0.56851774 0.33868141 -0.07576804
v 0.56190866 0.28335147 -0.1084101
v 0.56443787 0.34559929 -0.08413687
v 0.52024704 0.07925702 -0.21989596
v 0.52544713 0.08571357 -0.22793818
v 0.53038889 0.10118884 -0.20922891
v 0.53890204 0.07599617 -0.19773122
v 0.54665673 0.13368338 -0.2174997
v 0.56996995 0.14232809 -0.17889332
v 0.57512188 0.11730056 -0.15196272
v 0.54500276 0.16967914 -0.2391006
v 0.53800178 0.2285779 -0.17854734
v 0.57335168 0.17736644 -0.1816295
v 0.55135548 0.19146878 -0.22913911
v 0.56725293 0.23249678 -0.18976568
v 0.54106355 0.25339975 -0.17286466
v 0.54524517 0.30309183 -0.15396692
v 0.55104655 0.29856056 -0.13687933
v 0.5383423 0.31563807 -0.16800135
v 0.5510059 0.37911462 -0.11378003
v 0.55886382 0.35305843 -0.09898484
v 0.53776658 0.40571213 -0.14170381
v 0.54535252 0.43873943 -0.10911581
v 0.558038 0.42760008 -0.07331954
v 0.5520637 0.43291674 -0.09105837
v 0.53830183 0.13969692 -0.2340812
v 0.52368242 0.18787198 -0.27748008
v 0.52854198 0.20006982 -0.27119506
v 0.55485231 0.23401968 -0.2187068
v 0.5346095 0.24005508 -0.25715537
v 0.52433908 0.26795408 -0.20802163
v 0.52044457 0.32914021 -0.20199082
v 0.5339359 0.3092954 -0.1804892
v 0.53977597 0.28124289 -0.23795812
v 0.54100257 0.32775697 -0.22268002
v 0.55626076 0.31245355 -0.19572712
v 0.5678429 0.28899799 -0.17497775
v 0.52985018 0.34749199 -0.17791262
v 0.56715637 0.33344124 -0.16200325
v 0.51437181 0.39662375 -0.19123131
v 0.52759379 0.4026451 -0.16544842
v 0.55579746 0.40259594 -0.16574017
v 0.53732198 0.40777905 -0.20353724
v 0.55037987 0.43833846 -0.16448287
v 0.56826466 0.40262422 -0.13334311
v 0.51798153 0.25009504 -0.28347061
v 0.53032368 0.37388869 -0.22776403
v 0.5143441 0.45999314 -0.22732488
v 0.57239395 0.02049118 -0.03866596
v 0.58519876 0.05692111 -0.02704792
v 0.59438628 0.07845212 -0.04180353
v 0.60432231 0.09970983 -0.02962912
v 0.59401041 0.11179268 -0.09321279
v 0.57743317 0.1684394 -0.00567375
v 0.61125571 0.12619648 -0.00689057
v 0.6176303 0.17737652 0.01820514
v 0.61176002 0.16166487 -0.02866743
v 0.58539677 0.20410592 -0.00020642
v 0.59014672 0.24253288 0.05047607
v 0.61843276 0.21559092 0.01249657
v 0.59181339 0.26339336 0.03619223
v 0.6195544 0.25191559 0.02497655
v 0.61820811 0.29559573 0.03011235
v 0.59419906 0.32069931 0.08611686
v 0.59233046 0.28911636 0.03723929
v 0.59222913 0.334277 0.04785109
v 0.61705667 0.34222661 0.06118115
v 0.58382183 0.09168765 -0.09814784
v 0.57646757 0.20971904 -0.06125986
v 0.60336018 0.14321854 -0.07340334
v 0.6043579 0.17587783 -0.0794885
v 0.58345288 0.21795441 -0.02396309
v 0.57776999 0.2501644 -0.0649401
v 0.5848825 0.25314795 -0.03041345
v 0.61104095 0.21418859 -0.04622567
v 0.61143523 0.26348779 -0.03979533
v 0.58757633 0.28399714 0.00062378
v 0.58390361 0.29150912 -0.0342791
v 0.61428863 0.30121469 -0.00348023
v 0.61028576 0.32970189 -0.02435207
v 0.57712823 0.3673042 -0.03687993
v 0.58434904 0.36728128 -0.00313522
v 0.58758682 0.34161224 0.01899988
v 0.58943546 0.3872111 0.04855787
v 0.61168879 0.36484108 0.01078745
v 0.60450584 0.38496773 -0.02863921
v 0.58492422 0.13960999 -0.14369769
v 0.59600365 0.15520721 -0.11220694
v 0.59616059 0.21604116 -0.11790181
v 0.60289699 0.21573652 -0.09084339
v 0.58679122 0.1708083 -0.14710969
v 0.58330739 0.21789291 -0.15400315
v 0.6041975 0.30077069 -0.06699954
v 0.59433323 0.25647843 -0.1153397
v 0.5762139 0.31154989 -0.05904671
v 0.59636188 0.34833962 -0.07772192
v 0.57204169 0.37081739 -0.05094069
v 0.59133255 0.38064441 -0.08095099
v 0.59669894 0.39428442 -0.05812744
v 0.57735002 0.25088579 -0.16376578
v 0.57685 0.30008011 -0.15100259
v 0.58205789 0.3228846 -0.1290196
v 0.57613438 0.399562 -0.11692195
v 0.03400406 0.58322351 -0.471994
v 0.06140972 0.58312914 -0.4446405
v 0.05517515 0.62242419 -0.45842048
v 0.03414975 0.64227732 -0.42984155
v 0.0687279 0.63419776 -0.43001386
v 0.05128752 0.69919736 -0.41451545
v 0.04069308 0.71602267 -0.41221254
v 0.03649844 0.75239216 -0.40382451
v 0.06866906 0.74836957 -0.40124422
v 0.10452914 0.74880763 -0.39421927
v 0.03659217 0.81154139 -0.39444271
v 0.04433925 0.77958789 -0.40028415
v 0.10242911 0.78622419 -0.39053582
v 0.05232562 0.69390731 -0.43728224
v 0.0546708 0.7528363 -0.42014126
v 0.04322398 0.82706411 -0.39575076
v 0.05572942 0.82261998 -0.40326037
v 0.03256169 0.84478552 -0.40256108
v 0.03440963 0.8415707 -0.39351381
v 0.04067414 0.8605273 -0.39866457
v 0.07185254 0.86511345 -0.41445704
v 0.05552625 0.87844757 -0.41730288
v 0.05906114 0.85707436 -0.40587517
v 0.08150598 0.87549918 -0.40850621
v 0.06916976 0.82928192 -0.3909009
v 0.07744823 0.84927554 -0.3912569
v 0.0702146 0.87473845 -0.41889735
v 0.09960673 0.53847471 -0.45452449
v 0.09128596 0.6292386 -0.45141975
v 0.12700556 0.62060396 -0.44750039
v 0.11592594 0.57281986 -0.43887804
v 0.099748 0.58370674 -0.4400426
v 0.11212225 0.63225849 -0.42214091
v 0.07957835 0.68279858 -0.41458908
v 0.12735711 0.68535825 -0.42754453
v 0.09779198 0.7155798 -0.42444582
v 0.1252192 0.67317021 -0.40777674
v 0.1450949 0.66046371 -0.40657641
v 0.13319358 0.73850985 -0.38983349
v 0.12856691 0.74929674 -0.4096929
v 0.09760732 0.8181693 -0.38972959
v 0.12579356 0.81419331 -0.38319483
v 0.13482317 0.7854851 -0.38287642
v 0.11796411 0.83987723 -0.38443551
v 0.10832226 0.82567144 -0.39610739
v 0.16134679 0.81412426 -0.38651408
v 0.09056214 0.85186652 -0.39699908
v 0.09645353 0.85814687 -0.39326549
v 0.10894235 0.87485886 -0.4178772
v 0.11871833 0.85679564 -0.39957068
v 0.11438558 0.8690448 -0.39790759
v 0.11283889 0.87608308 -0.40727725
v 0.13730575 0.84667105 -0.38963264
v 0.13405854 0.87059233 -0.41146646
v 0.16579141 0.55328687 -0.43327747
v 0.16072424 0.61839302 -0.43928525
v 0.18625888 0.60922062 -0.4347136
v 0.16116737 0.63268152 -0.40987313
v 0.17484695 0.62359563 -0.40896495
v 0.18699227 0.68665725 -0.41149331
v 0.17826356 0.69064899 -0.38924063
v 0.21316335 0.67496472 -0.38307324
v 0.18355921 0.74558548 -0.39635763
v 0.17885177 0.73431246 -0.37851487
v 0.16486208 0.76206636 -0.37725712
v 0.19858456 0.77494125 -0.36520832
v 0.20334546 0.73330481 -0.37178497
v 0.15543799 0.81550845 -0.37660612
v 0.17690709 0.80182544 -0.36953275
v 0.19468917 0.8147009 -0.365594
v 0.19796623 0.80828461 -0.37681399
v 0.15733266 0.83318667 -0.37534053
v 0.16076514 0.85050404 -0.37853049
v 0.19362834 0.83535099 -0.37506288
v 0.1915554 0.82987935 -0.36536945
v 0.1898386 0.84674545 -0.37852022
v 0.19737029 0.84724884 -0.36826995
v 0.16628382 0.86409578 -0.38628093
v 0.16197623 0.87697205 -0.40098288
v 0.177963 0.86603829 -0.40064124
v 0.17674062 0.85372387 -0.38838419
v 0.18436278 0.87136459 -0.39034616
v 0.21627158 0.86230623 -0.38781299
v 0.22791359 0.55237004 -0.41364492
v 0.27215257 0.59233548 -0.37937008
v 0.2337673 0.61607772 -0.39178509
v 0.25256693 0.66515012 -0.36894265
v 0.23168489 0.66968057 -0.37749437
v 0.22218093 0.56560908 -0.4360254
v 0.25795648 0.54595682 -0.42739861
v 0.20025571 0.60209131 -0.40774486
v 0.21862282 0.61307656 -0.42245048
v 0.24848907 0.62635118 -0.40673014
v 0.2239902 0.67897736 -0.40115552
v 0.24755023 0.72982874 -0.35487009
v 0.25381371 0.67821133 -0.38932577
v 0.22531098 0.74000187 -0.38361724
v 0.2693176 0.73066947 -0.36755941
v 0.22353561 0.79342649 -0.35431898
v 0.25046924 0.78412058 -0.34400369
v 0.22604194 0.81170484 -0.35562294
v 0.23213053 0.79680564 -0.36663638
v 0.27176017 0.80659487 -0.33573338
v 0.26219538 0.80513744 -0.35126885
v 0.22798561 0.83161287 -0.35363206
v 0.23556167 0.85271095 -0.36124663
v 0.23820022 0.82788423 -0.35886146
v 0.23403695 0.84088154 -0.36335039
v 0.2211173 0.86821741 -0.3808813
v 0.2503646 0.85526421 -0.37359168
v 0.24809928 0.86470256 -0.36916355
v 0.26802841 0.82446981 -0.33674116
v 0.28107053 0.83397997 -0.34317544
v 0.2008685 0.87081489 -0.39195491
v 0.28109664 0.59034836 -0.40225715
v 0.31773752 0.58360294 -0.35646113
v 0.2987307 0.63319237 -0.35354441
v 0.27911684 0.66387594 -0.35582766
v 0.32709339 0.58652176 -0.37835194
v 0.29055211 0.71651237 -0.33615692
v 0.28011563 0.66474307 -0.38061957
v 0.32136065 0.66280637 -0.35889593
v 0.32475394 0.64517705 -0.33519668
v 0.27430663 0.73222077 -0.34023957
v 0.29563802 0.78616674 -0.32041779
v 0.31943759 0.73167375 -0.34054133
v 0.29300052 0.77737737 -0.34326177
v 0.31807089 0.71724149 -0.32020826
v 0.30473894 0.81069324 -0.31785869
v 0.31891435 0.78102944 -0.30845055
v 0.32513225 0.7767795 -0.32550773
v 0.33359572 0.80812145 -0.31339464
v 0.29856893 0.81399093 -0.33280206
v 0.33863372 0.79585467 -0.30173715
v 0.3190296 0.82816726 -0.32481928
v 0.26439556 0.86248762 -0.36384187
v 0.28717604 0.84559684 -0.34033101
v 0.28942367 0.8532473 -0.35941382
v 0.30144033 0.85934981 -0.34920163
v 0.30850384 0.82695095 -0.32093983
v 0.323843 0.84174746 -0.32400724
v 0.33973843 0.84659369 -0.3359658
v 0.3433378 0.54999655 -0.3482604
v 0.36734247 0.55849094 -0.32567656
v 0.33919895 0.60172876 -0.33720698
v 0.38111949 0.56423515 -0.31344935
v 0.37924251 0.58895908 -0.30869527
v 0.35429305 0.630303 -0.31724347
v 0.38517803 0.62163583 -0.29377543
v 0.34981367 0.6664817 -0.31205537
v 0.36894906 0.65971203 -0.29765845
v 0.38564971 0.65423773 -0.28679862
v 0.37605602 0.71329926 -0.27885632
v 0.39275557 0.72447715 -0.2643809
v 0.34928715 0.75920304 -0.29121243
v 0.36044711 0.77463062 -0.28200312
v 0.38332877 0.55510764 -0.34675455
v 0.34406623 0.59901674 -0.3631161
v 0.36568606 0.59805172 -0.34733726
v 0.35202026 0.65424619 -0.34090383
v 0.39236599 0.65161375 -0.30915129
v 0.38307971 0.67519978 -0.31102798
v 0.35050026 0.71953969 -0.3235804
v 0.34798309 0.72014284 -0.30001457
v 0.38541147 0.71303952 -0.29806537
v 0.35587972 0.77167661 -0.30599669
v 0.35696906 0.79659858 -0.3000187
v 0.38083547 0.76491103 -0.28829539
v 0.38396418 0.79076042 -0.26752667
v 0.34277549 0.81508959 -0.29843279
v 0.38380098 0.8045594 -0.27047737
v 0.36382511 0.81644535 -0.29620021
v 0.37899798 0.83404378 -0.29387055
v 0.3688015 0.84647553 -0.3104322
v 0.38419402 0.83672045 -0.30743299
v 0.38852793 0.81439252 -0.28012324
v 0.34809309 0.85120447 -0.32919888
v 0.41023368 0.52389051 -0.29865333
v 0.44462782 0.4992983 -0.26949507
v 0.40889621 0.56585161 -0.2876985
v 0.44493532 0.58547928 -0.24499833
v 0.41940609 0.59680925 -0.2687791
v 0.45457447 0.61538158 -0.22677088
v 0.43523329 0.65869388 -0.2366215
v 0.4561497 0.67507369 -0.21087516
v 0.43738589 0.71459719 -0.22409531
v 0.42228881 0.52320939 -0.32180701
v 0.45672348 0.52336784 -0.28582006
v 0.39483044 0.59113586 -0.32511974
v 0.42306495 0.5834741 -0.3016054
v 0.41912282 0.64810879 -0.28646411
v 0.4581677 0.63008683 -0.25176984
v 0.40830439 0.68255785 -0.25824256
v 0.42536443 0.69798104 -0.26630558
v 0.45411423 0.69920148 -0.23708201
v 0.40645435 0.73799924 -0.24927743
v 0.40266818 0.76708547 -0.25094537
v 0.40572008 0.77738805 -0.25227872
v 0.42395541 0.75399709 -0.25380926
v 0.40165862 0.78456619 -0.2672248
v 0.40645435 0.73799924 -0.24927743
v 0.43993998 0.75260972 -0.21852894
v 0.40266818 0.76708547 -0.25094537
v 0.46102366 0.76778828 -0.21615821
v 0.43738589 0.71459719 -0.22409531
v 0.43713522 0.77650407 -0.2247212
v 0.40572008 0.77738805 -0.25227872
v 0.45652685 0.741341 -0.22461208
v 0.40102148 0.80085411 -0.25756683
v 0.4017137 0.81247838 -0.27141021
v 0.42410475 0.80133421 -0.25016907
v 0.40102148 0.80085411 -0.25756683
v 0.42841154 0.79494137 -0.23780011
v 0.44471404 0.81583951 -0.24085367
v 0.45135853 0.79193274 -0.21680547
v 0.4322032 0.82466743 -0.27091783
v 0.44914934 0.79749831 -0.23106971
v 0.42410475 0.80133421 -0.25016907
v 0.39422458 0.82384443 -0.27766763
v 0.38380098 0.8045594 -0.27047737
v 0.38852793 0.81439252 -0.28012324
v 0.4017137 0.81247838 -0.27141021
v 0.4017137 0.81247838 -0.27141021
v 0.4017137 0.81247838 -0.27141021
v 0.41056496 0.8374833 -0.28166847
v 0.42347747 0.83445578 -0.27866299
v 0.48834506 0.49434158 -0.20858618
v 0.46951777 0.52785073 -0.23151696
v 0.50415123 0.45204771 -0.19338519
v 0.50616008 0.48132164 -0.18233708
v 0.50415123 0.45204771 -0.19338519
v 0.48831415 0.56560463 -0.18928532
v 0.47444212 0.59721874 -0.20418213
v 0.50525969 0.55308489 -0.16220744
v 0.49312571 0.64145384 -0.16513147
v 0.50500631 0.61183911 -0.15156729
v 0.46949828 0.65017134 -0.19978995
v 0.49312571 0.64145384 -0.16513147
v 0.50834495 0.68106387 -0.13731449
v 0.48377091 0.6810771 -0.17497693
v 0.5037095 0.71099312 -0.14454536
v 0.45606074 0.5703283 -0.27124209
v 0.47751436 0.55682038 -0.2492838
v 0.48580435 0.63323268 -0.2175501
v 0.49710521 0.56036056 -0.22117774
v 0.49669176 0.49643575 -0.24239732
v 0.51240301 0.55895589 -0.19763457
v 0.50113827 0.68592864 -0.18150033
v 0.46949828 0.65017134 -0.19978995
v 0.4561497 0.67507369 -0.21087516
v 0.48010221 0.68679745 -0.21012805
v 0.45814487 0.71515997 -0.20258377
v 0.47449386 0.74405936 -0.18407975
v 0.4871701 0.75590884 -0.17603316
v 0.48477599 0.73654906 -0.19393496
v 0.49737173 0.73418373 -0.15480809
v 0.4992567 0.75201265 -0.17485236
v 0.50361806 0.72046092 -0.17135599
v 0.48202235 0.77731157 -0.18537859
v 0.48842514 0.78567965 -0.19458699
v 0.47873116 0.77521403 -0.19966484
v 0.44914934 0.79749831 -0.23106971
v 0.50170571 0.80909091 -0.19590202
v 0.49873042 0.76315998 -0.16102127
v 0.50731051 0.77534211 -0.16805757
v 0.5130856 0.79339205 -0.17152865
v 0.46471557 0.82306388 -0.23839425
v 0.47919089 0.81295195 -0.23237871
v 0.48842514 0.78567965 -0.19458699
v 0.48726165 0.81725891 -0.22303119
v 0.50310415 0.80320674 -0.20517037
v 0.56996131 0.44108897 -0.03072064
v 0.56565583 0.54882718 -0.01024477
v 0.56967539 0.56561416 -0.00314494
v 0.56790131 0.57801719 -0.01615884
v 0.53449273 0.45596381 -0.13262678
v 0.55093503 0.45954777 -0.08086785
v 0.5574891 0.45250351 -0.06221329
v 0.53531742 0.47808598 -0.11925741
v 0.54428267 0.50674353 -0.08411481
v 0.55043983 0.52703258 -0.05733614
v 0.55820376 0.51377275 -0.03699772
v 0.56612396 0.48906721 -0.02657732
v 0.557558 0.56234167 -0.039007
v 0.5465852 0.56451501 -0.06541898
v 0.56565583 0.54882718 -0.01024477
v 0.557558 0.56234167 -0.039007
v 0.56137931 0.55763585 -0.08466714
v 0.57529229 0.51025626 -0.0766142
v 0.56546366 0.49637437 -0.10402179
v 0.56727087 0.59037587 -0.06684975
v 0.57556248 0.52843208 -0.07239258
v 0.5609259 0.60462656 -0.07301835
v 0.56727087 0.59037587 -0.06684975
v 0.56137931 0.55763585 -0.08466714
v 0.5465852 0.56451501 -0.06541898
v 0.55441254 0.65019282 -0.04526444
v 0.54126853 0.64131551 -0.07027259
v 0.56893432 0.620331 -0.01578512
v 0.56329781 0.68843395 -0.03293857
v 0.57471448 0.65691917 -0.0052448
v 0.52147025 0.47845848 -0.15207411
v 0.51351291 0.47636247 -0.16725381
v 0.5375908 0.49955482 -0.17017058
v 0.55812758 0.47746696 -0.13209894
v 0.51351291 0.47636247 -0.16725381
v 0.52022165 0.54013205 -0.13425775
v 0.53092831 0.51770766 -0.11686258
v 0.52022165 0.54013205 -0.13425775
v 0.53541136 0.54072762 -0.15936277
v 0.5492394 0.56304309 -0.11748305
v 0.51661938 0.59848861 -0.12843097
v 0.52990937 0.57027704 -0.10580876
v 0.52990937 0.57027704 -0.10580876
v 0.52990937 0.57027704 -0.10580876
v 0.52441168 0.61962011 -0.10913555
v 0.51661938 0.59848861 -0.12843097
v 0.53584874 0.59551034 -0.08609179
v 0.5492394 0.56304309 -0.11748305
v 0.53541136 0.54072762 -0.15936277
v 0.53380609 0.59652779 -0.14624137
v 0.55234516 0.61858741 -0.09580215
v 0.53496486 0.66245202 -0.0843529
v 0.52105016 0.67120726 -0.11265843
v 0.53812987 0.63435369 -0.12801378
v 0.54071927 0.66710349 -0.11621182
v 0.56525481 0.65089561 -0.05894069
v 0.5258944 0.71484947 -0.10875646
v 0.54992187 0.70413587 -0.06649957
v 0.5505935 0.73284035 -0.08070111
v 0.54712248 0.72011581 -0.10283463
v 0.55874747 0.68741873 -0.07700308
v 0.56747323 0.72884065 -0.05319987
v 0.58075768 0.70504493 -0.03665229
v 0.56655079 0.7243796 -0.07067991
v 0.5504055 0.75208259 -0.09502553
v 0.5143441 0.45999314 -0.22732488
v 0.5375908 0.49955482 -0.17017058
v 0.51835823 0.63888065 -0.16601442
v 0.50500631 0.61183911 -0.15156729
v 0.51834977 0.68610016 -0.1543565
v 0.51772666 0.72866098 -0.12717758
v 0.5254972 0.71348156 -0.13974761
v 0.53264838 0.73765835 -0.12865743
v 0.52671087 0.75096144 -0.12286687
v 0.52924937 0.76140267 -0.12671141
v 0.53011543 0.76868881 -0.14256521
v 0.54552996 0.75882582 -0.1181511
v 0.57249534 0.76268539 -0.08487618
v 0.53016877 0.79414486 -0.17621072
v 0.54552996 0.75882582 -0.1181511
v 0.53011543 0.76868881 -0.14256521
v 0.54696304 0.78316944 -0.13273694
v 0.57105422 0.77594979 -0.12189373
v 0.52254474 0.80399372 -0.17926314
v 0.55274755 0.7905581 -0.14626339
v 0.57512134 0.7465952 -0.07559758
v 0.56970423 0.78368412 -0.11650017
v 0.50731051 0.77534211 -0.16805757
v 0.59245664 0.40045343 0.06879716
v 0.59263051 0.41931972 0.07617353
v 0.61699337 0.38206247 0.08689918
v 0.59625036 0.47379677 0.1003494
v 0.59296435 0.46896025 0.07480407
v 0.61780673 0.45053113 0.08483821
v 0.62120759 0.48599007 0.08662595
v 0.61209571 0.41346746 0.03966792
v 0.6009323 0.50707515 0.11451435
v 0.60279793 0.52199399 0.11798081
v 0.62568676 0.52670639 0.09824038
v 0.60251307 0.5698215 0.11173743
v 0.62976563 0.54908567 0.10831038
v 0.61237168 0.61193143 0.1423386
v 0.62082416 0.62657823 0.1695872
v 0.614236 0.641562 0.11865577
v 0.62937278 0.66373653 0.12999381
v 0.63636047 0.65636336 0.16826797
v 0.57817703 0.44090319 -0.00293336
v 0.58417511 0.42651182 0.0190821
v 0.58858711 0.42483488 0.05446953
v 0.60387176 0.46975104 0.00685695
v 0.58364099 0.46810419 0.0209319
v 0.5849455 0.52372025 0.02988159
v 0.61336112 0.4672574 0.04908283
v 0.59334809 0.53216586 0.06685784
v 0.5849818 0.53919087 0.03324023
v 0.61637598 0.54965437 0.04357993
v 0.61712146 0.53530978 0.05305011
v 0.61107278 0.50686201 0.02762457
v 0.62235314 0.54428487 0.07266753
v 0.59334809 0.53216586 0.06685784
v 0.59473914 0.57835004 0.07259797
v 0.60326028 0.61748305 0.09563407
v 0.59129566 0.57288434 0.0519574
v 0.62326914 0.60281003 0.07617493
v 0.63169795 0.58936873 0.12251922
v 0.59513539 0.61723543 0.06186929
v 0.61698759 0.66993393 0.08714019
v 0.62911725 0.6324441 0.09168203
v 0.63381022 0.61485113 0.12485673
v 0.62732005 0.65378914 0.06274956
v 0.61786085 0.61105186 0.04559912
v 0.62875122 0.68951085 0.08645105
v 0.63580364 0.68603466 0.10408371
v 0.59669411 0.43620638 -0.04083377
v 0.58956516 0.45598447 -0.05771202
v 0.57475173 0.4762125 -0.00685414
v 0.57598758 0.50607053 0.00352543
v 0.59714806 0.49950068 -0.01889276
v 0.58324486 0.56026739 0.03048509
v 0.5849818 0.53919087 0.03324023
v 0.60160375 0.54418274 -0.01513286
v 0.58704609 0.51527238 -0.04702581
v 0.60277641 0.5213855 0.00143272
v 0.60649973 0.55193876 0.01698761
v 0.6115163 0.57533936 0.02528607
v 0.60896415 0.56079312 -0.01865599
v 0.61717832 0.57188881 -0.00438731
v 0.580805 0.62767952 0.01935239
v 0.57368243 0.61401912 0.00031198
v 0.58636475 0.61170166 0.03609016
v 0.61702579 0.59525034 0.0200243
v 0.62031442 0.63218771 0.0414004
v 0.6345588 0.60013279 0.01432014
v 0.62962174 0.62481194 0.02705641
v 0.6539681 0.5847103 -0.00155846
v 0.59495527 0.66884527 0.03170939
v 0.60204434 0.66293217 0.05587209
v 0.58533269 0.67994852 0.00718016
v 0.61784405 0.66878163 0.03272697
v 0.62316173 0.65336569 0.02782285
v 0.6173147 0.66029377 0.02527918
v 0.61784405 0.66878163 0.03272697
v 0.62316173 0.65336569 0.02782285
v 0.62290192 0.68326783 0.04345724
v 0.63305485 0.67875718 0.07039311
v 0.60329872 0.70021814 0.02123365
v 0.61733824 0.69188695 0.0571732
v 0.62240177 0.71725684 0.02792713
v 0.62290192 0.68326783 0.04345724
v 0.59798503 0.68957889 -0.00796851
v 0.63409984 0.70560846 0.06274541
v 0.6375832 0.69773696 0.06029458
v 0.63606572 0.70490687 0.04409682
v 0.63606572 0.70490687 0.04409682
v 0.62371868 0.70835743 0.02647457
v 0.57756352 0.47371875 -0.08427866
v 0.59670395 0.55482313 -0.04473036
v 0.58667946 0.59133414 -0.04937558
v 0.60556763 0.57425343 -0.0379007
v 0.62247753 0.56914743 -0.02751133
v 0.58230537 0.63778046 -0.04285729
v 0.60887629 0.59873157 -0.0395483
v 0.60452598 0.63801343 -0.03140867
v 0.66237211 0.59444125 -0.0412836
v 0.58230537 0.63778046 -0.04285729
v 0.5818252 0.66377628 -0.03323428
v 0.5996632 0.66786327 -0.00534712
v 0.60452598 0.63801343 -0.03140867
v 0.61288947 0.6552397 -0.0161525
v 0.65444648 0.65135443 -0.02636543
v 0.63996094 0.65045101 0.02289718
v 0.63609236 0.65791622 -0.00675869
v 0.58044773 0.72106273 -0.02372802
v 0.60976964 0.71626889 -0.00163625
v 0.59183449 0.72850058 -0.03320972
v 0.59521836 0.74048829 -0.02885115
v 0.62644929 0.73515437 -0.01185497
v 0.60976964 0.71626889 -0.00163625
v 0.59183449 0.72850058 -0.03320972
v 0.62438214 0.73835247 0.00089174
v 0.60940838 0.75384566 -0.03514128
v 0.64426404 0.72728935 0.02051074
v 0.62371868 0.70835743 0.02647457
v 0.62788749 0.74052817 -0.00605722
v 0.58773756 0.76498327 -0.07161379
v 0.58627349 0.76914976 -0.09682895
v 0.59604186 0.75936368 -0.0760738
v 0.57512134 0.7465952 -0.07559758
v 0.6045689 0.75333901 -0.05956681
v 0.6485256 0.65514119 0.16287917
v 0.63934094 0.63774633 0.12855427
v 0.64505094 0.67249591 0.16113676
v 0.65218067 0.6624994 0.17151439
v 0.66402525 0.69259213 0.15578911
v 0.65218067 0.6624994 0.17151439
v 0.6716432 0.67655336 0.17069134
v 0.64792043 0.68139403 0.11646748
v 0.67206687 0.69047741 0.14850779
v 0.64116544 0.66828097 0.10932423
v 0.64792043 0.68139403 0.11646748
v 0.65518224 0.70632039 0.10696862
v 0.64802963 0.70855971 0.08559558
v 0.66204834 0.69969423 0.128894
v 0.66609168 0.6927476 0.11743203
v 0.65813643 0.70494011 0.07903734
v 0.66434568 0.70514712 0.10591535
v 0.65347683 0.57954712 -0.01722563
v 0.66731876 0.59953781 0.0137629
v 0.67673361 0.6203744 0.02863931
v 0.7020877 0.60369317 0.01249975
v 0.70189923 0.60312928 -0.00687197
v 0.63905084 0.64183487 0.02806105
v 0.63905084 0.64183487 0.02806105
v 0.69424903 0.64847902 0.0367578
v 0.69424903 0.64847902 0.0367578
v 0.70233762 0.66246987 0.02949459
v 0.70522892 0.67427892 0.00629705
v 0.64047021 0.72670974 0.03317783
v 0.6375832 0.69773696 0.06029458
v 0.65526295 0.71599807 0.07071194
v 0.63606572 0.70490687 0.04409682
v 0.65563065 0.71659054 0.05142545
v 0.65444648 0.65135443 -0.02636543
v 0.66863549 0.5856261 -0.03131332
v 0.69572324 0.60767427 -0.03598803
v 0.70334053 0.65031032 -0.02360478
v 0.71152526 0.60324083 -0.0240839
v 0.71258992 0.60661952 -0.03053706
v 0.66657215 0.66394799 -0.01655884
v 0.70778042 0.66656694 -0.01577856
v 0.72921133 0.62015806 0.02882281
v 0.74631554 0.61302736 0.01680116
v 0.77659744 0.61979419 0.02766004
v 0.72785854 0.63414849 0.03569217
v 0.75094712 0.64209588 0.04177239
v 0.74935561 0.66612243 0.04210436
v 0.75094712 0.64209588 0.04177239
v 0.75807172 0.68081551 0.02423896
v 0.78659552 0.66619826 0.05009903
v 0.77437758 0.67581904 0.03947907
v 0.73309493 0.62252755 -0.02814989
v 0.76911134 0.63961325 -0.02145012
v 0.74816793 0.61431703 -0.00437443
v 0.76367486 0.6177559 -0.01953306
v 0.76426876 0.62282397 -0.024018
v 0.70334053 0.65031032 -0.02360478
v 0.72534978 0.67761642 -0.00426133
v 0.78883016 0.67972202 -0.00372115
v 0.76337087 0.6861101 0.00667847
v 0.78883016 0.67972202 -0.00372115
v 0.79425323 0.65837691 -0.01375078
v 0.77017683 0.61811969 0.00774657
v 0.81273693 0.62465796 0.01651957
v 0.80401021 0.62437091 -0.00598607
v 0.80653554 0.63186311 0.04143403
v 0.80908239 0.64846174 0.05303919
v 0.80908239 0.64846174 0.05303919
v 0.81690061 0.66727514 0.06103625
v 0.82355869 0.65108096 0.07506818
v 0.82223785 0.63504104 0.05836652
v 0.82820302 0.62996107 -3.717E-05
v 0.81930822 0.68683359 0.04191874
v 0.80524206 0.63027942 -0.01851768
v 0.82078522 0.6912164 0.00894003
v 0.83359319 0.67566313 -0.00370488
v 0.83145124 0.64798933 -0.01376306
v 0.80355591 0.69095899 0.02015646
v 0.83418202 0.62234944 0.15807019
v 0.83612972 0.61159059 0.15371452
v 0.83157355 0.63935028 0.11278879
v 0.84171432 0.60219729 0.15754138
v 0.83612972 0.61159059 0.15371452
v 0.83661658 0.6346534 0.15776069
v 0.84632462 0.6104623 0.12994153
v 0.84350187 0.64901486 0.13786869
v 0.86923522 0.61771904 0.11454893
v 0.85824627 0.65531932 0.14106033
v 0.87467098 0.65831693 0.14427363
v 0.82919258 0.63565685 0.08271277
v 0.83157355 0.63935028 0.11278879
v 0.82355869 0.65108096 0.07506818
v 0.8317191 0.65651203 0.0925485
v 0.84051079 0.66752497 0.08627023
v 0.8411901 0.62917225 0.07001128
v 0.83418679 0.62898984 0.0747553
v 0.86516112 0.6276923 0.08486435
v 0.88172817 0.62055767 0.07092584
v 0.88266647 0.59107965 0.16673243
v 0.85666412 0.67558111 0.08427589
v 0.8745718 0.67772565 0.08772747
v 0.83142889 0.63136945 0.04694631
v 0.84623426 0.63249915 0.02163101
v 0.85766423 0.63404904 0.05189314
v 0.87304723 0.63581127 0.01123276
v 0.87397093 0.63140409 0.03615874
v 0.85216331 0.69495426 0.03315368
v 0.86639237 0.6901526 0.05640233
v 0.88192379 0.69059957 0.03323967
v 0.86463636 0.69156232 0.01611602
v 0.84192538 0.63489921 -0.00941273
v 0.82078522 0.6912164 0.00894003
v 0.85421926 0.65050225 -0.00676871
v 0.85512632 0.6818814 0.00446384
v 0.86463636 0.69156232 0.01611602
v 0.87971812 0.65144181 0.00653752
v 0.88161093 0.67745592 0.01836547
v 0.89580083 0.60937473 0.12124337
v 0.8971532 0.63076411 0.19200078
v 0.89765239 0.63250262 0.10582812
v 0.8973307 0.64251896 0.1379855
v 0.88908672 0.65990095 0.13115062
v 0.8935712 0.66292813 0.10128264
v 0.8935712 0.66292813 0.10128264
v 0.88708866 0.62243282 0.05897539
v 0.89298886 0.62478993 0.0586349
v 0.89610124 0.66381204 0.06009894
v 0.8964597 0.63641648 0.05111273
v 0.88840455 0.68232576 0.06251426
v 0.88864148 0.63604085 0.02414403
v 0.89240193 0.65091848 0.02396985
v 0.88192379 0.69059957 0.03323967
v 0.89239627 0.67896972 0.0481559
v 0.88840455 0.68232576 0.06251426
vn -0.93051 -0.06388 0.36066
vn -0.92098 -0.06363 0.38438
vn -0.93047 -0.0078 0.3663
vn -0.93005 0.01456 0.36714
vn -0.92584 0.00431 0.37789
vn -0.94082 -0.16826 0.2942
vn -0.90578 -0.34455 0.24667
vn -0.89977 -0.26524 0.34651
vn -0.84203 -0.42229 0.33564
vn -0.92498 -0.12811 0.35776
vn -0.92734 -0.0571 0.36984
vn -0.9208 -0.11528 0.37262
vn -0.85777 -0.29232 0.42282
vn -0.95713 -0.08835 0.27586
vn -0.95111 -0.02664 0.30769
vn -0.92538 -0.00198 0.37904
vn -0.94259 0.00118 0.33396
vn -0.91841 0.0104 0.39549
vn -0.93045 0.01716 0.36602
vn -0.66461 -0.74334 0.07574
vn -0.85346 -0.47755 0.2087
vn -0.98085 -0.12423 0.15003
vn -0.94973 -0.28741 0.12415
vn -0.96821 -0.16734 0.18594
vn -0.83145 -0.52802 0.17289
vn -0.79298 -0.54657 0.26914
vn -0.91178 -0.32779 0.24742
vn -0.9291 -0.33589 0.15475
vn -0.98324 -0.0809 0.16336
vn -0.98372 -0.12898 0.12516
vn -0.98106 -0.03119 0.19119
vn 0.97984 0.09953 -0.17321
vn 0.95361 0.04358 -0.29787
vn 0.94492 0.14256 -0.29462
vn 0.91044 0.36781 -0.18924
vn 0.93724 0.10584 -0.33223
vn 0.89374 0.37521 -0.24585
vn -0.97358 -0.00454 0.2283
vn -0.98777 -0.00656 0.15581
vn -0.99283 -0.03267 0.11495
vn 0.98803 0.02416 -0.15238
vn 0.98145 0.01846 -0.19083
vn 0.98916 0.06632 -0.13104
vn 0.95221 0.03054 -0.30393
vn 0.93725 0.02448 -0.34781
vn -0.9828 0.00358 0.18463
vn -0.99308 0.00209 0.11738
vn -0.9657 0.00979 0.25948
vn -0.94043 0.00794 0.3399
vn 0.98634 0.01054 -0.16439
vn 0.97888 0.00518 -0.20435
vn 0.95282 0.00442 -0.3035
vn -0.72557 -0.68634 0.04979
vn 0.00803 -0.99988 -0.01331
vn -0.84909 -0.51831 0.10195
vn -0.93733 -0.34175 0.06804
vn -0.84548 -0.52932 0.07059
vn -0.94265 -0.32812 0.06128
vn -0.99122 -0.07824 0.10658
vn -0.98908 -0.12798 0.07307
vn -0.97144 -0.23367 0.04112
vn 0.92148 0.37202 -0.11166
vn 0.72033 0.68459 -0.11159
vn 0.81642 0.56293 -0.12873
vn -0.99503 -0.07404 0.06654
vn -0.99788 -0.03345 0.05591
vn 0.9741 0.18834 -0.1251
vn 0.99078 0.07323 -0.11396
vn 0.98573 0.15719 -0.0603
vn -0.99366 -0.00779 0.11212
vn 0.99614 0.02745 -0.08336
vn 0.98869 0.02771 -0.14741
vn -0.9975 -0.00435 0.07046
vn -0.99797 -0.01048 0.06283
vn 0.99306 0.02377 -0.11515
vn 0.98731 0.01463 -0.15812
vn -0.9849 -0.16666 0.04691
vn -0.97851 -0.20621 -0.00024
vn -0.63747 -0.7704 -0.01106
vn -0.93759 -0.34491 -0.04429
vn 0.19616 -0.98055 0.00718
vn 0.43675 -0.89945 0.01507
vn 0.48119 -0.87633 -0.02215
vn -0.89519 -0.44489 0.02663
vn -0.90497 -0.4245 -0.02862
vn -0.8041 -0.59446 0.00704
vn -0.99628 -0.08103 0.02925
vn -0.991 -0.13332 0.01238
vn -0.97243 -0.23166 -0.02667
vn 0.93608 0.35132 -0.01824
vn 0.80022 0.59946 -0.01723
vn 0.52483 0.85117 -0.00845
vn -0.99932 -0.03639 -0.006
vn -0.99633 -0.08321 -0.02012
vn 0.99806 0.06039 -0.01534
vn 0.98407 0.17736 0.01194
vn -0.99999 -0.00093 -0.00526
vn 0.99782 0.05077 -0.04225
vn 0.99779 0.06058 -0.02743
vn -0.99979 -0.00773 0.01908
vn 0.99355 0.02859 -0.10975
vn 0.99879 0.02091 -0.04446
vn -0.80446 -0.29216 0.5172
vn -0.81107 -0.16976 0.55978
vn -0.75351 -0.48005 0.44919
vn -0.72259 -0.4426 0.53101
vn -0.6688 -0.56475 0.4835
vn -0.86742 -0.15536 0.47269
vn -0.84458 -0.08283 0.52899
vn -0.87921 -0.06084 0.47253
vn -0.80919 -0.09593 0.57967
vn -0.84306 -0.03021 0.53697
vn -0.81312 -0.03816 0.58084
vn -0.88947 0.00055 0.45699
vn -0.84756 -0.00086 0.5307
vn -0.88991 0.01184 0.45598
vn 0.87606 0.09393 -0.47297
vn 0.88613 0.01336 -0.46324
vn 0.86946 0.00444 -0.49399
vn -0.88893 0.00369 0.45804
vn -0.85389 -0.00306 0.52044
vn -0.81894 -0.00485 0.57386
vn -0.82866 -0.00409 0.55974
vn 0.87766 0.00845 -0.47921
vn 0.87189 0.02568 -0.48903
vn 0.84726 0.00777 -0.53112
vn 0.88346 0.02057 -0.46806
vn -0.82653 -0.41938 0.37546
vn -0.85316 -0.20583 0.47933
vn -0.83065 -0.35324 0.43041
vn 0.07622 -0.99183 -0.10233
vn -0.25636 -0.95374 0.15701
vn -0.77066 -0.5278 0.35708
vn -0.70216 -0.60419 0.37673
vn -0.87321 -0.34738 0.34179
vn -0.6243 -0.65788 0.42125
vn -0.77804 -0.38385 0.49731
vn -0.916 -0.14239 0.37506
vn 0.7867 0.54219 -0.2952
vn 0.80125 0.47872 -0.35892
vn 0.60782 0.75611 -0.24261
vn 0.86102 0.27842 -0.42559
vn 0.88634 0.31592 -0.33851
vn 0.90687 0.12095 -0.40369
vn 0.85667 0.20728 -0.47239
vn 0.90956 0.02337 -0.41491
vn 0.93234 0.04269 -0.35905
vn -0.92736 0.01272 0.37394
vn 0.91125 0.012 -0.41168
vn 0.93006 0.00784 -0.36732
vn 0.92571 0.00147 -0.37823
vn 0.93773 0.01216 -0.34715
vn 0.90569 -0.00261 -0.42393
vn -0.70164 -0.64609 0.30044
vn -0.80214 -0.53169 0.27179
vn 0.14418 -0.98879 -0.03884
vn 0.04454 -0.99882 -0.01951
vn 0.4364 -0.87886 -0.19277
vn 0.39229 -0.89063 -0.22996
vn 0.12498 -0.98891 -0.0802
vn 0.13771 -0.98873 -0.05868
vn 0.92364 0.28802 -0.25287
vn 0.75328 0.62075 -0.21735
vn 0.47795 0.86777 -0.13616
vn 0.53572 0.83699 -0.11159
vn 0.20677 0.97832 -0.01146
vn 0.31187 0.94269 -0.11865
vn 0.92941 0.11263 -0.35145
vn 0.93409 0.01915 -0.35654
vn 0.94084 0.00094 -0.33884
vn 0.94203 0.00756 -0.33544
vn 0.09122 -0.99576 0.01179
vn 0.4678 -0.87617 -0.11616
vn 0.19593 -0.98026 -0.0263
vn 0.4923 -0.8681 -0.06359
vn 0.04012 -0.99911 -0.01324
vn 0.01978 -0.99976 -0.00987
vn 0.77423 0.60454 -0.18736
vn 0.62163 0.77344 -0.12394
vn 0.40549 0.91193 -0.06295
vn 0.27302 0.96171 -0.02381
vn 0.02642 0.99965 0.00231
vn 0.16919 0.98548 -0.01455
vn 0.41289 -0.91058 -0.01922
vn 0.1907 -0.98157 -0.01216
vn 0.04847 -0.99881 -0.00496
vn 0.44754 0.89075 -0.07922
vn 0.43125 0.8989 -0.07741
vn 0.15422 0.98701 -0.04497
vn 0.14214 0.98876 -0.04634
vn 0.14697 -0.98905 0.01333
vn 0.15283 0.98787 -0.02754
vn 0.27109 0.96166 -0.04146
vn 0.09514 0.99535 -0.01477
vn -0.71497 -0.01138 0.69907
vn -0.75991 -0.01082 0.64994
vn -0.70533 -0.0127 0.70877
vn -0.64236 -0.52552 0.55785
vn -0.72994 -0.32637 0.60056
vn -0.58569 -0.65037 0.48373
vn -0.5336 -0.66979 0.51638
vn -0.74948 -0.17874 0.63744
vn -0.75643 -0.09856 0.64661
vn -0.71089 -0.11234 0.69427
vn -0.70252 -0.16149 0.6931
vn -0.68158 -0.28999 0.67183
vn 0.69406 0.51706 -0.50092
vn 0.74058 0.26742 -0.61647
vn 0.64482 0.53613 -0.54477
vn 0.64796 0.43887 -0.62252
vn -0.76666 -0.05917 0.63932
vn -0.79467 -0.02327 0.6066
vn -0.75537 -0.02692 0.65475
vn -0.69369 -0.05803 0.71794
vn 0.79329 0.11038 -0.59875
vn 0.82482 0.15156 -0.5447
vn 0.7497 0.07017 -0.65805
vn -0.69724 -0.02504 0.7164
vn 0.78984 0.02519 -0.61279
vn 0.83503 0.05345 -0.54761
vn 0.83609 0.01123 -0.54848
vn 0.79972 0.01164 -0.60026
vn 0.75384 0.02216 -0.65669
vn 0.70535 0.04692 -0.70731
vn -0.7946 -0.0142 0.60696
vn -0.75568 -0.01853 0.65468
vn 0.80267 0.04988 -0.59433
vn 0.85029 0.03385 -0.52523
vn -0.64121 -0.63225 0.43487
vn -0.65265 -0.58984 0.47554
vn 0.38594 -0.88043 -0.27549
vn 0.19131 -0.97156 -0.13952
vn 0.2081 -0.97004 -0.12539
vn -0.73125 -0.37176 0.57189
vn -0.722 -0.29639 0.62519
vn -0.07619 -0.9882 0.13291
vn -0.6889 -0.3894 0.61138
vn 0.72909 0.53583 -0.42582
vn 0.84105 0.3395 -0.42115
vn 0.50543 0.77736 -0.3745
vn 0.53993 0.76838 -0.34362
vn 0.29771 0.93781 -0.17856
vn 0.17358 0.97469 -0.14086
vn 0.34991 -0.91344 -0.20784
vn 0.09876 -0.99355 -0.05575
vn 0.11941 -0.98927 -0.08419
vn 0.57061 0.77074 -0.28348
vn 0.34108 0.92867 -0.14576
vn 0.08224 0.99646 -0.01742
vn 0.00733 0.99976 0.02081
vn 0.00762 0.99997 -0.00123
vn 0.04676 -0.99877 -0.01624
vn 0.03784 -0.99825 -0.04539
vn 0.12065 0.99187 -0.0405
vn 0.05579 -0.99829 -0.01754
vn 0.0255 0.99967 -0.00321
vn 0.04714 -0.99883 -0.01108
vn -0.0191 0.99952 -0.02427
vn -0.00429 0.9999 -0.01352
vn 0.00897 0.99996 0.00243
vn 0.05308 -0.99858 0.0055
vn 0.04728 -0.99888 0.00354
vn -0.02265 0.99971 -0.0083
vn -0.01847 0.99971 -0.01517
vn -0.01678 0.99986 -0.00203
vn -0.57147 -0.49781 0.65239
vn -0.61777 -0.4823 0.62109
vn -0.61413 -0.30134 0.72941
vn -0.46684 -0.67581 0.57039
vn -0.65322 -0.17722 0.73613
vn -0.6635 -0.10657 0.74055
vn -0.5945 -0.12156 0.79485
vn -0.59374 -0.17731 0.78488
vn 0.57906 0.56412 -0.58861
vn 0.63165 0.36624 -0.68329
vn 0.54529 0.50046 -0.67246
vn -0.62942 -0.03671 0.77619
vn 0.64212 0.16897 -0.74776
vn 0.68145 0.24929 -0.6881
vn 0.69879 0.10589 -0.70745
vn 0.64858 0.08073 -0.75685
vn -0.62055 -0.07735 0.78035
vn 0.55462 0.30724 -0.7733
vn -0.64612 -0.01408 0.76311
vn -0.59196 -0.01984 0.80573
vn 0.64553 0.04571 -0.76236
vn 0.6407 0.07393 -0.76423
vn 0.57771 0.064 -0.81373
vn -0.65344 -0.01635 0.75681
vn -0.59648 -0.01416 0.80251
vn -0.62137 -0.0153 0.78336
vn 0.71865 0.03798 -0.69433
vn 0.68435 0.03521 -0.7283
vn 0.07029 -0.98912 -0.12923
vn -0.61446 -0.56042 0.55531
vn 0.37699 -0.87032 -0.3169
vn -0.66043 -0.16853 0.73173
vn -0.40434 -0.77979 0.47795
vn -0.63647 -0.38424 0.66878
vn 0.13021 -0.98664 -0.09793
vn 0.33644 -0.86289 -0.37713
vn 0.11495 -0.99182 -0.05555
vn -0.5707 -0.41747 0.70712
vn 0.18218 -0.95349 -0.24016
vn 0.50764 0.73521 -0.44918
vn 0.33601 0.90678 -0.25466
vn 0.17309 0.97902 -0.10749
vn 0.08092 0.99649 0.02132
vn 0.50247 0.70563 -0.49961
vn 0.30789 0.89515 -0.32235
vn 0.00899 -0.99986 -0.01395
vn 0.00473 -0.99993 -0.01123
vn 0.03828 0.99915 -0.01522
vn 0.0114 0.99942 0.03218
vn 0.02316 0.99818 0.0557
vn 0.02247 -0.99881 -0.04321
vn 0.01263 -0.99977 -0.01726
vn 0.0288 -0.99851 -0.04634
vn 0.0013 0.99979 0.02035
vn -0.00138 0.99737 0.0725
vn 0.04417 -0.99885 -0.01861
vn 0.00472 0.99998 -0.00373
vn 0.00212 0.99998 0.00673
vn 0.03572 -0.99927 -0.01366
vn 0.02788 -0.99948 -0.01592
vn -0.01581 0.99986 -0.00595
vn 0.02532 -0.99964 -0.00869
vn -0.01555 0.99977 -0.01497
vn -0.0189 0.99972 -0.01393
vn 0.02323 -0.99973 0.00113
vn 0.01802 0.99983 -0.00393
vn -0.5468 -0.29708 0.78279
vn -0.49917 -0.49318 0.71246
vn -0.46306 -0.47182 0.7503
vn -0.46549 -0.30553 0.83065
vn -0.51104 -0.18194 0.84008
vn -0.53422 -0.08987 0.84055
vn -0.47356 -0.09304 0.87583
vn -0.58001 -0.06733 0.81182
vn -0.54595 -0.03449 0.8371
vn -0.47761 -0.03772 0.87776
vn 0.55618 0.07809 -0.82739
vn 0.54059 0.067 -0.83862
vn 0.52664 0.11392 -0.84242
vn -0.53816 -0.01646 0.84268
vn -0.5964 -0.01869 0.80247
vn 0.56573 0.05198 -0.82295
vn -0.45472 -0.01342 0.89053
vn 0.55146 0.0412 -0.83319
vn -0.48441 -0.53939 0.68877
vn 0.08415 -0.9888 -0.12326
vn 0.26032 -0.89641 -0.35871
vn -0.52139 -0.36678 0.77047
vn -0.42394 -0.56619 0.7069
vn 0.25101 -0.89206 -0.3758
vn 0.07901 -0.99153 -0.10311
vn -0.45091 -0.3998 0.79802
vn -0.4054 -0.65121 0.64155
vn 0.41044 0.79013 -0.45524
vn 0.14071 0.98966 -0.02769
vn 0.36548 0.74305 -0.56063
vn 0.20814 0.96677 -0.14841
vn 0.42334 0.47066 -0.77412
vn 0.5104 0.28687 -0.81067
vn 0.5802 0.13642 -0.80297
vn 0.56944 0.04888 -0.82058
vn 0.06052 -0.99455 -0.0849
vn 0.01355 -0.9995 -0.02859
vn 0.09261 0.99236 -0.08153
vn 0.01071 0.99976 0.01916
vn -0.00611 0.99998 0.00057
vn 0.04039 -0.99782 -0.05214
vn 0.03853 -0.99775 -0.0549
vn 0.0239 0.99829 0.05329
vn 0.00702 0.99996 0.0058
vn -0.00535 0.99945 -0.03271
vn 0.00732 0.9993 0.03671
vn 0.03296 -0.99881 -0.03586
vn 0.02801 0.99829 0.05124
vn 0.02714 0.9989 0.03832
vn 0.02502 0.99937 0.02532
vn 0.02252 0.99955 0.0196
vn 0.03145 -0.99933 -0.0188
vn 0.01706 0.99974 0.01485
vn 0.03768 -0.99922 -0.01176
vn -0.01458 0.99989 0.0002
vn 0.02055 0.99977 -0.00603
vn 0.02681 -0.99959 -0.00965
vn 0.0378 -0.99928 -0.0022
vn -0.00216 0.99975 -0.02233
vn 0.02836 0.99947 -0.01615
vn 0.02912 -0.99957 0.00286
vn 0.00992 0.99991 -0.00897
vn -0.41793 -0.15182 0.8957
vn -0.35463 -0.1987 0.91365
vn -0.36072 -0.10318 0.92695
vn -0.41997 -0.07063 0.90478
vn -0.36742 -0.04949 0.92874
vn -0.42425 -0.02044 0.90531
vn -0.37881 -0.01548 0.92534
vn -0.38773 -0.01828 0.92159
vn -0.37442 -0.57881 0.72443
vn -0.34132 -0.55735 0.75688
vn -0.36528 -0.38261 0.84863
vn 0.08517 -0.98637 -0.14081
vn -0.39421 -0.50381 0.76862
vn -0.39365 -0.30257 0.86804
vn -0.32328 -0.68817 0.64955
vn -0.32122 -0.39624 0.86012
vn 0.47859 0.22495 -0.84873
vn 0.35225 0.45875 -0.81577
vn 0.35749 0.71042 -0.60622
vn 0.39506 0.24684 -0.88487
vn 0.29409 0.6568 -0.69435
vn 0.2344 0.90247 -0.36139
vn 0.47094 0.0877 -0.87779
vn 0.42444 0.10403 -0.89946
vn 0.37104 0.0649 -0.92635
vn 0.36873 0.11863 -0.92194
vn 0.46351 0.05175 -0.88458
vn 0.42203 0.06893 -0.90396
vn 0.3813 0.05724 -0.92268
vn 0.46928 0.04025 -0.88213
vn 0.42891 0.04514 -0.90222
vn 0.40955 0.04913 -0.91096
vn 0.09571 -0.98533 -0.14132
vn 0.21996 -0.88773 -0.40442
vn 0.07263 -0.98473 -0.1582
vn 0.01603 -0.99947 -0.02842
vn 0.16698 0.96994 -0.17699
vn 0.01227 0.99933 0.03439
vn 0.02013 -0.99929 -0.0319
vn 0.0064 0.99829 0.05816
vn 0.02254 0.9974 0.06851
vn 0.00345 0.99988 0.015
vn 0.0169 0.99974 0.01515
vn 0.01337 0.9994 0.03191
vn 0.03527 -0.99829 -0.04666
vn 0.00311 0.99967 0.02559
vn 0.00484 0.99994 0.00933
vn 0.0351 -0.999 -0.02774
vn 0.01533 0.99967 0.0206
vn 0.01222 0.9998 -0.01606
vn 0.03463 -0.99848 -0.0428
vn 0.02444 -0.99966 -0.00903
vn 0.01673 0.99969 -0.01856
vn 0.03999 -0.99915 -0.00965
vn 0.0188 0.99962 -0.02028
vn 0.02476 0.99936 -0.02581
vn 0.0376 -0.99929 -0.00161
vn 0.03914 -0.99923 -0.00125
vn 0.02481 0.99965 -0.00884
vn 0.02216 0.99973 -0.00716
vn 0.03415 0.99925 -0.01804
vn -0.29556 -0.21947 0.92977
vn -0.2555 -0.57393 0.77803
vn -0.24289 -0.45815 0.85505
vn -0.31219 -0.1325 0.94074
vn -0.29811 -0.10644 0.94858
vn -0.30897 -0.05024 0.94974
vn -0.24553 -0.04708 0.96825
vn 0.292 0.21214 -0.93259
vn 0.34945 0.26544 -0.89857
vn 0.33349 0.10471 -0.93692
vn 0.30736 0.06174 -0.94959
vn -0.31937 -0.02281 0.94736
vn 0.29729 0.04381 -0.95378
vn 0.31735 0.05249 -0.94685
vn -0.26263 -0.02413 0.96459
vn 0.24985 0.05584 -0.96667
vn -0.32241 -0.01929 0.94641
vn 0.29297 0.04101 -0.95524
vn 0.32018 0.04942 -0.94607
vn 0.1952 -0.90129 -0.38675
vn -0.30697 -0.56234 0.76782
vn 0.19473 -0.84452 -0.49887
vn 0.03624 -0.98377 -0.17574
vn 0.05375 -0.99236 -0.11107
vn -0.28207 -0.36089 0.88893
vn -0.29003 -0.59312 0.75106
vn 0.26996 0.50438 -0.8202
vn 0.15175 0.85698 -0.4925
vn 0.06424 0.9937 -0.09181
vn 0.18725 0.6591 -0.72837
vn 0.34238 0.03937 -0.93874
vn 0.03707 -0.9957 -0.08486
vn 0.01216 -0.99941 -0.03224
vn 0.03076 -0.99935 -0.0189
vn 0.01627 0.99886 0.04486
vn 0.02944 0.99823 0.05161
vn 0.01334 0.99831 0.05661
vn 0.02097 -0.99906 -0.03797
vn 0.0196 -0.99876 -0.04575
vn 0.01503 -0.99922 -0.03656
vn 0.01101 0.99972 0.02077
vn 0.01222 -0.99934 -0.03427
vn 0.01171 -0.99896 -0.04414
vn 0.01238 0.99948 0.02978
vn 0.0071 0.9991 0.04185
vn 0.01404 -0.99918 -0.03805
vn 0.02233 -0.99936 -0.02802
vn 0.01075 0.99989 0.00997
vn 0.00674 0.99977 0.02038
vn 0.01324 0.9996 -0.025
vn 0.01567 -0.99972 -0.0179
vn 0.02029 0.99958 -0.02051
vn 0.02117 0.99949 -0.02388
vn 0.02156 -0.99975 -0.00514
vn 0.02155 -0.99977 -0.00074
vn 0.02402 0.9985 -0.04927
vn 0.01628 0.99944 -0.02931
vn 0.01524 0.99925 -0.03551
vn 0.02356 -0.99971 0.00394
vn 0.03604 -0.99934 -0.00336
vn 0.02149 -0.99975 -0.00602
vn 0.02601 -0.99964 -0.00601
vn 0.03303 0.99935 -0.01453
vn 0.01838 0.99946 -0.02724
vn 0.01891 0.99968 -0.01655
vn -0.20575 -0.55811 0.80386
vn -0.1781 -0.37492 0.90979
vn -0.19208 -0.36752 0.90996
vn -0.21748 -0.26174 0.94032
vn -0.18708 -0.43287 0.88183
vn -0.1668 -0.61462 0.77098
vn -0.13983 -0.39022 0.91004
vn -0.24333 -0.10041 0.96473
vn -0.20341 -0.16877 0.96444
vn -0.19409 -0.08926 0.97691
vn 0.13603 0.48456 -0.86412
vn 0.23555 0.34889 -0.90708
vn 0.21578 0.12287 -0.96868
vn -0.18793 -0.04718 0.98105
vn 0.1952 0.06284 -0.97875
vn 0.16994 0.24261 -0.95512
vn 0.1458 0.09273 -0.98496
vn -0.1983 -0.02235 0.97989
vn 0.23313 0.04744 -0.97129
vn 0.1953 0.05317 -0.9793
vn 0.14865 0.06924 -0.98646
vn 0.28773 0.03683 -0.957
vn -0.25318 -0.01946 0.96722
vn -0.19767 -0.01719 0.98012
vn 0.26881 0.041 -0.96232
vn 0.24539 0.04535 -0.96836
vn 0.17059 0.04049 -0.98451
vn 0.15271 0.05496 -0.98674
vn 0.10029 -0.87062 -0.48162
vn -0.2463 -0.59897 0.76196
vn 0.01058 -0.99348 -0.11351
vn 7E-05 -0.99993 -0.01197
vn -0.0209 -0.99978 -0.00114
vn 0.04809 -0.88912 -0.45515
vn 0.03099 0.96454 -0.26209
vn -0.0006 0.9988 0.04898
vn 0.05732 0.90242 -0.42703
vn 0.0022 0.99069 0.13611
vn 0.10288 0.71066 -0.69597
vn 0.0104 -0.9992 -0.03866
vn 0.02335 -0.99804 -0.05801
vn -0.01324 0.99945 0.03042
vn -0.00043 0.99841 0.05636
vn -0.01564 0.99894 0.04328
vn 0.02265 -0.9987 -0.04558
vn 0.0034 0.99976 0.02178
vn 0.0002 0.99942 0.03415
vn 0.01163 0.99907 0.04149
vn -0.00429 0.99989 0.01427
vn 0.00459 0.99915 0.04104
vn 0.01415 -0.99841 -0.05465
vn 0.01624 0.99894 0.043
vn 0.00618 0.9995 0.03092
vn 0.01459 -0.99951 -0.02773
vn 0.01523 0.99988 -0.00162
vn 0.01121 0.99993 0.00369
vn 0.02942 -0.99949 -0.01263
vn 0.02167 -0.99954 -0.02134
vn 0.03548 -0.99913 -0.02192
vn 0.00397 0.99997 -0.00711
vn -0.00239 0.99994 -0.01058
vn 0.01783 -0.99984 -0.00304
vn -0.00403 0.99904 -0.04369
vn -0.01033 0.999 -0.04361
vn 0.02137 -0.99977 -0.00211
vn 0.02654 -0.99963 -0.00583
vn 0.00259 0.99965 -0.02637
vn -0.00714 0.99982 -0.01777
vn -0.00391 0.99971 -0.02387
vn -0.08714 -0.99095 0.10209
vn -0.10531 -0.61817 0.77895
vn -0.12041 -0.37897 0.91754
vn -0.06842 -0.11849 0.9906
vn -0.12362 -0.24935 0.96049
vn -0.10245 -0.57033 0.815
vn -0.05908 -0.51569 0.85473
vn -0.06492 -0.34415 0.93667
vn -0.12729 -0.1452 0.98118
vn -0.14721 -0.09479 0.98455
vn 0.0976 0.25206 -0.96278
vn 0.06924 0.43189 -0.89926
vn -0.08105 -0.11061 0.99055
vn -0.07196 -0.17479 0.98197
vn 0.07083 0.6042 -0.79368
vn -0.14378 -0.04351 0.98865
vn 0.11564 0.10892 -0.9873
vn -0.08922 -0.04675 0.99491
vn 0.11249 0.08172 -0.99029
vn -0.14 -0.01914 0.98997
vn 0.13114 0.05782 -0.98968
vn -0.09386 -0.01871 0.99541
vn -0.13213 -0.01614 0.9911
vn 0.16964 0.04518 -0.98447
vn 0.11119 0.04625 -0.99272
vn -0.07805 -0.01569 0.99683
vn 0.01085 -0.98305 -0.183
vn 0.04935 -0.84398 -0.5341
vn 0.02209 -0.71301 -0.70081
vn 0.00317 -0.99969 -0.02485
vn 0.03078 0.90253 -0.42953
vn 0.00738 0.99924 0.03833
vn 0.00019 0.98822 0.15306
vn 0.0524 0.7557 -0.65282
vn 0.00735 -0.99948 -0.03143
vn -0.0222 0.99926 0.03153
vn 0.01031 -0.99907 -0.04176
vn -0.00477 0.99903 0.04386
vn -0.00476 0.99989 0.01378
vn -0.01159 0.99944 0.03131
vn 0.0107 -0.99955 -0.02791
vn 0.00739 0.99918 0.03988
vn 0.0129 0.99912 0.03979
vn 0.01583 -0.9989 -0.0441
vn -0.00502 0.99947 0.03208
vn 0.01671 0.99873 0.04762
vn 0.0204 0.99972 0.01193
vn 0.00849 -0.99959 -0.02753
vn 0.00791 -0.9983 -0.05777
vn -0.00132 1 0.00029
vn 0.0074 -0.99983 -0.01664
vn 0.00395 0.99981 -0.01902
vn 0.00947 0.99961 -0.02634
vn 0.01204 0.99979 -0.01687
vn 0.01153 -0.99989 -0.00957
vn 0.00567 0.9999 -0.0129
vn 0.01435 0.99959 -0.02478
vn 0.00068 0.99975 -0.02253
vn 0.00748 -0.99997 -0
vn -0.00869 -0.99985 -0.01484
vn -0.00789 0.99997 -0.00213
vn -0.04461 -0.01694 0.99886
vn -0.03792 -0.03903 0.99852
vn 0.02143 -0.03849 0.99903
vn -0.00645 -0.01481 0.99987
vn -0.03144 -0.01501 0.99939
vn 0.01518 -0.01106 0.99982
vn 0.00958 -0.0203 0.99975
vn -0.02423 -0.97399 -0.22529
vn -0.00391 -0.77056 0.63736
vn 0.03066 -0.13704 0.99009
vn -0.00521 -0.69075 -0.72307
vn -0.01254 -0.38349 0.92346
vn -0.03327 -0.64902 0.76005
vn -0.00997 -0.39045 0.92057
vn -0.00627 -0.18886 0.98198
vn 0.04337 -0.518 0.85428
vn 0.01349 -0.66059 0.75062
vn 0.00564 0.46685 -0.88432
vn -0.00207 0.29359 -0.95593
vn -0.01979 -0.12882 0.99147
vn 0.00376 0.79385 -0.6081
vn -0.0014 0.64031 -0.76811
vn 0.06401 0.11516 -0.99128
vn -0.02042 -0.10186 0.99459
vn 0.00552 0.05923 -0.99823
vn -0.01101 0.15072 -0.98852
vn 0.06552 0.05684 -0.99623
vn -0.00638 0.08533 -0.99633
vn 0.00651 0.08359 -0.99648
vn 0.06776 0.04959 -0.99647
vn 0.00993 0.03417 -0.99937
vn 0.00778 -0.98013 -0.19823
vn -0.0016 -0.89082 -0.45436
vn -0.01018 0.98326 -0.18191
vn -0.01708 0.99873 0.04751
vn -0.0102 0.98928 0.14568
vn 0.00729 0.93398 -0.35726
vn -0.00187 -0.99835 -0.05739
vn -0.00158 -0.99949 -0.03198
vn -0.00475 0.99929 0.0374
vn 0.02335 0.98955 0.14231
vn -0.00353 -0.99949 -0.03172
vn -0.00813 0.99995 0.00515
vn -0.00325 0.99999 0.00372
vn 0.00342 -0.99952 -0.03078
vn 0.01056 0.9992 0.03848
vn 0.01603 0.99987 0.00109
vn -0.0022 -0.99885 -0.04799
vn 0.02011 0.99938 0.02875
vn -0.01383 -0.99965 -0.02268
vn 0.02005 0.99973 0.01141
vn 0.01832 0.99983 0.00157
vn -0.01141 -0.99983 -0.01425
vn -0.01731 -0.99969 -0.0178
vn 0.0081 0.99992 -0.00925
vn -0.00955 -0.99978 -0.01872
vn 0.00623 0.99956 -0.02898
vn 0.00393 0.9999 -0.01325
vn 0.01702 0.99896 -0.04224
vn -0.01133 -0.99992 0.00533
vn -0.01664 -0.99986 0.00057
vn 0.01012 0.99995 3E-05
vn -0.99686 -0.02499 0.07511
vn -0.92495 -0.23381 0.29966
vn -0.97999 0.1719 0.10033
vn -0.88499 0.27987 0.37211
vn -0.96652 -0.25479 0.03037
vn -0.676 -0.42712 0.60049
vn -0.64016 -0.76567 0.06284
vn -0.47546 0.60288 0.64069
vn -0.93159 0.35809 0.06254
vn -0.63722 0.74717 0.18893
vn -0.7116 0.70182 0.03292
vn -0.32225 0.94647 0.01848
vn -0.14206 0.98521 0.09586
vn -0.69516 -0.71884 -0.00511
vn -0.99846 -0.05528 0.00435
vn -0.99203 0.12587 0.00544
vn -0.96446 -0.26357 -0.01885
vn -0.0211 -0.99943 -0.02623
vn -0.04644 -0.99328 -0.10606
vn -0.07689 -0.99698 -0.01076
vn 0.377 -0.92593 0.02275
vn -0.93293 0.36003 -0.00541
vn -0.655 0.75521 -0.02537
vn -0.28196 0.95924 -0.01886
vn -0.00113 0.99969 -0.02487
vn -0.75049 -0.66088 0.00191
vn -0.99955 -0.02903 -0.00784
vn -0.98046 0.19641 -0.0114
vn -0.15986 -0.98681 0.02559
vn -0.6291 -0.77725 0.01087
vn -0.11772 0.99294 -0.01469
vn -0.31938 -0.19501 0.92734
vn -0.33146 0.11702 0.93618
vn -0.27956 -0.82434 0.49225
vn -0.11695 0.20272 0.97223
vn -0.18277 -0.93448 0.30551
vn -0.17553 -0.4169 0.89184
vn -0.11412 -0.04076 0.99263
vn -0.13353 -0.05035 0.98976
vn -0.10833 0.53671 0.83678
vn -0.00298 0.90177 0.4322
vn -0.0177 0.52993 0.84786
vn 0.08509 0.8936 0.44073
vn 0.31918 -0.91227 -0.25669
vn 0.02094 -0.97887 -0.20343
vn -0.02636 -0.93143 -0.36296
vn 0.60544 -0.58251 -0.54233
vn -0.15035 -0.9205 -0.36066
vn 0.89011 0.17827 -0.41944
vn 0.71126 -0.69016 -0.13335
vn 0.17779 -0.70359 -0.688
vn 0.00705 -0.65355 -0.75685
vn 0.58136 0.35537 -0.73194
vn 0.05521 0.9948 0.0856
vn 0.23215 0.96697 -0.10528
vn 0.22769 0.96087 -0.15776
vn 0.47904 0.83066 -0.28377
vn 0.15577 0.98402 0.08624
vn 0.26595 0.9174 -0.29605
vn 0.41954 -0.90685 -0.04013
vn 0.60475 -0.79641 -0.00169
vn 0.86455 -0.50238 -0.01278
vn 0.9953 -0.02671 -0.09307
vn 0.85049 0.52591 -0.00896
vn 0.70364 0.6967 -0.13961
vn 0.47166 0.88108 -0.03516
vn 0.19678 0.97997 -0.0306
vn 0.38141 0.92266 -0.05674
vn 0.20321 -0.97906 0.01225
vn 0.68426 -0.72904 0.01726
vn 0.461 -0.88736 0.00778
vn 0.99726 0.07399 0.00088
vn 0.54669 0.83731 0.00591
vn 0.91653 -0.39985 0.00981
vn 0.24591 0.96925 -0.00878
vn 0.37838 0.92543 -0.02038
vn -0.20943 -0.77433 0.59713
vn -0.05111 0.33286 0.94159
vn 0.07583 0.7655 0.63895
vn -0.13849 -0.12301 0.9827
vn -0.0548 0.26801 0.96186
vn -0.24637 -0.64534 0.72307
vn 0.27841 -0.2459 -0.92845
vn 0.29919 0.44918 -0.84185
vn 0.22937 0.90803 -0.35054
vn -0.12997 -0.66031 -0.73966
vn 0.22191 0.5508 -0.8046
vn 0.01178 -0.26779 -0.9634
vn 0.16369 0.11356 -0.97995
vn 0.20291 0.93325 -0.29643
vn 0.16314 0.97637 0.14173
vn -0.26715 -0.96072 -0.07518
vn -0.24495 -0.64271 0.72589
vn -0.16974 -0.34971 0.92135
vn -0.33182 -0.92881 0.16494
vn -0.19107 -0.72176 -0.66525
vn -0.06524 0.07547 0.99501
vn 0.12184 0.78227 0.61091
vn 0.18652 0.93954 0.28717
vn 0.04179 0.5115 0.85827
vn -0.18855 -0.34451 0.91965
vn 0.25657 0.96468 -0.0597
vn -0.03269 -0.29453 -0.95508
vn 0.22887 0.75672 -0.61236
vn 0.15344 0.31137 -0.93782
vn 0.04436 -0.14093 -0.98903
vn -0.82106 -0.44601 0.35629
vn -0.73782 0.53915 0.40612
vn -0.4655 0.84285 0.27003
vn -0.31824 -0.90368 0.28651
vn -0.22411 -0.75967 -0.61048
vn -0.33128 -0.90522 -0.26614
vn -0.30206 -0.40885 0.86116
vn -0.49302 -0.69091 0.52875
vn 0.18247 0.91048 0.37113
vn 0.1344 0.98859 -0.06796
vn -0.00559 0.16285 0.98663
vn -0.27975 0.61553 0.7368
vn -0.93661 -0.33883 0.08921
vn -0.84839 -0.27392 0.453
vn -0.77698 0.5796 0.24569
vn 0.11336 0.99116 -0.06899
vn 0.29822 0.94359 -0.14386
vn -0.72256 -0.6014 0.34092
vn -0.76455 -0.60575 0.2203
vn 0.64545 0.71559 -0.26706
vn -0.04054 -0.43119 -0.90135
vn -0.53559 -0.63669 -0.55477
vn -0.08789 -0.11223 -0.98979
vn -0.27251 -0.39398 -0.87779
vn -0.7415 0.07787 -0.66642
vn 0.05162 0.39624 -0.91669
vn -0.37784 0.7789 -0.50056
vn -0.9855 -0.12007 0.11987
vn -0.48702 0.87267 -0.03548
vn 0.12661 0.98977 0.06578
vn -0.82732 0.52171 0.20825
vn -0.8351 -0.51687 0.18831
vn -0.69215 -0.71702 0.08255
vn -0.67264 -0.73347 0.09784
vn 0.58498 0.80121 -0.12595
vn 0.72759 0.68019 -0.0892
vn -0.84125 -0.53183 0.09724
vn -0.89124 -0.42726 0.15213
vn 0.85094 0.49231 -0.18313
vn -0.97326 -0.1542 0.17028
vn -0.94783 -0.29433 0.1224
vn -0.99547 -0.07551 0.05776
vn -0.99256 -0.06572 0.1025
vn -0.996 -0.04946 0.07447
vn -0.99157 -0.11951 0.05003
vn -0.98842 -0.1027 0.11171
vn -0.99084 -0.06411 0.11883
vn -0.7398 -0.67121 0.04655
vn -0.99238 -0.09896 0.07346
vn -0.58241 0.81117 0.05291
vn 0.12083 0.99181 0.04152
vn 0.24925 0.9684 0.00826
vn 0.62212 0.78292 -0.00276
vn -0.70283 -0.71124 0.01282
vn 0.6967 0.71639 -0.03735
vn -0.91204 -0.40873 0.03352
vn 0.82995 0.55201 -0.08049
vn 0.86591 0.50013 -0.00821
vn 0.85263 0.51461 -0.09056
vn -0.99721 -0.06846 0.02973
vn -0.99606 -0.08549 -0.02353
vn -0.99751 -0.06713 -0.02176
vn -0.98933 -0.10393 0.10211
vn -0.99054 -0.10831 0.0843
vn -0.99858 -0.04696 -0.02505
vn -0.99365 -0.11039 -0.02194
vn -0.97653 -0.2154 4E-05
vn -0.58837 0.80822 0.0245
vn -0.7884 -0.61516 0.00105
vn -0.99999 -0.00019 -0.00444
vn 0.14167 0.98991 -0.00168
vn -0.68974 -0.72393 -0.0134
vn 0.46998 0.8826 0.01183
vn 0.65435 0.75565 0.02844
vn 0.78556 0.61865 0.01274
vn -0.92184 -0.38678 -0.02479
vn 0.93947 0.3409 -0.03428
vn 0.88099 0.47293 0.01379
vn 0.94458 0.32746 0.02334
vn -0.87523 -0.2049 0.43817
vn -0.69837 -0.45612 0.55158
vn -0.41113 0.8737 0.26004
vn -0.32037 0.94325 0.08739
vn 0.47845 0.84507 -0.23862
vn -0.63573 0.51315 0.57665
vn -0.48373 -0.8426 0.23671
vn 0.16345 0.97577 -0.14547
vn 0.56897 0.76505 -0.30163
vn -0.71946 -0.50136 0.48065
vn -0.57903 0.77496 0.2533
vn -0.64331 -0.66935 0.37165
vn -0.61242 -0.71451 0.33827
vn -0.80246 -0.34349 0.48792
vn -0.81793 -0.41501 0.39845
vn -0.87106 -0.20332 0.44712
vn -0.90866 -0.19483 0.36929
vn -0.87954 -0.28979 0.3774
vn -0.86218 -0.1187 0.49249
vn 0.88429 0.30907 -0.35001
vn 0.8644 0.38892 -0.31866
vn 0.82396 0.36583 -0.43274
vn -0.80183 -0.3883 0.4542
vn 0.06577 0.99741 -0.02902
vn -0.58892 -0.75378 0.29153
vn 0.58102 0.77321 -0.25409
vn 0.76731 0.55588 -0.31975
vn -0.79274 -0.45486 0.40579
vn -0.85221 -0.2968 0.43087
vn 0.78242 0.53608 -0.31692
vn 0.66734 0.6405 -0.38002
vn 0.82169 0.41544 -0.39016
vn -0.91347 0.01597 0.4066
vn -0.92912 0.02332 0.36903
vn -0.93985 -0.08222 0.33154
vn -0.88689 -0.02292 0.46142
vn -0.87726 -0.20138 0.43572
vn -0.8998 -0.03572 0.43483
vn -0.94167 -0.29491 0.16213
vn -0.80012 -0.42673 0.42155
vn -0.77368 -0.61221 0.16312
vn -0.72315 -0.1258 0.67913
vn -0.88644 -0.05349 0.45975
vn -0.18839 0.08486 0.97842
vn -0.49931 -0.00471 0.86641
vn -0.55269 -0.11391 0.82556
vn -0.71337 -0.07029 0.69725
vn 0.93628 0.18219 -0.30032
vn 0.91498 0.1935 -0.35408
vn 0.93025 0.15942 -0.33047
vn 0.93611 0.20228 -0.28771
vn 0.94269 0.11592 -0.31288
vn 0.93973 0.10078 -0.32673
vn -0.69142 0.66309 0.28679
vn -0.7538 0.04301 0.65569
vn -0.93628 -0.07104 0.344
vn -0.85858 -0.26489 0.43894
vn 0.86384 0.33667 -0.37473
vn 0.90016 0.24167 -0.36236
vn 0.88921 0.33052 -0.31632
vn 0.85178 0.37191 -0.36898
vn 0.86249 0.45141 -0.22877
vn -0.97743 -0.00477 0.2112
vn 0.98293 0.02709 -0.18196
vn 0.97952 0.01148 -0.20103
vn 0.94664 0.00681 -0.32221
vn -0.97611 -0.06102 0.20854
vn -0.98743 -0.05918 0.14657
vn 0.9648 0.02911 -0.26139
vn 0.94231 0.00613 -0.33469
vn 0.94132 -0.0006 -0.33751
vn -0.97213 -0.1323 0.19355
vn -0.97816 -0.19758 0.06457
vn -0.97202 -0.12774 0.19713
vn 0.96011 0.09891 -0.26155
vn 0.95135 0.08923 -0.29491
vn 0.98255 0.04426 -0.18064
vn 0.95524 0.16696 -0.24423
vn 0.93121 0.09195 -0.35269
vn 0.95257 0.0287 -0.30296
vn -0.8333 -0.36822 -0.41235
vn -0.99698 -0.07209 -0.02901
vn -0.98497 -0.10853 0.13439
vn 0.94944 0.22308 -0.22091
vn -0.98857 0.1228 0.0875
vn 0.88524 0.42661 -0.18534
vn 0.94459 0.2702 -0.18637
vn 0.9484 0.30229 -0.09566
vn -0.99152 -0.00608 0.12978
vn 0.99459 0.01526 -0.10271
vn 0.98306 0.03541 -0.17982
vn 0.99155 0.04263 -0.12249
vn -0.99505 -0.05506 0.08268
vn 0.9791 0.06762 -0.19183
vn 0.98553 0.07383 -0.15255
vn -0.98577 -0.11246 0.12494
vn 0.97444 0.13365 -0.18059
vn 0.96262 0.13409 -0.23533
vn 0.98553 0.11852 -0.12113
vn 0.98109 0.10853 -0.16029
vn 0.99161 0.11732 -0.05433
vn 0.97702 0.15473 -0.14658
vn 0.98094 0.15829 -0.11273
vn 0.98168 0.17982 -0.06295
vn 0.99943 0.03016 -0.01519
vn 0.99968 0.01681 0.01914
vn 0.99544 0.08067 -0.05096
vn 0.99668 0.06845 0.04416
vn 0.9945 0.10137 0.02643
vn 0.99156 0.11853 -0.0525
vn 0.99251 0.11153 0.04984
vn 0.98896 0.14808 0.00583
vn -0.66887 -0.43142 0.60538
vn -0.72695 0.13504 0.67328
vn -0.12171 0.99185 0.03773
vn -0.20323 0.93553 0.28893
vn -0.84626 -0.14937 0.5114
vn -0.81279 -0.14157 0.56509
vn -0.77582 -0.0732 0.62669
vn 0.01718 0.99778 0.06432
vn -0.54894 -0.74079 0.38716
vn 0.6097 0.67722 -0.41187
vn -0.73358 -0.41197 0.54051
vn -0.55139 -0.70259 0.44981
vn 0.57145 0.69924 -0.42954
vn 0.73654 0.47899 -0.47758
vn 0.74239 0.43217 -0.51195
vn -0.74912 -0.27522 0.60256
vn 0.66677 0.45478 -0.59042
vn 0.79928 0.26492 -0.53942
vn -0.90109 0.00228 0.43363
vn -0.86435 -0.0106 0.50278
vn -0.82914 -0.01871 0.55873
vn -0.91313 -0.01561 0.40736
vn -0.8651 -0.025 0.50098
vn -0.8243 -0.03495 0.56507
vn 0.88814 0.06305 -0.45523
vn 0.8671 0.03759 -0.49672
vn 0.88828 0.03103 -0.45826
vn -0.88431 -0.04205 0.46501
vn -0.83867 -0.05291 0.54206
vn 0.90506 0.0516 -0.42215
vn 0.87673 0.09241 -0.47202
vn -0.94349 -0.11501 0.31081
vn -0.92542 -0.06075 0.37405
vn -0.89495 -0.13579 0.425
vn -0.87113 -0.08829 0.48306
vn 0.90144 0.09837 -0.42158
vn 0.86946 0.13569 -0.475
vn 0.88311 0.18855 -0.42961
vn -0.82867 -0.08286 0.55357
vn 0.84447 0.20836 -0.49341
vn 0.83062 0.13953 -0.53907
vn -0.8602 -0.19552 0.47098
vn 0.76202 0.45735 -0.45843
vn 0.81057 0.29965 -0.50317
vn 0.81758 0.336 -0.46761
vn -0.93521 0.01307 0.35386
vn 0.9189 0.00815 -0.39441
vn -0.94949 0.00665 0.31372
vn 0.92114 0.04159 -0.387
vn 0.9386 0.03388 -0.34335
vn -0.95446 -0.04211 0.29537
vn 0.9194 0.09363 -0.38201
vn 0.90686 0.15522 -0.39179
vn 0.9148 0.16358 -0.36929
vn 0.9063 0.23331 -0.35241
vn 0.93545 0.00296 -0.35343
vn -0.6486 -0.2332 0.72453
vn -0.60759 -0.12868 0.78376
vn -0.19767 0.95064 0.2392
vn -0.70623 -0.02025 0.70769
vn -0.70507 -0.03714 0.70816
vn -0.6875 -0.04993 0.72447
vn -0.73102 -0.05359 0.68025
vn -0.7627 -0.05677 0.64426
vn -0.72708 -0.06582 0.68339
vn -0.7228 -0.10399 0.68319
vn -0.70355 -0.27007 0.65733
vn -0.78015 -0.0924 0.61873
vn -0.67258 -0.11412 0.73117
vn -0.78512 -0.06483 0.61595
vn -0.6866 -0.06775 0.72387
vn 0.69264 0.26324 -0.67153
vn 0.6343 0.31243 -0.70714
vn 0.71077 0.166 -0.68356
vn 0.62868 0.44993 -0.63429
vn 0.76391 0.14027 -0.6299
vn 0.71614 0.12335 -0.68697
vn -0.39298 -0.82832 0.39931
vn 0.49437 0.75351 -0.43338
vn -0.15655 0.96947 0.18872
vn -0.46459 -0.7388 0.48819
vn 0.46475 0.72863 -0.50309
vn -0.62274 -0.33235 0.70833
vn 0.73472 0.32744 -0.59411
vn 0.33748 0.85155 -0.4012
vn -0.44412 -0.72189 0.53069
vn 0.42746 0.72251 -0.54338
vn 0.78793 0.03095 -0.61499
vn 0.77258 0.04469 -0.63335
vn 0.82335 0.03687 -0.56634
vn -0.77107 -0.0392 0.63554
vn 0.80903 0.06375 -0.5843
vn 0.84694 0.05122 -0.52922
vn 0.72523 0.03781 -0.68747
vn 0.76336 0.05245 -0.64384
vn -0.80627 -0.05037 0.5894
vn 0.83645 0.07709 -0.5426
vn 0.78311 0.08448 -0.61612
vn 0.72872 0.07651 -0.68053
vn 0.72456 0.08881 -0.68346
vn 0.82965 0.09843 -0.54953
vn 0.75798 0.10142 -0.64435
vn 0.76319 0.28551 -0.57968
vn -0.61653 -0.02514 0.78693
vn -0.63662 -0.0432 0.76997
vn -0.58916 -0.02354 0.80768
vn -0.57993 -0.03837 0.81376
vn -0.58705 -0.06463 0.80696
vn -0.61819 -0.09426 0.78036
vn -0.59557 -0.07978 0.79933
vn -0.54827 -0.26594 0.79289
vn -0.32765 -0.81782 0.4731
vn -0.0754 0.99572 0.05346
vn -0.38039 -0.71141 0.59092
vn -0.57684 -0.29505 0.76171
vn -0.51803 0.4384 0.73447
vn 0.21371 0.89881 -0.38271
vn -0.4439 -0.47537 0.75959
vn 0.49855 0.47283 -0.72655
vn 0.53422 0.42742 -0.72933
vn 0.53698 0.20802 -0.81754
vn 0.54839 0.22283 -0.80599
vn 0.68577 0.04499 -0.72643
vn 0.62003 0.04692 -0.78317
vn -0.65122 -0.02659 0.75842
vn 0.6903 0.06696 -0.72042
vn 0.63276 0.05075 -0.77269
vn -0.64159 -0.06294 0.76446
vn 0.63609 0.06954 -0.76848
vn 0.67214 0.10001 -0.73364
vn 0.64695 0.07402 -0.75893
vn 0.58525 0.10997 -0.80336
vn 0.64764 0.16387 -0.74411
vn 0.6151 0.30785 -0.72587
vn -0.27295 0.8873 0.37175
vn -0.29137 0.73118 0.61683
vn -0.33467 -0.46128 0.82171
vn -0.31744 -0.76949 0.55419
vn 0.16558 0.90448 -0.39305
vn 0.31482 0.69633 -0.64499
vn 0.36196 0.69952 -0.61616
vn -0.39815 -0.56493 0.72273
vn -0.08453 0.98855 0.12502
vn -0.30953 -0.78847 0.53151
vn -0.55437 -0.01926 0.83205
vn 0.55721 0.04053 -0.82938
vn -0.50075 -0.0176 0.86542
vn -0.43911 -0.01376 0.89833
vn 0.51985 0.03733 -0.85344
vn -0.52611 -0.01882 0.85021
vn 0.54293 0.04303 -0.83868
vn 0.49377 0.03709 -0.8688
vn -0.52996 -0.03993 0.84708
vn -0.52761 -0.04847 0.84811
vn 0.55077 0.04993 -0.83316
vn 0.56617 0.04683 -0.82296
vn 0.50417 0.04867 -0.86223
vn -0.46216 -0.03699 0.88603
vn -0.45144 -0.02231 0.89202
vn -0.53053 -0.06452 0.84521
vn -0.5283 -0.07995 0.84529
vn 0.579 0.05673 -0.81335
vn 0.51227 0.10487 -0.8524
vn -0.46536 -0.05692 0.88329
vn 0.53567 0.14936 -0.83111
vn -0.46517 -0.29982 0.8329
vn 0.48855 0.22838 -0.84212
vn 0.50415 0.25684 -0.82454
vn 0.47214 0.14494 -0.86953
vn -0.46246 -0.08843 0.88222
vn 0.47197 0.40762 -0.78173
vn 0.40937 0.29078 -0.86479
vn 0.41817 0.39802 -0.81652
vn -0.1582 0.89571 0.41555
vn -0.26074 -0.50096 0.82526
vn -0.30758 -0.25049 0.91796
vn -0.42084 -0.03116 0.9066
vn -0.39237 -0.04425 0.91874
vn -0.38584 -0.02807 0.92214
vn -0.39878 -0.05509 0.91539
vn -0.4304 -0.05781 0.90078
vn -0.39164 -0.06303 0.91796
vn 0.35406 0.05548 -0.93357
vn 0.3705 0.03823 -0.92804
vn 0.40641 0.09236 -0.90901
vn -0.40198 -0.1028 0.90986
vn -0.3973 -0.26549 0.87845
vn 0.38802 0.22489 -0.89379
vn 0.39492 0.13753 -0.90836
vn 0.41874 0.28726 -0.86147
vn 0.36384 0.23967 -0.9001
vn 0.37476 0.25691 -0.89081
vn -0.51203 -0.3762 0.77221
vn 0.18401 0.92969 -0.31909
vn -0.40828 0.42969 0.8054
vn 0.38386 0.35249 -0.85346
vn 0.29406 0.74222 -0.60219
vn -0.24447 -0.69819 0.67288
vn 0.3047 0.61966 -0.72331
vn 0.19694 0.83924 -0.50685
vn 0.44701 0.04013 -0.89363
vn 0.42966 0.03931 -0.90213
vn 0.45225 0.03878 -0.89105
vn 0.45422 0.0526 -0.88934
vn 0.46001 0.08966 -0.88337
vn 0.44698 0.14144 -0.88329
vn -0.09117 0.98212 0.16469
vn -0.15957 0.88021 0.44695
vn -0.26292 -0.52058 0.81232
vn -0.20582 -0.72757 0.65443
vn 0.18731 0.7326 -0.65438
vn -0.21059 0.6817 0.70067
vn 0.11979 0.89242 -0.43502
vn -0.37372 -0.01994 0.92733
vn -0.27892 -0.02141 0.96007
vn -0.28731 -0.02744 0.95744
vn 0.29503 0.04417 -0.95447
vn 0.32607 0.04422 -0.94431
vn 0.3529 0.05084 -0.93428
vn 0.32363 0.06128 -0.9442
vn 0.26407 0.06202 -0.96251
vn -0.33585 -0.03432 0.94129
vn 0.34254 0.05503 -0.93789
vn -0.27436 -0.04017 0.96079
vn 0.29219 0.05473 -0.95479
vn 0.2905 0.05577 -0.95525
vn 0.3621 0.099 -0.92687
vn -0.31463 -0.0608 0.94726
vn -0.3489 -0.09823 0.932
vn 0.34534 0.12648 -0.92992
vn -0.22923 -0.07056 0.97081
vn -0.26809 -0.10764 0.95736
vn 0.22917 0.04786 -0.97221
vn 0.35485 0.28147 -0.89155
vn 0.31962 0.27671 -0.90624
vn 0.24844 0.08844 -0.9646
vn 0.22519 0.12172 -0.96668
vn 0.32441 0.39848 -0.85789
vn -0.31029 -0.35245 0.88289
vn -0.14269 -0.73639 0.66134
vn -0.2087 -0.4571 0.86458
vn -0.09759 0.82495 0.55672
vn 0.09674 0.87424 -0.47575
vn -0.23613 -0.3303 0.91387
vn 0.15138 0.5818 -0.79912
vn -0.21137 -0.12581 0.96928
vn -0.16379 -0.16347 0.97286
vn -0.11779 -0.36131 0.92498
vn -0.09206 0.85856 0.50438
vn -0.20533 -0.02235 0.97844
vn -0.13712 -0.01829 0.99039
vn -0.17717 -0.02428 0.98388
vn 0.17526 0.05406 -0.98304
vn -0.21726 -0.02573 0.97577
vn 0.19471 0.05428 -0.97936
vn 0.1483 0.05787 -0.98725
vn -0.22023 -0.04183 0.97455
vn -0.18275 -0.03861 0.9824
vn 0.17374 0.05063 -0.98349
vn -0.17043 -0.06438 0.98326
vn 0.19143 0.1038 -0.976
vn 0.13926 0.06161 -0.98834
vn 0.28221 0.34118 -0.89663
vn 0.24833 0.35798 -0.9001
vn 0.21068 0.21733 -0.95309
vn 0.17209 0.29774 -0.93901
vn 0.16205 0.114 -0.98017
vn 0.20916 0.39661 -0.89384
vn 0.18832 0.37679 -0.90695
vn 0.2324 0.4141 -0.88006
vn -0.06851 -0.01624 0.99752
vn -0.07092 -0.02396 0.99719
vn -0.12266 -0.02577 0.99211
vn -0.13261 -0.03586 0.99052
vn -0.05946 -0.03171 0.99773
vn -0.07764 -0.06787 0.99467
vn -0.11963 -0.06611 0.99062
vn -0.08851 -0.16844 0.98173
vn -0.05831 -0.09281 0.99398
vn -0.14489 -0.41913 0.89629
vn -0.09203 -0.7075 0.7007
vn 0.10896 0.52291 -0.84539
vn 0.04102 0.81424 -0.57908
vn 0.05033 0.3474 -0.93637
vn 0.1028 0.40195 -0.90987
vn -0.06511 0.74451 0.66443
vn 0.00358 0.95878 -0.28412
vn 0.06709 0.64663 -0.75985
vn -0.03781 -0.83496 0.54902
vn -0.03147 0.58825 0.80806
vn 0.06653 0.27135 -0.96018
vn 0.00691 -0.32541 0.94555
vn 0.01737 0.73518 -0.67765
vn 0.02955 0.53899 -0.84179
vn 0.08408 0.03561 -0.99582
vn 0.1137 0.05139 -0.99218
vn 0.15093 0.06201 -0.9866
vn 0.07548 0.05241 -0.99577
vn 0.13691 0.12313 -0.9829
vn 0.08072 0.16225 -0.98344
vn 0.05434 0.19817 -0.97866
vn 0.0139 -0.02529 0.99958
vn -0.04052 -0.03471 0.99858
vn 0.00269 -0.03714 0.99931
vn -0.03887 -0.0602 0.99743
vn 0.03575 0.23878 -0.97041
vn -0.02719 -0.16976 0.98511
vn 0.00918 -0.06581 0.99779
vn 0.01334 0.99959 -0.0253
vn -0.00508 0.86414 -0.50322
vn -0.02284 -0.47297 0.88078
vn 0.02139 0.30682 -0.95153
vn 0.0115 -0.8469 0.53163
vn -0.02329 -0.80004 0.59949
vn -0.02124 0.31378 -0.94926
vn -0.03247 0.77257 -0.63409
vn 0.02787 -0.17472 0.98422
vn 0.05346 -0.36613 0.92903
vn -0.03651 0.57579 -0.81678
vn 0.01111 0.03151 -0.99944
vn 0.04421 0.07043 -0.99654
vn 0.00504 0.08023 -0.99676
vn 0.05281 0.06227 -0.99666
vn 0.00277 0.05291 -0.9986
vn 0.05308 0.10642 -0.9929
vn 0.02086 0.09486 -0.99527
vn 0.01137 0.09699 -0.99522
vn 0.01013 0.17363 -0.98476
vn -0.07577 0.23321 -0.96947
vn -0.97097 -0.22768 -0.0734
vn -0.74185 -0.66496 -0.08655
vn 0.11548 -0.99326 0.00958
vn -0.92752 -0.35781 -0.10811
vn -0.97678 -0.19703 -0.08416
vn -0.81437 -0.57628 -0.06859
vn -0.99026 -0.12787 -0.05514
vn -0.99295 -0.08157 -0.08596
vn 0.9273 0.3691 0.0622
vn 0.78968 0.61198 0.04353
vn -0.998 -0.03624 -0.05187
vn -0.9948 -0.03373 -0.09611
vn 0.99581 0.07338 0.0545
vn 0.98025 0.18432 0.07168
vn -0.99797 -0.00346 -0.0636
vn 0.99694 0.05379 0.05679
vn 0.99823 0.04958 0.0328
vn 0.99398 0.01841 0.10802
vn -0.99894 -0.00147 -0.04591
vn -0.99569 -0.00066 -0.09273
vn 0.99591 0.00612 0.0901
vn -0.93428 -0.32149 -0.15415
vn 0.11129 -0.99379 0.00209
vn -0.97545 -0.13393 -0.17483
vn -0.76711 -0.60953 -0.20007
vn -0.96783 -0.1985 -0.15459
vn -0.8404 -0.51844 -0.15797
vn -0.98288 -0.13217 -0.12837
vn -0.98692 -0.08226 -0.13865
vn 0.95378 0.26701 0.13785
vn 0.85617 0.49805 0.13755
vn 0.76411 0.63346 0.12195
vn -0.989 -0.0347 -0.14382
vn -0.97789 -0.07412 -0.19552
vn 0.98209 0.09387 0.16335
vn 0.97894 0.08177 0.18705
vn 0.90479 0.38405 0.18403
vn 0.97119 0.09946 0.21656
vn -0.99324 -0.00732 -0.11583
vn -0.98727 -0.01011 -0.15874
vn -0.97769 -0.02178 -0.20893
vn 0.98713 0.00829 0.1597
vn 0.98102 0.01076 0.19359
vn -0.99127 0.0101 -0.13144
vn 0.98694 -0.00492 0.16102
vn 0.99554 0.0121 0.09359
vn 0.96727 -0.0358 0.25122
vn 0.96788 -0.03181 0.24939
vn -0.93728 -0.28752 -0.19709
vn -0.87936 -0.40047 -0.25761
vn -0.94431 -0.19943 -0.26175
vn -0.78031 -0.58537 -0.22014
vn -0.8247 -0.4797 -0.2996
vn -0.97022 -0.13205 -0.20307
vn -0.9587 -0.07149 -0.2753
vn -0.96115 -0.02236 -0.27513
vn -0.94271 -0.01736 -0.33315
vn 0.93839 0.22283 0.26416
vn 0.95196 0.07108 0.29785
vn 0.89299 0.38005 0.24109
vn -0.97496 0.00103 -0.2224
vn -0.95301 -0.00484 -0.30291
vn 0.96715 0.01498 0.25376
vn 0.9531 0.00362 0.30264
vn 0.94974 0.00802 0.31293
vn -0.9569 0.00485 -0.29038
vn -0.93827 0.00081 -0.34591
vn 0.94828 -0.02223 0.31667
vn 0.94992 -0.02614 0.31141
vn -0.90063 -0.26824 -0.34193
vn -0.92859 -0.14609 -0.34116
vn -0.93134 -0.05986 -0.3592
vn -0.89106 -0.14681 -0.42948
vn -0.93376 0.00197 -0.35789
vn 0.94718 0.03659 0.31861
vn 0.94142 0.11615 0.31661
vn -0.93252 0.01221 -0.3609
vn -0.93995 0.00992 -0.34116
vn -0.92669 0.01426 -0.37555
vn -0.92512 0.01114 -0.37952
vn 0.89869 -0.20851 0.38584
vn -0.91709 -0.00403 -0.39866
vn -0.90426 -0.06019 -0.42273
vn -0.90993 0.0117 -0.41459
vn 0.42139 -0.90595 0.04108
vn 0.13379 -0.991 0.00508
vn 0.53295 0.84601 0.01515
vn 0.28593 0.95813 -0.01487
vn 0.53587 0.84413 0.01696
vn 0.08279 0.99632 -0.0224
vn 0.12833 0.9914 -0.02582
vn 0.44444 -0.89373 0.06095
vn 0.22449 -0.97419 0.02363
vn 0.14027 -0.99006 0.01071
vn 0.14602 -0.98908 0.01994
vn 0.0463 -0.99891 0.00612
vn 0.64123 0.76367 0.07509
vn 0.35383 0.9353 0.00348
vn 0.08545 0.99448 -0.06094
vn 0.22566 0.97376 -0.02941
vn -0.00315 0.99737 -0.07239
vn -0.90003 -0.33724 -0.27605
vn -0.83163 -0.50602 -0.22878
vn 0.48838 -0.86819 0.08791
vn -0.88899 -0.3114 -0.33574
vn -0.12702 -0.98857 -0.08119
vn 0.47819 -0.85957 0.18023
vn -0.8935 -0.30298 -0.33144
vn 0.14282 -0.98923 0.03204
vn 0.04749 -0.99875 0.01554
vn 0.83891 0.49514 0.226
vn 0.74171 0.65475 0.1455
vn 0.9094 0.31076 0.27644
vn 0.5481 0.83035 0.10055
vn 0.72495 0.65187 0.22253
vn 0.28215 0.95691 0.06869
vn 0.02484 -0.99876 0.04306
vn -0.72074 -0.6186 -0.31284
vn -0.84012 -0.36866 -0.39786
vn 0.15424 -0.98687 0.0479
vn 0.18713 -0.97789 0.09338
vn 0.46902 -0.84701 0.25019
vn -0.71715 -0.56434 -0.40892
vn -0.86249 -0.31969 -0.39231
vn -0.77778 -0.53416 -0.33126
vn 0.79886 0.52421 0.295
vn 0.90455 0.27544 0.32546
vn 0.53405 0.81935 0.20844
vn 0.78555 0.50916 0.35167
vn 0.94133 0.01336 0.33723
vn 0.92374 0.07262 0.37606
vn 0.90171 0.14522 0.40721
vn 0.94712 0.01151 0.32066
vn 0.92034 0.00986 0.39099
vn 0.94578 -0.02608 0.32377
vn 0.94427 -0.0149 0.32884
vn 0.92151 -0.01251 0.38816
vn -0.80255 -0.34926 -0.48366
vn -0.65838 -0.6217 -0.42429
vn -0.75842 -0.51421 -0.40048
vn -0.74592 -0.48743 -0.45389
vn -0.83639 -0.24418 -0.49074
vn -0.77219 -0.34453 -0.53387
vn -0.86626 -0.08094 -0.493
vn 0.85572 0.31297 0.41206
vn 0.74744 0.48832 0.45042
vn -0.88153 -0.01685 -0.47182
vn 0.89011 0.04841 0.45317
vn 0.86157 0.12556 0.49186
vn 0.82206 0.2859 0.49242
vn 0.85057 0.04099 0.52426
vn -0.88366 0.00594 -0.46808
vn 0.88981 0.00795 0.45626
vn 0.8959 -0.00594 0.44422
vn 0.87641 -0.00482 0.48154
vn 0.85962 0.0147 0.51072
vn -0.91989 0.01513 -0.39189
vn -0.89426 0.00343 -0.44754
vn 0.86576 0.00803 0.5004
vn -0.79844 -0.25539 -0.54523
vn -0.6708 -0.56305 -0.48271
vn -0.70654 -0.44109 -0.55339
vn -0.82639 -0.08395 -0.55681
vn -0.84245 -0.03427 -0.53769
vn -0.81947 -0.01428 -0.57295
vn -0.80763 -0.03931 -0.58837
vn -0.78928 -0.10682 -0.60467
vn -0.84535 -0.00055 -0.53421
vn -0.85601 0.00582 -0.51693
vn 0.83055 0.01701 0.55669
vn 0.84123 0.01827 0.54036
vn -0.82481 -0.01182 -0.56529
vn -0.79097 -0.0153 -0.61166
vn -0.01525 0.99966 -0.02126
vn 0.0536 -0.99845 0.01468
vn 0.0524 -0.99847 0.01771
vn -0.02283 0.99756 -0.06595
vn -0.00394 0.9994 -0.03442
vn 0.03932 -0.99912 0.01448
vn 0.03574 0.99852 -0.04087
vn -0.00498 0.99999 0.00019
vn 0.07474 -0.9963 0.04234
vn 0.12319 -0.99058 0.05983
vn 0.0425 -0.99871 0.02785
vn 0.05363 -0.99832 0.02199
vn 0.03195 -0.99915 0.02603
vn 0.11979 0.99032 0.07012
vn 0.23793 0.96406 0.11823
vn 0.57699 0.75077 0.3216
vn 0.01969 0.99963 0.01901
vn 0.4305 -0.86552 0.25602
vn 0.19096 -0.97704 0.0945
vn 0.43684 -0.86337 0.2525
vn -0.72246 -0.49575 -0.48195
vn 0.12425 -0.98944 0.07469
vn 0.45153 -0.83051 0.32614
vn 0.5508 0.73901 0.38792
vn 0.14615 0.98396 0.10234
vn -0.01137 0.99989 0.00929
vn 0.07354 -0.99579 0.05465
vn -0.69646 -0.43123 -0.57357
vn -0.72481 -0.34447 -0.59665
vn -0.6261 -0.5122 -0.58793
vn -0.76125 -0.24966 -0.59847
vn -0.63143 -0.53625 -0.56011
vn 0.67829 0.52693 0.51211
vn 0.76773 0.31045 0.56055
vn 0.21164 0.9526 0.21856
vn 0.55641 0.67388 0.48611
vn 0.65321 0.51689 0.5533
vn 0.3292 0.89111 0.31233
vn 0.81413 0.1213 0.56788
vn 0.82199 0.04841 0.56745
vn 0.79065 0.0517 0.61008
vn 0.79931 0.02326 0.60047
vn 0.8091 0.02377 0.5872
vn -0.68266 -0.33072 -0.65161
vn -0.68638 -0.34131 -0.64218
vn -0.5986 -0.51052 -0.61729
vn -0.74715 -0.17809 -0.64036
vn -0.75758 -0.10581 -0.64411
vn -0.70728 -0.11779 -0.69705
vn -0.71338 -0.2041 -0.6704
vn 0.68302 0.36378 0.63336
vn -0.77255 -0.0513 -0.63288
vn 0.73963 0.16045 0.65361
vn -0.72399 -0.07364 -0.68587
vn -0.73622 -0.02953 -0.6761
vn 0.73625 0.04812 0.675
vn -0.77751 -0.01595 -0.62866
vn -0.74257 -0.0139 -0.66963
vn -0.71259 -0.03202 -0.70085
vn 0.75231 0.03132 0.65807
vn 0.77065 0.01215 0.63714
vn -0.70725 -0.01463 -0.70681
vn 0.0443 -0.99896 0.01052
vn 0.02446 -0.99967 0.0073
vn -0.00977 0.9995 -0.02996
vn 0.01707 0.99963 -0.02116
vn -0.03152 0.99755 -0.06252
vn -0.01109 0.99867 -0.05035
vn 0.00901 0.99869 -0.05039
vn 0.00439 0.99896 -0.04541
vn 0.04413 -0.99876 0.02316
vn -0.00408 0.99999 -0.00266
vn 0.01412 0.99989 -0.00523
vn 0.01195 0.99893 -0.04459
vn 0.01795 0.99984 0.00081
vn 0.03106 -0.99894 0.03408
vn 0.03111 -0.99898 0.0327
vn 0.00098 0.99667 0.08156
vn 0.01452 0.99989 -0.00432
vn 0.10744 0.99076 0.0828
vn 0.45356 -0.81627 0.35775
vn 0.13884 -0.98819 0.06489
vn 0.15859 -0.97353 0.1646
vn 0.02868 -0.99932 0.02335
vn 0.02118 -0.99939 -0.02762
vn 0.12458 -0.98862 0.08436
vn 0.43914 0.80791 0.39298
vn 0.18605 0.97749 0.09948
vn 0.02599 0.99964 0.00711
vn 0.2009 0.96518 0.16755
vn -0.62629 -0.53565 -0.56643
vn -0.02693 -0.9987 -0.04317
vn 0.37111 -0.8388 0.39835
vn -0.59591 -0.36393 -0.71586
vn -0.67494 -0.22631 -0.70231
vn -0.1908 -0.9299 -0.31445
vn 0.08731 -0.98655 0.13816
vn 0.29565 -0.86341 0.4088
vn -0.47401 -0.52712 -0.70531
vn -0.51804 -0.63155 -0.57687
vn 0.53829 0.6875 0.48742
vn 0.58522 0.53633 0.60816
vn 0.62993 0.34132 0.69763
vn 0.37849 0.81219 0.44395
vn 0.42316 0.73396 0.53127
vn 0.57127 0.53252 0.62456
vn 0.71644 0.06441 0.69467
vn 0.68661 0.14033 0.71335
vn 0.69782 0.05773 0.71394
vn 0.6989 0.02646 0.71473
vn -0.61255 -0.33919 -0.71396
vn -0.53024 -0.48959 -0.69221
vn -0.45424 -0.64475 -0.61478
vn -0.64966 -0.20495 -0.73208
vn -0.66523 -0.11508 -0.73771
vn -0.5699 -0.19974 -0.79707
vn 0.5268 0.54147 0.65521
vn -0.53898 -0.34645 -0.76777
vn -0.59132 -0.12123 -0.79728
vn -0.6709 -0.0731 -0.73793
vn -0.67242 -0.0442 -0.73885
vn 0.64208 0.1479 0.75223
vn 0.63116 0.06479 0.77294
vn -0.61306 -0.07157 -0.78678
vn -0.60832 -0.03742 -0.79281
vn 0.58347 0.15023 0.79812
vn -0.67131 -0.02093 -0.74088
vn 0.65207 0.03516 0.75734
vn -0.63332 -0.01766 -0.77369
vn 0.63943 0.03216 0.76818
vn 0.00089 0.99928 -0.03803
vn 0.02045 0.9984 -0.0527
vn 0.02265 -0.99969 0.01048
vn 0.03045 -0.9995 0.00837
vn 0.00694 0.99953 -0.02986
vn 0.01371 0.99989 -0.00501
vn 0.00406 0.99963 -0.02703
vn 0.00598 0.99986 0.01534
vn 0.01083 0.99994 0.00245
vn 0.01471 0.99987 0.00585
vn 0.00689 0.99998 0.00059
vn 0.01235 0.99981 0.01521
vn 0.03453 -0.99851 0.0422
vn 0.03026 -0.9988 0.03842
vn 0.00882 -0.99967 0.02425
vn 0.01154 0.99993 -0.00095
vn 0.1222 -0.97568 0.18199
vn 0.08877 -0.98682 0.13532
vn 0.10708 0.9822 0.15433
vn 0.1807 0.94869 0.25947
vn -0.00059 0.99976 0.02176
vn 0.15064 0.97357 0.17165
vn -0.00777 0.99972 0.02255
vn -0.46697 -0.52447 -0.71195
vn 0.25859 -0.86449 0.43103
vn -0.47495 -0.38046 -0.79352
vn -0.45223 -0.52219 -0.72305
vn -0.40193 -0.67669 -0.61688
vn 0.54956 0.32729 0.76868
vn 0.35799 0.76499 0.53538
vn 0.45096 0.5078 0.73401
vn 0.48143 0.30091 0.82321
vn 0.54586 0.12007 0.82923
vn 0.60921 0.04335 0.79182
vn 0.57125 0.05522 0.81892
vn 0.59761 0.03971 0.8008
vn -0.43532 -0.36453 -0.82317
vn -0.4969 -0.22861 -0.83715
vn -0.51063 -0.10394 -0.8535
vn -0.48532 -0.13577 -0.86373
vn -0.54663 -0.0587 -0.83532
vn -0.50678 -0.03929 -0.86118
vn -0.55351 -0.01986 -0.8326
vn 0.50322 0.06596 0.86164
vn 0.54165 0.03701 0.83979
vn -0.50327 -0.01557 -0.86399
vn -0.60462 -0.01726 -0.79633
vn 0.57279 0.0345 0.81898
vn 0.04017 -0.99916 0.00761
vn 0.04269 -0.99903 0.01051
vn 0.03033 0.99915 -0.02786
vn 0.01696 0.99898 -0.04174
vn 0.02557 0.99923 -0.02978
vn 0.04162 -0.99902 0.01486
vn 0.02301 -0.99961 0.01576
vn 0.03645 -0.99912 0.02054
vn 0.00972 0.99939 -0.03365
vn -0.005 0.99996 0.00694
vn 0.02462 -0.99933 0.02725
vn 0.02606 -0.99914 0.03229
vn 0.00863 0.99987 0.0136
vn -0.00331 0.99983 0.01811
vn 0.0294 -0.99899 0.03392
vn -0.0046 0.99996 0.00819
vn 0.00045 0.99994 0.01135
vn -0.01491 0.99953 0.02694
vn -0.02806 0.99945 0.01751
vn 0.02217 -0.99963 0.01572
vn 0.03492 -0.99851 0.04197
vn 0.01378 0.99977 -0.01668
vn -0.00403 0.99971 -0.02393
vn 0.02043 0.99979 0.00064
vn 0.10447 -0.97407 0.20068
vn -0.34032 -0.71039 -0.61606
vn 0.06938 -0.9916 0.10919
vn 0.02318 -0.99935 0.02758
vn 0.22701 -0.89451 0.38513
vn -0.44131 -0.13819 -0.88665
vn -0.42648 -0.36957 -0.82555
vn 0.15122 -0.93415 0.32325
vn 0.20788 -0.88213 0.42264
vn -0.33182 -0.69282 -0.64023
vn 0.15716 0.96038 0.23016
vn 0.32738 0.76012 0.56129
vn 0.15322 0.94325 0.29462
vn 0.04669 0.99758 0.05152
vn 0.28947 0.72248 0.62788
vn -0.24844 -0.80391 -0.54038
vn -0.38757 -0.55148 -0.73869
vn -0.32328 -0.44112 -0.8372
vn -0.30242 -0.57562 -0.75974
vn -0.37787 -0.37441 -0.84678
vn -0.37732 -0.27114 -0.8855
vn -0.43827 -0.18793 -0.87898
vn -0.42182 -0.10064 -0.90108
vn 0.39354 0.46547 0.79276
vn -0.35576 -0.16338 -0.92019
vn 0.46283 0.17257 0.86948
vn 0.4563 0.11917 0.88181
vn -0.44193 -0.05876 -0.89512
vn 0.38326 0.2703 0.8832
vn -0.45308 -0.02283 -0.89118
vn 0.44237 0.05964 0.89485
vn 0.39195 0.10967 0.91343
vn 0.40485 0.06915 0.91176
vn 0.46363 0.03422 0.88537
vn -0.44065 -0.00917 -0.89763
vn 0.43798 0.04824 0.89769
vn 0.37467 0.05578 0.92548
vn -0.34221 -0.0953 -0.93478
vn -0.36536 -0.05044 -0.9295
vn -0.36637 -0.02219 -0.9302
vn -0.34268 -0.01311 -0.93936
vn 0.02664 -0.99962 0.00664
vn 0.00613 0.99994 -0.00917
vn 0.02928 -0.9994 0.01855
vn 0.01375 0.99943 -0.03068
vn 0.00771 0.9996 -0.02718
vn 0.0065 0.99975 -0.0215
vn 0.00068 0.99998 0.00673
vn 0.00394 0.99997 0.00664
vn 0.01171 0.99956 -0.02711
vn 0.02543 -0.999 0.03665
vn 0.00953 0.99995 0.0008
vn 8E-05 0.99982 0.01889
vn 0.016 -0.99963 0.02219
vn 0.02011 -0.9995 0.02456
vn 0.0054 0.99963 0.02665
vn -0.00154 0.99994 0.01081
vn 0.01524 0.99964 0.02186
vn -0.01496 0.99967 0.0211
vn 0.00821 0.9993 0.03654
vn 0.01998 -0.99915 0.03616
vn 0.01527 -0.99898 0.04254
vn 0.01641 -0.99934 0.03236
vn -0.00932 0.99939 -0.03377
vn -0.01104 0.99728 -0.07282
vn 0.01688 -0.99934 0.03213
vn 0.03307 0.99711 0.06836
vn -0.24585 -0.73589 -0.63089
vn -0.35852 -0.13127 -0.92425
vn 0.06568 -0.96982 0.2348
vn 0.15567 -0.858 0.48949
vn 0.05474 -0.98459 0.1661
vn -0.30166 -0.37369 -0.87713
vn -0.25772 -0.68202 -0.68442
vn -0.30283 -0.32693 -0.89522
vn -0.21838 -0.52373 -0.82342
vn 0.29495 0.45876 0.83818
vn 0.12768 0.92972 0.34544
vn 0.21886 0.69887 0.68094
vn 0.3166 0.13427 0.93901
vn 0.28901 0.28682 0.91335
vn 0.24853 0.14874 0.95714
vn 0.32818 0.07136 0.94191
vn 0.27646 0.05013 0.95972
vn 0.28139 0.07705 0.9565
vn 0.38434 0.03682 0.92246
vn -0.28388 -0.23721 -0.92906
vn -0.29439 -0.13407 -0.94623
vn -0.31017 -0.0478 -0.94948
vn -0.26903 -0.08531 -0.95935
vn 0.24945 0.09246 0.96396
vn -0.27229 -0.04406 -0.96121
vn -0.3035 -0.02592 -0.95248
vn 0.2772 0.04412 0.9598
vn -0.2637 -0.02041 -0.96439
vn 0.27565 0.05117 0.9599
vn 0.27458 0.04364 0.96057
vn -0.24918 -0.0291 -0.96802
vn 0.01845 -0.99982 0.00496
vn -0.01438 0.99983 -0.01184
vn -0.00673 0.99952 -0.03031
vn 0.01576 -0.9998 0.01256
vn 0.02199 -0.99938 0.02761
vn 0.00396 0.99979 -0.02012
vn -0.00318 0.99982 -0.0185
vn -0.00028 0.99994 0.01069
vn -0.00876 0.99993 0.00833
vn 0.01845 -0.99925 0.03397
vn 0.02296 -0.99875 0.04432
vn -0.00787 0.99978 0.0193
vn 0.00198 0.99996 0.00864
vn -0.00553 0.99983 0.01742
vn 0.01009 -0.99963 0.02509
vn -0.00889 0.99976 0.01984
vn -0.00558 0.99952 0.03049
vn 0.00361 0.99963 0.02681
vn 0.01254 -0.99881 0.0472
vn 0.00506 -0.99934 0.03609
vn 0.00687 -0.99928 0.03735
vn -0.02131 0.99968 -0.01395
vn 0.0079 -0.99966 0.02482
vn 0.02636 -0.9911 0.1305
vn -0.01322 0.99756 -0.0686
vn 0.04101 0.9991 -0.01039
vn -0.01169 0.99979 -0.0168
vn 0.05657 -0.96822 0.2436
vn 0.1099 -0.86959 0.48139
vn -0.19509 -0.76288 -0.61641
vn -0.24615 -0.18584 -0.95125
vn -0.23977 -0.34119 -0.9089
vn 0.04233 -0.93591 0.34968
vn 0.04468 -0.98854 0.14423
vn -0.1688 -0.38953 -0.90542
vn -0.09203 -0.66419 -0.74187
vn 0.02202 -0.92303 0.38409
vn -0.20074 -0.65499 -0.72848
vn 0.21647 0.45535 0.8636
vn 0.09634 0.91307 0.39625
vn 0.04191 0.99818 0.04327
vn 0.14293 0.66634 0.73182
vn -0.22458 -0.35197 -0.90867
vn -0.11128 -0.68569 -0.71934
vn -0.15141 -0.51953 -0.84093
vn -0.22461 -0.19101 -0.95554
vn 0.19942 0.29808 0.93348
vn 0.11929 0.44942 0.88532
vn -0.15324 -0.34725 -0.92517
vn -0.204 -0.0864 -0.97515
vn -0.17101 -0.18366 -0.968
vn -0.22866 -0.04238 -0.97258
vn 0.17169 0.14125 0.97497
vn 0.20424 0.08034 0.97562
vn 0.25688 0.07677 0.96339
vn -0.17781 -0.02845 -0.98365
vn 0.21984 0.04906 0.9743
vn -0.16149 -0.03856 -0.98612
vn 0.23895 0.04256 0.9701
vn -0.188 -0.01844 -0.982
vn 0.19449 0.04268 0.97997
vn 0.15759 0.05424 0.98601
vn 0.00334 -0.99997 0.00629
vn -0.0025 0.99995 -0.00976
vn -0.00324 0.99969 -0.02485
vn 0.00202 0.99986 -0.01634
vn 0.00863 0.99972 -0.02195
vn 0.00619 -0.99985 0.01641
vn -0.01268 0.99986 -0.01074
vn -0.00279 0.99994 -0.01053
vn 0.00325 -0.9999 0.01358
vn 0.00558 -0.99972 0.02313
vn -0.00262 0.99995 0.01007
vn -0.00302 1 0.00061
vn 0.00923 -0.99894 0.04509
vn -0.00377 0.99998 0.00538
vn -0.0122 0.99989 0.00794
vn -0.00354 0.99993 0.01157
vn 0.00312 -0.99931 0.03693
vn -0.00444 0.99969 0.0246
vn 0.00347 0.99996 0.00786
vn 0.01086 0.99975 0.0196
vn -0.00396 0.9997 0.02409
vn 0.01072 0.99961 -0.0258
vn 0.00968 -0.99962 0.02571
vn 0.01042 -0.99949 0.03003
vn 0.00959 -0.99839 0.05582
vn -0.01097 0.99408 -0.10806
vn -0.00032 0.99976 -0.02201
vn 0.01265 -0.98488 0.17278
vn -0.15116 -0.08394 -0.98494
vn -0.12745 -0.07202 -0.98923
vn -0.11037 -0.62037 -0.77651
vn 0.05134 -0.90471 0.42292
vn -0.00756 -0.99359 0.11275
vn -0.06374 -0.53952 -0.83956
vn 0.01891 0.98731 0.15768
vn 0.03184 0.90937 0.41476
vn 0.0641 0.6822 0.72835
vn -0.07976 -0.0742 -0.99405
vn -0.0659 -0.42523 -0.90268
vn -0.06824 -0.61889 -0.7825
vn 0.12195 0.28325 0.95126
vn -0.14584 -0.08 -0.98607
vn -0.11627 -0.24903 -0.96149
vn -0.10391 -0.1321 -0.98578
vn 0.12685 0.12742 0.9837
vn 0.11156 0.08436 0.99017
vn 0.06773 0.20235 0.97697
vn -0.07652 -0.03068 -0.9966
vn 0.14665 0.04958 0.98794
vn 0.07728 0.07711 0.99402
vn -0.11256 -0.02541 -0.99332
vn 0.14404 0.03513 0.98895
vn -0.11915 -0.01547 -0.99276
vn 0.09886 0.05732 0.99345
vn 0.07001 0.03437 0.99695
vn -0.05974 -0.01571 -0.99809
vn -0.01348 -0.99987 0.00867
vn -0.01803 -0.99984 -0.00204
vn 0.00238 0.99999 -0.00364
vn -0.0126 0.9999 -0.00691
vn -0.01376 -0.99986 0.00961
vn -0.01221 0.99986 -0.01154
vn -0.00819 0.99984 -0.01613
vn -0.00987 -0.99971 0.02215
vn -0.00456 0.99991 0.01271
vn 0.0011 0.99997 0.00746
vn -0.00829 -0.99889 0.04638
vn -0.00937 -0.99878 0.04844
vn -0.00072 0.9999 0.01403
vn -0.00461 0.99998 0.00433
vn -0.00511 0.99999 0.0005
vn -0.00559 -0.99941 0.03375
vn -0.00589 -0.99958 0.02837
vn -0.0097 0.99992 0.00751
vn 0.00461 0.99977 0.02112
vn -0.00444 -0.99903 0.04371
vn 0.02413 0.99722 -0.0705
vn 0.02287 0.99941 0.0256
vn 0.01138 0.99989 -0.00999
vn -0.00134 -0.99947 0.03248
vn 0.00912 0.99541 -0.09531
vn 0.00401 0.99911 -0.04203
vn 0.02945 -0.72835 0.68457
vn 0.00615 -0.99201 0.12599
vn 0.00724 -0.9302 0.36699
vn -0.02143 -0.97031 0.24091
vn -0.01724 -0.73552 0.67728
vn -0.00091 0.98909 0.14732
vn -0.00553 0.90034 0.43515
vn -0.00276 0.65873 0.75237
vn -0.00077 0.99126 0.13193
vn -0.02202 -0.00918 -0.99972
vn -0.02081 -0.87947 -0.47551
vn 0.00344 -0.16443 -0.98638
vn -0.05317 -0.21169 -0.97589
vn 0.00697 -0.54503 -0.83839
vn 0.0135 -0.69093 -0.7228
vn 0.00643 -0.22182 -0.97507
vn 0.04527 -0.39338 -0.91826
vn 0.05449 0.44108 0.89581
vn -0.06653 -0.07165 -0.99521
vn -0.0041 0.43614 0.89987
vn 0.01793 -0.07227 -0.99722
vn -0.00421 0.10142 0.99484
vn -0.01681 0.12096 0.99252
vn -0.00254 0.27149 0.96244
vn 0.01369 -0.02596 -0.99957
vn 0.00141 0.04017 0.99919
vn -0.0184 0.0935 0.99545
vn -0.04683 -0.01788 -0.99874
vn 0.0116 -0.04126 -0.99908
vn 0.01739 -0.03881 -0.9991
vn -0.00546 -0.01492 -0.99987
vn -0.00995 0.03744 0.99925
vn -0.93968 -0.34178 0.01342
vn -0.96995 -0.24331 0.00207
vn -0.11235 -0.99361 0.01056
vn -0.61857 -0.78565 0.01103
vn -0.72608 0.68759 0.00451
vn -0.55609 0.83106 -0.01003
vn 0.00866 0.99995 -0.00572
vn -0.9893 0.14522 -0.0139
vn -0.96839 -0.24713 -0.03378
vn -0.99935 -0.00215 -0.03595
vn -0.71386 -0.69705 -0.06726
vn -0.0623 -0.9975 0.03326
vn -0.90288 0.42972 -0.01257
vn -0.92177 0.34645 -0.17413
vn -0.71837 0.68666 -0.11154
vn 0.06007 0.99779 0.02846
vn -0.96301 -0.0783 -0.25784
vn -0.08011 -0.9879 0.13283
vn -0.79638 -0.37714 -0.47282
vn -0.68561 0.46787 -0.55771
vn -0.3429 0.93334 -0.10631
vn -0.16807 0.91861 -0.35764
vn -0.44146 0.02163 -0.89702
vn 0.24594 -0.9692 0.013
vn 0.47131 -0.88084 0.04463
vn 0.68052 -0.73037 0.0588
vn 0.53737 0.84293 0.02633
vn 0.99845 0.00189 0.05558
vn 0.32599 0.94532 0.01023
vn 0.24938 -0.96596 0.06876
vn 0.37185 -0.89569 0.24386
vn 0.7483 -0.6076 0.26621
vn 0.89648 -0.43914 0.05904
vn 0.94898 0.28615 0.13251
vn 0.93989 0.07918 0.33218
vn 0.58304 0.7821 0.21995
vn 0.29723 0.95384 0.04302
vn -0.31645 -0.9376 -0.14408
vn 0.01174 -0.92923 0.36931
vn -0.06792 -0.93545 0.34688
vn 0.16978 -0.81957 0.54726
vn 0.4516 -0.57325 0.6837
vn 0.59552 0.1439 0.79035
vn 0.39004 0.81207 0.43406
vn 0.03672 -0.63947 0.76793
vn -0.12195 -0.89566 0.42769
vn 0.14284 0.98961 -0.01639
vn 0.23842 0.96469 0.11191
vn 0.17052 0.98504 0.02482
vn -0.21038 -0.90733 -0.36399
vn -0.16161 -0.97083 -0.17713
vn -0.49583 -0.44168 -0.74771
vn -0.20442 0.52992 -0.82304
vn -0.25093 -0.65384 -0.71381
vn -0.16797 -0.18334 -0.96859
vn -0.05583 0.28578 -0.95667
vn -0.045 0.11015 -0.9929
vn -0.10701 -0.09028 -0.99015
vn 0.09314 0.91744 -0.38681
vn -0.17492 -0.42685 -0.88724
vn -0.01349 0.52841 -0.84888
vn -0.25906 -0.92073 0.29181
vn -0.11909 -0.73056 0.67239
vn 0.19529 -0.30083 0.93347
vn 0.2488 0.89595 0.36793
vn 0.19213 0.95958 0.20563
vn 0.33443 0.33019 0.88268
vn 0.13145 0.03199 0.99081
vn 0.24893 0.61302 0.74983
vn 0.07128 -0.22096 0.97267
vn -0.02706 -0.45767 0.88871
vn -0.39348 -0.91547 -0.08419
vn -0.27656 -0.7278 -0.62755
vn -0.04663 0.09256 -0.99461
vn 0.12137 0.8567 -0.50134
vn -0.09304 -0.15666 -0.98326
vn 0.02697 0.34034 -0.93992
vn -0.22125 -0.77283 0.5948
vn -0.17171 -0.63329 0.75463
vn -0.33492 -0.89383 0.29816
vn -0.0783 -0.40241 0.9121
vn 0.14701 0.56109 0.8146
vn 0.19944 0.9602 0.19554
vn 0.02036 -0.0339 0.99922
vn 0.15857 0.46872 0.869
vn 0.23099 0.93288 0.27636
vn -0.00144 -0.11368 0.99352
vn -0.1982 -0.53603 -0.8206
vn -0.36027 -0.93283 -0.00613
vn -0.26773 -0.77248 -0.57584
vn 0.1594 0.86668 -0.47271
vn -0.03244 -0.02472 -0.99917
vn 0.05838 0.41259 -0.90904
vn -0.99058 -0.10814 -0.08403
vn -0.99627 -0.04733 -0.0722
vn -0.99339 -0.06185 -0.09674
vn -0.98747 -0.10882 -0.11428
vn -0.99025 -0.10944 -0.0862
vn -0.96216 -0.26155 -0.07644
vn -0.99708 -0.01492 -0.07487
vn -0.60777 0.79335 -0.0349
vn -0.74528 -0.66675 0.00207
vn -0.73604 -0.67626 -0.03027
vn -0.67036 -0.74118 -0.03571
vn -0.86048 -0.50546 -0.06395
vn 0.80418 0.59211 0.052
vn 0.90131 0.4265 0.07574
vn -0.99256 -0.07667 -0.09455
vn -0.98278 -0.14889 -0.10942
vn -0.96377 -0.17637 -0.2001
vn -0.41996 0.89266 -0.16371
vn 0.26563 0.96034 -0.0848
vn -0.69786 -0.70638 -0.11839
vn -0.88617 0.40914 -0.21749
vn -0.67772 -0.73223 -0.06735
vn 0.61725 0.78549 0.04496
vn 0.75705 0.64939 0.07193
vn -0.8848 -0.43121 -0.1766
vn 0.86444 0.492 0.10332
vn -0.21188 -0.60888 0.76444
vn -0.5058 -0.33345 0.7956
vn -0.52779 -0.56017 0.63847
vn -0.40116 -0.03958 0.91515
vn 0.06612 0.98713 0.1456
vn -0.06209 0.5201 0.85185
vn -0.77628 0.54558 0.31581
vn -0.96456 -0.20142 -0.17043
vn -0.34912 0.93609 -0.043
vn -0.85941 -0.36601 -0.35699
vn -0.70711 -0.69395 -0.13574
vn 0.71648 0.68717 0.12021
vn 0.32339 0.94011 0.10779
vn -0.73298 -0.6316 -0.25263
vn -0.0785 -0.23283 -0.96934
vn -0.26951 -0.76788 -0.58114
vn -0.01448 0.05322 -0.99848
vn -0.65513 -0.75137 0.07911
vn -0.22586 -0.17912 -0.95755
vn -0.51654 -0.58748 -0.62294
vn 0.1711 0.90753 -0.38355
vn -0.32808 0.86046 -0.38983
vn -0.03123 0.66336 -0.74765
vn -0.33629 0.07226 -0.93898
vn -0.59944 0.7708 -0.21574
vn -0.57126 0.76847 -0.28831
vn 0.62301 0.75228 0.21434
vn -0.6862 -0.6109 -0.39488
vn -0.7952 -0.43009 -0.42742
vn 0.33313 0.92871 0.16285
vn -0.99948 -0.02392 -0.02179
vn -0.99558 -0.04893 -0.08019
vn 0.99351 0.02822 0.11021
vn 0.98498 0.08633 0.14956
vn -0.99105 -0.10855 -0.07773
vn 0.99048 0.09794 0.09673
vn 0.99165 0.11531 0.05774
vn 0.98945 0.11382 0.08959
vn 0.98503 0.14384 0.09495
vn 0.97697 0.19944 0.07586
vn -0.98859 -0.0003 -0.15065
vn 0.98336 -0.00257 0.18166
vn 0.97414 0.00876 0.22577
vn 0.97983 0.03623 0.19655
vn -0.98738 -0.06167 -0.14587
vn -0.97591 -0.00264 -0.21814
vn 0.97304 0.05464 0.22405
vn 0.95847 0.02241 0.28433
vn -0.9767 -0.11256 -0.18271
vn -0.97234 -0.05436 -0.22718
vn 0.96835 0.1111 0.22352
vn 0.95148 0.10399 0.28961
vn -0.98826 -0.12139 -0.09274
vn 0.98117 0.11722 0.1535
vn 0.97215 0.15305 0.17747
vn 0.95577 0.15013 0.2529
vn 0.94803 0.28924 0.13261
vn 0.94755 0.2398 0.21127
vn 0.89913 0.39517 0.18818
vn 0.93724 0.20793 0.27989
vn -0.95101 0.00844 -0.30903
vn 0.96644 0.01058 0.25668
vn 0.94619 -0.00057 0.32362
vn 0.94163 -0.0104 0.33648
vn -0.94904 -0.09313 -0.30108
vn 0.92324 -0.04104 0.38201
vn 0.93626 -0.01223 0.3511
vn 0.95622 0.02135 0.29185
vn -0.97372 -0.16217 -0.15987
vn -0.92748 -0.37361 0.01404
vn -0.91475 -0.14861 -0.3757
vn 0.92068 0.12187 0.3708
vn 0.92728 0.18478 0.32558
vn 0.94679 0.05558 0.31702
vn 0.96938 0.08561 0.23017
vn -0.98972 0.01811 0.14185
vn -0.97199 -0.2264 0.06301
vn 0.93223 0.22302 0.28496
vn -0.98353 0.01706 -0.17997
vn 0.89188 0.36233 0.27068
vn 0.79584 0.57681 0.18416
vn -0.92363 -0.03524 -0.38167
vn 0.7786 0.55928 0.2846
vn -0.92818 0.02105 -0.37153
vn -0.92265 0.00567 -0.38559
vn -0.83985 -0.44368 -0.31273
vn -0.72889 -0.23789 -0.64197
vn -0.55414 -0.20788 -0.80605
vn -0.8563 -0.08616 -0.50924
vn -0.76574 -0.08426 -0.63761
vn 0.95897 0.17168 0.22562
vn -0.90783 -0.01541 -0.41905
vn -0.5484 -0.11623 -0.8281
vn -0.68512 -0.08134 -0.72387
vn 0.91011 0.21703 0.35299
vn 0.91166 0.28399 0.29702
vn -0.8653 -0.09397 -0.49237
vn 0.91453 0.15784 0.37246
vn 0.90731 0.13735 0.3974
vn 0.89718 0.20329 0.39211
vn -0.5823 0.3998 -0.70787
vn -0.78802 -0.02225 -0.61524
vn -0.85913 -0.32208 -0.3977
vn -0.84404 -0.28759 -0.45264
vn 0.85706 0.35896 0.3696
vn -0.64745 -0.64748 -0.40197
vn -0.86461 -0.1602 -0.47621
vn 0.8646 0.32821 0.38046
vn 0.66455 0.68207 0.30523
vn 0.74733 0.56665 0.34699
vn 0.60505 0.73061 0.31643
vn 0.25207 0.95868 0.1319
vn -0.93638 -0.04755 -0.34774
vn -0.92362 -0.12886 -0.36099
vn -0.87585 -0.25777 -0.40798
vn -0.71788 0.6174 -0.32166
vn -0.78373 -0.45567 -0.42205
vn -0.67503 -0.64734 -0.35395
vn -0.37349 0.92142 -0.10716
vn 0.48042 0.84765 0.22513
vn -0.87863 -0.25406 -0.4043
vn 0.62788 0.7145 0.30865
vn -0.60299 -0.73509 -0.30992
vn 0.78125 0.51165 0.35758
vn -0.79889 -0.40331 -0.44622
vn -0.29779 0.94376 -0.14366
vn -0.83266 -0.30648 -0.46124
vn -0.7736 -0.38596 -0.50256
vn -0.33454 0.91484 -0.22618
vn -0.60649 -0.7033 -0.37087
vn 0.94807 -0.01367 0.31776
vn 0.94465 -0.02953 0.32676
vn 0.9449 -0.02977 0.32599
vn 0.94002 -0.02341 0.34031
vn 0.94445 0.01136 0.32846
vn 0.93916 0.10084 0.32833
vn 0.9313 0.07876 0.35563
vn 0.9427 -0.02201 0.3329
vn 0.91465 -0.00505 0.40422
vn 0.89454 0.01329 0.44679
vn -0.93116 0.00331 -0.3646
vn 0.92761 0.01833 0.37309
vn -0.90299 -0.00783 -0.4296
vn -0.91166 -0.02853 -0.40996
vn 0.90284 0.03638 0.42843
vn -0.90772 -0.07067 -0.41358
vn 0.92217 0.07687 0.37907
vn 0.90963 0.14484 0.38935
vn 0.89705 0.09171 0.43231
vn -0.89422 -0.14929 -0.422
vn 0.89533 0.17965 0.40758
vn 0.87742 0.15726 0.45322
vn -0.84196 -0.24761 -0.47938
vn 0.84873 0.35716 0.38998
vn 0.80498 0.36868 0.46485
vn -0.85964 -0.01108 -0.51078
vn 0.84643 0.02483 0.53192
vn -0.86702 -0.0234 -0.49773
vn 0.88386 0.03696 0.46629
vn -0.82661 -0.03055 -0.56195
vn -0.83323 -0.0404 -0.55145
vn 0.85466 0.04856 0.51691
vn -0.87125 -0.04853 -0.48844
vn 0.86489 0.07606 0.49616
vn -0.85309 -0.15692 -0.49761
vn -0.85477 -0.08682 -0.51169
vn 0.85699 0.13067 0.4985
vn 0.78611 0.41699 0.45623
vn -0.81481 -0.1487 -0.56033
vn -0.77758 -0.29714 -0.55415
vn 0.83295 0.20241 0.51501
vn -0.81963 -0.0762 -0.5678
vn 0.78355 0.32084 0.53208
vn 0.80954 0.19206 0.55476
vn 0.82243 0.11894 0.5563
vn 0.74576 0.49996 0.44032
vn 0.47444 0.82347 0.31113
vn 0.59923 0.70308 0.38289
vn 0.71796 0.47672 0.50722
vn 0.56704 0.70135 0.43194
vn -0.76598 -0.17375 -0.61894
vn -0.7592 -0.3677 -0.53703
vn -0.47272 0.56855 -0.67327
vn -0.61751 -0.61654 -0.48842
vn -0.01914 0.96576 -0.25872
vn -0.58839 -0.47696 -0.65292
vn -0.71647 -0.28227 -0.63796
vn 0.47678 0.80368 0.35605
vn -0.21965 0.94572 -0.23952
vn 0.68596 0.50562 0.52326
vn -0.5744 -0.63601 -0.51531
vn 0.79873 0.02742 0.60106
vn 0.80471 0.04408 0.59204
vn 0.81669 0.06484 0.57342
vn 0.7983 0.09008 0.59549
vn 0.7644 0.19767 0.6137
vn -0.79453 -0.02381 -0.60675
vn 0.75716 0.01978 0.65293
vn -0.72159 -0.0101 -0.69224
vn -0.75039 -0.02718 -0.66044
vn 0.75009 0.03321 0.6605
vn 0.75784 0.05185 0.65038
vn -0.79125 -0.04571 -0.60979
vn -0.74294 -0.03933 -0.6682
vn 0.71883 0.0637 0.69226
vn -0.68313 -0.01846 -0.73006
vn -0.76812 -0.06968 -0.6365
vn 0.76637 0.12788 0.62954
vn 0.72622 0.15316 0.67018
vn 0.70079 0.10618 0.70542
vn -0.72621 -0.0569 -0.68511
vn -0.70388 -0.03711 -0.70935
vn 0.70721 0.08445 0.70195
vn 0.67388 0.34541 0.65312
vn 0.703 0.43668 0.56133
vn -0.72534 -0.09779 -0.68141
vn -0.71137 -0.19794 -0.67437
vn 0.6969 0.16407 0.69815
vn 0.6726 0.27961 0.68515
vn 0.6204 0.51533 0.59122
vn 0.47674 0.7792 0.40689
vn 0.58256 0.53063 0.61567
vn -0.6914 -0.08189 -0.71781
vn -0.66079 -0.1959 -0.72455
vn -0.66921 -0.34567 -0.65778
vn -0.24534 0.93642 -0.25085
vn -0.44415 -0.76256 -0.47036
vn -0.62422 -0.43574 -0.64844
vn 0.35674 0.86702 0.34788
vn -0.61387 -0.46846 -0.63539
vn -0.40959 0.75214 -0.51626
vn 0.51065 0.55698 0.65499
vn -0.51375 -0.54611 -0.66169
vn 0.28982 0.88086 0.37429
vn 0.69966 0.02576 0.71401
vn 0.70575 0.03712 0.70749
vn 0.65999 0.04049 0.75018
vn -0.64517 -0.01621 -0.76387
vn 0.63918 0.03973 0.76803
vn -0.61494 -0.01635 -0.7884
vn 0.63904 0.03796 0.76823
vn -0.66451 -0.0281 -0.74675
vn 0.67589 0.05363 0.73505
vn -0.61005 -0.03052 -0.79177
vn -0.64977 -0.05926 -0.75782
vn 0.65262 0.11285 0.74923
vn 0.60065 0.09041 0.79439
vn 0.59572 0.14763 0.7895
vn 0.63707 0.19431 0.74591
vn -0.66149 -0.09047 -0.74448
vn 0.6381 0.3017 0.70839
vn -0.60041 -0.2805 -0.74889
vn -0.6224 -0.08528 -0.77804
vn 0.58016 0.23349 0.78032
vn 0.54475 0.15751 0.82367
vn 0.56743 0.35724 0.74189
vn 0.35952 0.78138 0.51009
vn -0.60599 -0.01462 -0.79534
vn -0.59869 -0.06068 -0.79868
vn -0.54737 -0.28778 -0.78585
vn -0.56169 -0.08165 -0.82331
vn -0.30177 0.90732 -0.29276
vn -0.38674 -0.73487 -0.55714
vn -0.52346 -0.40613 -0.74904
vn -0.30911 0.86706 -0.39072
vn 0.44318 0.64326 0.62435
vn 0.29187 0.85128 0.43604
vn -0.20676 0.93336 -0.2934
vn 0.60543 0.03394 0.79517
vn 0.55979 0.03999 0.82767
vn 0.5485 0.10582 0.82943
vn -0.55321 -0.01103 -0.83297
vn -0.50701 -0.01342 -0.86183
vn -0.49352 -0.01153 -0.86966
vn -0.55082 -0.01843 -0.83442
vn 0.51784 0.02285 0.85517
vn 0.52757 0.03213 0.8489
vn -0.54795 -0.03595 -0.83574
vn -0.50274 -0.02929 -0.86394
vn 0.54434 0.04761 0.83752
vn -0.53823 -0.06109 -0.84058
vn -0.46253 -0.06512 -0.88421
vn 0.51234 0.08946 0.85411
vn 0.48372 0.04199 0.87421
vn 0.52668 0.25025 0.8124
vn 0.51229 0.43098 0.74285
vn -0.47717 -0.09015 -0.87418
vn 0.49067 0.21969 0.8432
vn -0.49419 -0.30577 -0.8138
vn -0.45813 -0.07887 -0.88538
vn 0.45645 0.4117 0.78877
vn 0.35339 0.72664 0.58916
vn -0.32884 -0.75627 -0.56561
vn -0.52454 -0.53441 -0.66277
vn -0.4186 -0.29623 -0.8585
vn -0.43844 0.38444 -0.81239
vn -0.42472 -0.52009 -0.74103
vn 0.02224 0.98002 -0.19765
vn 0.32882 0.6544 0.68091
vn -0.33393 0.73199 -0.59387
vn -0.26894 -0.76044 -0.5911
vn -0.22636 -0.83867 -0.49538
vn 0.47729 0.02601 0.87836
vn 0.46655 0.02633 0.8841
vn -0.43695 -0.01142 -0.89941
vn 0.40582 0.01689 0.9138
vn 0.39447 0.04075 0.918
vn -0.4476 -0.02906 -0.89376
vn 0.43562 0.046 0.89895
vn 0.48064 0.09297 0.87198
vn 0.42207 0.08668 0.90241
vn 0.4304 0.30419 0.84984
vn 0.42934 0.17033 0.88694
vn -0.37105 -0.01222 -0.92853
vn -0.35819 -0.02016 -0.93343
vn -0.36758 -0.03605 -0.92929
vn -0.39015 -0.05576 -0.91906
vn -0.41755 -0.0862 -0.90455
vn 0.37572 0.27273 0.8857
vn 0.40903 0.30714 0.85927
vn 0.35567 0.0886 0.9304
vn 0.35991 0.15971 0.91922
vn -0.37093 -0.10328 -0.9229
vn 0.08712 0.98322 0.16025
vn 0.29639 0.69789 0.652
vn -0.4599 0.19326 -0.86668
vn 0.39895 0.35625 0.84494
vn -0.27197 0.69323 -0.66743
vn -0.27222 -0.33587 -0.90171
vn 0.21983 0.81866 0.53054
vn -0.36924 -0.33526 -0.86676
vn 0.31979 0.54037 0.77829
vn -0.07952 0.98617 -0.14544
vn 0.27446 0.04959 0.96032
vn 0.31406 0.02728 0.94901
vn 0.33496 0.06203 0.94019
vn -0.31165 -0.01513 -0.95008
vn 0.28471 0.03911 0.95781
vn -0.27358 -0.01846 -0.96167
vn 0.29152 0.04563 0.95548
vn -0.25966 -0.01544 -0.96558
vn -0.31257 -0.03313 -0.94932
vn 0.32185 0.09174 0.94234
vn -0.27105 -0.0369 -0.96186
vn 0.24841 0.07001 0.96612
vn 0.27399 0.04109 0.96086
vn -0.33127 -0.07104 -0.94086
vn -0.26208 -0.07148 -0.96239
vn 0.33678 0.27508 0.90051
vn 0.33493 0.38699 0.85911
vn -0.28082 -0.12894 -0.95106
vn -0.3193 -0.40217 -0.85809
vn 0.28939 0.19587 0.93696
vn 0.29362 0.13616 0.94618
vn -0.21137 -0.7873 -0.5792
vn 0.22303 0.66997 0.70809
vn 0.10892 0.96343 0.24482
vn 0.2499 0.32651 0.91156
vn 0.22442 0.44033 0.86934
vn -0.21917 -0.35583 -0.90849
vn -0.18819 0.79805 -0.57244
vn -0.17061 -0.81784 -0.54958
vn -0.23985 0.2479 -0.93863
vn 0.22701 0.03971 0.97308
vn -0.18849 -0.01707 -0.98193
vn 0.21277 0.03998 0.97628
vn -0.20323 -0.01975 -0.97893
vn 0.20857 0.05275 0.97658
vn 0.20138 0.06948 0.97704
vn -0.20527 -0.03824 -0.97796
vn 0.15715 0.04288 0.98664
vn 0.15821 0.07127 0.98483
vn 0.21683 0.11247 0.96971
vn 0.14459 0.09034 0.98536
vn 0.18979 0.15697 0.9692
vn -0.16316 -0.07072 -0.98406
vn -0.14369 -0.03604 -0.98897
vn 0.25441 0.30851 0.91657
vn 0.20962 0.30526 0.92891
vn -0.19729 -0.1686 -0.96574
vn -0.12121 -0.09673 -0.9879
vn 0.15804 0.42169 0.89286
vn 0.17622 0.31731 0.9318
vn -0.1513 -0.16115 -0.97526
vn 0.14135 0.7608 0.63341
vn -0.17496 -0.72828 -0.66257
vn -0.20567 -0.43607 -0.8761
vn -0.11093 0.9016 -0.4181
vn -0.10961 -0.7711 -0.6272
vn -0.11706 -0.38566 -0.91518
vn -0.12529 0.74013 -0.66069
vn 0.04425 0.98633 0.15871
vn -0.13346 -0.20634 -0.96934
vn -0.12516 -0.01703 -0.99199
vn 0.08919 0.0333 0.99546
vn -0.06719 -0.01702 -0.99759
vn -0.13231 -0.01832 -0.99104
vn 0.12439 0.04854 0.99105
vn -0.08343 -0.02415 -0.99622
vn 0.07713 0.04668 0.99593
vn 0.09667 0.08839 0.99138
vn -0.07145 -0.03423 -0.99686
vn 0.14629 0.12593 0.98119
vn 0.14653 0.22637 0.96296
vn 0.10691 0.17985 0.97787
vn 0.12218 0.27464 0.95375
vn 0.0758 0.18661 0.97951
vn 0.06057 0.34764 0.93567
vn -0.07285 -0.07124 -0.9948
vn -0.05486 -0.10177 -0.99329
vn -0.05812 -0.15394 -0.98637
vn -0.06368 -0.86401 -0.49944
vn 0.10496 0.61142 0.78431
vn 0.06441 0.85017 0.52255
vn -0.03874 -0.76536 -0.64243
vn -0.10546 0.58746 -0.80236
vn -0.01655 0.99645 0.08256
vn -0.10527 -0.6312 -0.76844
vn 0.04665 0.36264 0.93076
vn -0.03547 -0.3742 -0.92667
vn 0.01374 0.69721 0.71674
vn 0.011 0.85957 0.51089
vn 0.03609 0.03542 0.99872
vn -0.01415 -0.01787 -0.99974
vn -0.01998 0.03729 0.9991
vn 0.00459 0.03794 0.99927
vn -0.01243 -0.02447 -0.99962
vn 0.03947 0.07447 0.99644
vn 0.00036 0.07935 0.99685
vn 0.03033 0.1513 0.98802
vn 0.01348 0.25424 0.96705
vn 0.01362 0.1672 0.98583
vn -0.04924 -0.033 -0.99824
vn 0.01322 -0.02028 -0.99971
vn -0.00217 -0.02892 -0.99958
vn 0.00538 -0.06764 -0.9977
vn 0.02047 0.277 0.96065
vn 0.0098 -0.14403 -0.98952
vn -0.0987 -0.2821 -0.95429
vn 0.00626 -0.78909 -0.61425
vn -0.03651 0.99484 -0.09469
vn -0.02592 0.59827 -0.80088
vn -0.00794 -0.86088 -0.50875
vn 0.12958 -0.35244 -0.92682
vn -0.01682 0.94811 0.3175
vn 0.05937 0.67163 -0.7385
vn 0.04421 -0.02936 0.99859
vn 0.04063 -0.03001 0.99872
vn 0.00174 -0.98078 -0.19509
vn 0.10726 -0.40455 0.90821
vn 0.11046 -0.09919 0.98892
vn 0.16872 -0.71731 0.67602
vn 0.06751 -0.34449 0.93636
vn 0.06955 -0.20735 0.97579
vn 0.1016 -0.62341 0.77526
vn 0.06032 -0.13081 0.98957
vn 0.08311 -0.13073 0.98793
vn 0.04045 -0.10193 0.99397
vn -0.07726 0.41688 -0.90567
vn -0.09964 0.25253 -0.96245
vn -0.08654 0.551 -0.83001
vn -0.05735 0.74178 -0.66819
vn -0.109 0.08856 -0.99009
vn 0.10131 -0.11751 0.98789
vn 0.0991 -0.03582 0.99443
vn -0.08639 0.12429 -0.98848
vn 0.10073 -0.03778 0.9942
vn -0.10874 0.07012 -0.99159
vn -0.0784 0.06318 -0.99492
vn 0.10775 -0.0379 0.99346
vn -0.04344 0.0353 -0.99843
vn -0.08079 0.03435 -0.99614
vn -0.0037 -0.9993 -0.0371
vn -0.01591 -0.9714 -0.23691
vn -0.06079 -0.81647 -0.57418
vn -0.01432 -0.99863 -0.05031
vn 0.00293 0.93327 -0.35917
vn 0.00924 0.99889 0.04621
vn -0.0259 0.91376 -0.40542
vn 0.01684 0.9713 -0.23725
vn 0.04474 0.99891 0.01349
vn 0.03044 0.99467 0.09855
vn -0.00862 -0.99912 -0.04095
vn 0.01916 0.99891 0.04255
vn 0.01953 0.99841 0.05279
vn -0.01629 -0.99813 -0.05886
vn -0.01468 -0.9992 -0.03728
vn 0.00486 0.99938 0.03479
vn 0.0222 0.99944 0.02524
vn 0.02117 0.99978 0.00037
vn -0.003 -0.99969 -0.02463
vn 0.02751 0.99943 0.01957
vn -0.00945 -0.99935 -0.03475
vn -0.01089 -0.99953 -0.02877
vn 0.02988 0.99937 0.0191
vn 0.02138 0.99956 0.02034
vn 0.02153 0.99975 0.00539
vn -0.01557 -0.99953 -0.02625
vn -0.00747 -0.99978 -0.01945
vn -0.00553 -0.99894 -0.04561
vn 0.04462 0.99893 0.01237
vn 0.03631 0.99925 0.0137
vn -0.00829 -0.99987 -0.01375
vn -0.018 -0.99962 -0.02107
vn 0.03258 0.99946 -0.00301
vn 0.03264 0.99947 -0.0011
vn -0.01874 -0.99981 -0.00463
vn 0.02432 0.99848 -0.04947
vn 0.02279 0.99968 -0.01134
vn 0.00174 0.99958 -0.0291
vn -0.00285 0.99998 0.00506
vn 0.00183 0.99998 0.00547
vn 0.09144 -0.00958 0.99576
vn 0.17776 -0.27915 0.94365
vn 0.09121 -0.99289 -0.07652
vn 0.14718 -0.70214 0.69666
vn 0.18744 -0.38869 0.9021
vn 0.15717 -0.43343 0.88738
vn 0.16324 -0.26018 0.95166
vn 0.18535 -0.58391 0.79037
vn 0.16425 -0.1435 0.97593
vn 0.14793 -0.12543 0.98101
vn -0.15823 0.27145 -0.94936
vn -0.17882 0.40814 -0.89523
vn -0.1345 0.07337 -0.98819
vn 0.14667 -0.03691 0.9885
vn 0.17986 -0.11426 0.97703
vn -0.1487 0.11349 -0.98235
vn -0.20937 0.16926 -0.96308
vn 0.20156 -0.03286 0.97892
vn -0.17125 0.06768 -0.9829
vn 0.15819 -0.04408 0.98643
vn -0.14593 0.07948 -0.9861
vn 0.17638 -0.03633 0.98365
vn -0.14358 0.08205 -0.98623
vn 0.22075 -0.02275 0.97506
vn -0.22748 0.05253 -0.97236
vn -0.16507 0.03643 -0.98561
vn 0.16777 -0.00859 0.98579
vn -0.20272 0.02517 -0.97891
vn 0.22865 -0.00871 0.97347
vn -0.01361 -0.9575 -0.28811
vn -0.10269 -0.84899 -0.51834
vn -0.05088 -0.94883 -0.31167
vn -0.04354 -0.97766 -0.20561
vn 0.01941 0.99981 0.00206
vn 0.02805 0.99224 0.12116
vn -0.08754 0.84638 -0.52534
vn -0.02676 0.98208 -0.18658
vn 0.02537 0.9975 0.06593
vn -0.02474 -0.99859 -0.04702
vn -0.02357 -0.99972 -0.00325
vn 0.02675 0.9981 0.05556
vn 0.03136 0.99859 0.04285
vn 0.00877 0.99729 0.07308
vn -0.03023 -0.99844 -0.04697
vn 0.01721 0.99985 0.00282
vn 0.01779 0.99984 0.00011
vn -0.02358 -0.99922 -0.03153
vn 0.01667 0.9998 0.01095
vn 0.01969 0.99969 0.01534
vn -0.01786 -0.99907 -0.03934
vn -0.01941 -0.99899 -0.04052
vn 0.00573 0.99989 0.01378
vn -0.01375 -0.99961 -0.0244
vn 0.02118 0.99973 0.00991
vn 0.00944 0.99988 0.01207
vn 0.00658 0.9999 0.01236
vn -0.01095 -0.99984 -0.01388
vn -0.01181 -0.99992 -0.00352
vn -0.00431 -0.99977 -0.02098
vn -0.00537 0.99995 -0.00859
vn 0.00335 0.99974 -0.0227
vn 0.01666 0.99973 -0.01619
vn -0.01103 -0.99992 0.00546
vn -0.01294 -0.99991 0.00276
vn -0.00395 0.99999 0.00064
vn 0.01642 0.99985 0.00492
vn 0.27449 -0.18749 0.94313
vn 0.26596 -0.26744 0.92614
vn 0.2469 -0.15254 0.95696
vn 0.23618 -0.42994 0.87142
vn 0.25215 -0.56037 0.78893
vn 0.29235 -0.3524 0.88901
vn 0.24277 -0.35268 0.9037
vn 0.29483 -0.4241 0.85628
vn 0.24564 -0.12523 0.96124
vn -0.2795 0.21406 -0.93598
vn -0.27646 0.40926 -0.86953
vn 0.32509 -0.13133 0.93652
vn 0.34019 -0.11133 0.93375
vn 0.26511 -0.1 0.95902
vn -0.23361 0.07398 -0.96951
vn 0.27484 -0.02925 0.96104
vn -0.30796 0.05724 -0.94968
vn -0.33773 0.02723 -0.94085
vn 0.27827 -0.01243 0.96042
vn -0.28397 0.0412 -0.95795
vn -0.29492 0.02457 -0.95521
vn 0.32129 -0.02739 0.94659
vn -0.2717 0.03118 -0.96188
vn 0.28865 -0.01054 0.95738
vn -0.31239 0.03696 -0.94923
vn 0.33499 -0.00716 0.9422
vn 0.19013 -0.7332 0.65289
vn -0.15917 -0.86796 -0.47044
vn -0.06751 -0.99169 -0.10951
vn 0.04167 -0.98534 0.16544
vn 0.02056 0.9985 0.05073
vn -0.09907 0.96456 -0.24455
vn 0.21526 0.96465 -0.15201
vn -0.19322 0.61052 -0.76807
vn -0.12594 0.8323 -0.53982
vn -0.02456 -0.99903 -0.03665
vn -0.05454 -0.99688 -0.05707
vn -0.04026 -0.99819 -0.04467
vn 0.00418 0.99998 0.00425
vn 0.00193 0.99698 0.07761
vn -0.03423 -0.9984 -0.04494
vn 0.01798 0.99968 0.0179
vn 0.0134 0.99978 0.01622
vn -0.02029 -0.99914 -0.03609
vn 0.00553 0.9998 0.01946
vn -0.02272 -0.99904 -0.03741
vn -0.02551 -0.99909 -0.03429
vn 0.00902 0.9999 0.01062
vn 0.00999 0.99992 0.00791
vn -0.02474 -0.99931 -0.02752
vn -0.02536 -0.99946 -0.02104
vn 0.00517 0.99998 0.00368
vn -0.01908 -0.99982 0.00093
vn 0.01057 0.99993 -0.00606
vn 0.01573 0.99978 -0.01401
vn -0.02003 -0.99976 -0.00883
vn -0.03107 -0.9995 -0.00528
vn 0.34888 -0.24839 0.90365
vn 0.39509 -0.14833 0.90659
vn 0.44764 -0.30022 0.84231
vn 0.34576 -0.09115 0.93389
vn -0.36133 0.10114 -0.92694
vn 0.36738 -0.03296 0.92949
vn 0.41746 -0.08708 0.90451
vn -0.37683 0.02955 -0.92581
vn -0.37223 0.03052 -0.92764
vn 0.37962 -0.0063 0.92512
vn 0.42336 -0.03668 0.90522
vn -0.3462 0.03897 -0.93735
vn 0.33773 -0.01434 0.94113
vn 0.37617 -0.00835 0.92651
vn 0.31741 -0.2217 0.92201
vn 0.26339 -0.69925 0.66459
vn -0.20508 -0.90244 -0.37887
vn -0.13325 -0.96023 -0.24537
vn 0.39 -0.39529 0.83165
vn 0.40789 -0.19707 0.89151
vn 0.02831 -0.9996 0.00071
vn 0.26388 -0.74424 0.61357
vn 0.2956 -0.64416 0.70547
vn 0.34839 -0.45237 0.82097
vn -0.23688 0.66657 -0.7068
vn -0.36126 0.42459 -0.83019
vn -0.35972 0.24297 -0.90087
vn -0.31233 0.75003 -0.58302
vn -0.14023 0.95813 -0.24962
vn -0.41779 0.12045 -0.90052
vn -0.41378 0.03131 -0.90984
vn -0.48703 0.03363 -0.87274
vn -0.39541 0.02982 -0.91802
vn -0.41123 0.04654 -0.91034
vn -0.02002 -0.99925 -0.03319
vn -0.21788 -0.89153 -0.39711
vn -0.0011 1 0.00077
vn 0.0162 0.99676 0.07876
vn 0.02068 0.99405 0.10699
vn 0.0008 0.995 -0.09987
vn -0.04005 -0.99858 -0.03524
vn 0.02138 0.99976 -0.00464
vn 0.01355 0.99834 0.05603
vn -0.03839 -0.99822 -0.04573
vn 0.02186 0.99956 0.01999
vn 0.02249 0.99971 -0.00854
vn 0.01916 0.99974 0.01269
vn -0.03622 -0.99847 -0.04176
vn -0.0213 -0.99838 -0.05269
vn 0.02142 0.99967 0.01439
vn 0.02046 0.99943 0.02688
vn -0.03426 -0.9991 -0.02486
vn 0.02492 0.99964 0.00995
vn -0.03377 -0.99924 -0.01924
vn -0.04588 -0.99874 -0.02049
vn 0.02448 0.99969 -0.00408
vn 0.02746 0.99962 0.00329
vn -0.04294 -0.99898 -0.0142
vn -0.03739 -0.99928 -0.00688
vn -0.05521 -0.99819 -0.02365
vn 0.01999 0.99976 -0.0087
vn -0.02885 -0.99958 -0.00203
vn 0.02399 0.9997 0.00397
vn 0.02931 0.9995 -0.01167
vn 0.42261 -0.00789 0.90628
vn 0.45355 -0.42201 0.78499
vn 0.44626 -0.37878 0.81079
vn 0.01489 -0.99803 0.061
vn 0.4943 -0.41731 0.76257
vn 0.40751 -0.53601 0.73934
vn 0.38971 -0.66857 0.63336
vn 0.47936 -0.4702 0.74103
vn -0.50923 0.24373 -0.8254
vn -0.47663 0.42908 -0.76728
vn 0.47872 -0.1512 0.86485
vn -0.38128 0.74681 -0.54489
vn 0.50862 -0.11357 0.85347
vn 0.48916 -0.08969 0.86757
vn -0.49198 0.50649 -0.70811
vn -0.54481 0.44032 -0.71366
vn -0.50269 0.09556 -0.85917
vn -0.55233 0.03832 -0.83275
vn 0.49079 -0.02881 0.8708
vn -0.58903 0.09654 -0.80232
vn -0.53624 0.03294 -0.84342
vn -0.48511 0.04174 -0.87346
vn -0.53296 0.03961 -0.84521
vn 0.49665 -0.00788 0.86792
vn -0.03878 -0.99691 -0.06826
vn -0.22354 -0.89839 -0.37806
vn -0.1135 -0.99187 -0.05748
vn 0.50324 -0.41245 0.75936
vn 0.0284 -0.99574 0.08777
vn -0.13995 0.96548 -0.2197
vn -0.20987 0.97554 -0.06543
vn -0.02783 0.99412 0.10465
vn -0.45524 0.73367 -0.50447
vn -0.01494 -0.9998 -0.01363
vn -0.01793 -0.99938 -0.03017
vn -0.04471 -0.99899 -0.00459
vn -0.01733 0.99984 -0.00388
vn -0.02034 0.99979 -0.00091
vn -0.02005 -0.9991 -0.03736
vn -0.02058 0.99977 0.0058
vn -0.03379 -0.99817 -0.0502
vn -0.0081 0.99983 0.01664
vn -0.03575 -0.99881 -0.0331
vn 0.01337 0.99987 0.00889
vn 0.00761 0.99995 0.0067
vn -0.03333 -0.9993 -0.01685
vn -0.00066 0.99998 0.00579
vn -0.00657 0.99997 0.00312
vn -0.03365 -0.99935 -0.01269
vn -0.03093 -0.99947 -0.01047
vn 0.00926 0.99992 -0.00857
vn -0.03909 -0.99924 0.00024
vn -0.03546 -0.99928 -0.01339
vn 0.01757 0.99985 -0.00051
vn 0.0029 0.99999 0.00168
vn 0.02123 0.99968 -0.01407
vn -0.01139 0.99994 0.00018
vn 0.53694 -0.23351 0.81066
vn 0.49328 -0.48029 0.72526
vn 0.55029 -0.08854 0.83026
vn 0.60257 -0.15503 0.78286
vn 0.57896 -0.07666 0.81174
vn 0.57541 -0.02951 0.81733
vn 0.60782 -0.05065 0.79246
vn 0.58823 -0.02062 0.80843
vn 0.55515 -0.01092 0.83168
vn -0.56287 0.03657 -0.82573
vn 0.57435 -0.01016 0.81855
vn 0.56492 -0.01716 0.82497
vn 0.60669 -0.01456 0.7948
vn 0.60712 -0.01264 0.79451
vn 0.53721 -0.2761 0.79698
vn 0.0889 -0.98188 0.16736
vn -0.30003 -0.8867 -0.35178
vn 0.55855 -0.40451 0.72415
vn 0.63308 -0.23965 0.73605
vn -0.3394 -0.85201 -0.3986
vn 0.06506 -0.99435 0.08385
vn 0.62452 -0.36741 0.6892
vn 0.41889 -0.68054 0.60116
vn 0.58583 -0.30494 0.75087
vn 0.54857 -0.50681 0.66499
vn 0.48072 -0.65909 0.57837
vn -0.2692 0.94799 -0.16986
vn -0.59021 0.44359 -0.67445
vn -0.63874 0.24747 -0.72854
vn -0.59551 0.22759 -0.77044
vn -0.50793 0.67015 -0.54121
vn -0.59299 0.04669 -0.80385
vn -0.65882 0.12524 -0.74181
vn -0.64798 0.05625 -0.75958
vn -0.57846 0.04079 -0.81469
vn -0.6297 0.04491 -0.77554
vn -0.61798 0.03132 -0.78557
vn -0.09237 -0.99337 -0.06841
vn -0.06839 0.99624 -0.05318
vn -0.0401 0.99918 0.00581
vn -0.27865 0.92869 -0.2447
vn -0.19856 0.97231 -0.12324
vn -0.48919 0.76358 -0.42147
vn -0.0527 -0.99837 -0.02206
vn -0.0197 -0.99953 -0.02337
vn -0.05527 0.99847 9E-05
vn -0.03691 -0.99855 -0.03924
vn -0.01183 -0.99905 -0.04187
vn -0.04793 0.99884 -0.00343
vn -0.05301 0.99858 0.00514
vn -0.0521 0.99864 0.00194
vn -0.05379 0.99855 -0.00135
vn -0.01976 0.9998 -0.00021
vn -0.03877 0.99923 -0.0065
vn -0.02118 0.99977 -0.00392
vn -0.03057 -0.99952 -0.005
vn -0.02668 0.99963 0.00576
vn -0.03799 0.99924 0.00919
vn 0.66895 -0.29237 0.68339
vn 0.58722 -0.49972 0.63675
vn 0.54495 -0.63666 0.54561
vn 0.66127 -0.40585 0.63088
vn 0.65432 -0.17555 0.73556
vn -0.64508 0.41517 -0.64149
vn 0.66325 -0.0957 0.74225
vn 0.71283 -0.17138 0.68007
vn 0.6918 -0.08282 0.71733
vn -0.69512 0.07556 -0.71491
vn 0.65838 -0.02949 0.75211
vn 0.70102 -0.05785 0.71079
vn 0.70019 -0.02704 0.71344
vn 0.70568 -0.0243 0.70812
vn 0.66114 -0.01471 0.75012
vn -0.68134 0.02938 -0.73138
vn 0.71516 -0.01479 0.6988
vn 0.70954 -0.01298 0.70455
vn -0.6742 0.03272 -0.73783
vn -0.73199 0.02648 -0.6808
vn 0.70585 -0.00146 0.70836
vn -0.34776 -0.86653 -0.35803
vn -0.3863 -0.85595 -0.34369
vn 0.68055 -0.22781 0.69639
vn 0.43319 -0.80718 0.40101
vn 0.70559 -0.37317 0.6024
vn -0.12692 -0.97052 -0.20489
vn 0.69225 -0.51145 0.50913
vn 0.65267 -0.50764 0.56242
vn 0.58722 -0.65409 0.47679
vn -0.6613 0.52147 -0.53921
vn -0.45423 0.82091 -0.34611
vn -0.61994 0.5841 -0.52392
vn -0.69648 0.39601 -0.59841
vn -0.72013 0.21344 -0.66019
vn -0.75199 0.06736 -0.65573
vn -0.7306 0.02994 -0.68215
vn -0.73848 0.039 -0.67315
vn -0.07505 -0.99534 -0.06059
vn -0.41847 -0.85763 -0.29892
vn -0.08642 -0.99101 -0.10217
vn -0.18793 0.97827 -0.08754
vn -0.14167 0.98645 -0.08272
vn -0.57936 0.69482 -0.4261
vn -0.06522 -0.99642 -0.05377
vn -0.03499 0.99939 0.0012
vn -0.00702 -0.99933 -0.03592
vn -0.02106 -0.99924 -0.03271
vn -0.0409 -0.99888 -0.02368
vn -0.02378 0.99967 -0.00991
vn -0.06612 0.99778 -0.00768
vn -0.05814 0.99827 -0.00864
vn -0.03107 -0.99903 -0.03125
vn -0.03825 -0.99915 -0.01532
vn -0.0627 0.99802 0.00498
vn -0.03833 -0.99917 -0.01359
vn -0.04224 0.9991 -0.00223
vn -0.05706 0.99834 -0.00743
vn -0.07029 0.99749 -0.00828
vn -0.08738 0.99606 -0.01481
vn -0.04596 -0.99894 0.00335
vn -0.05748 0.99828 0.01178
vn -0.06769 0.9977 0.00415
vn 0.69589 -0.10821 0.70995
vn 0.70301 -0.04422 0.70981
vn 0.7142 -0.01586 0.69976
vn 0.72942 -0.00667 0.68404
vn 0.75537 -0.35552 0.55047
vn 0.75356 -0.30399 0.58287
vn 0.62377 -0.63274 0.45886
vn 0.75211 -0.1674 0.63742
vn 0.76567 -0.06802 0.63962
vn 0.79702 -0.16408 0.58124
vn 0.81621 -0.09466 0.56995
vn -0.7603 0.25098 -0.59912
vn -0.7876 0.08002 -0.61097
vn 0.76884 -0.01378 0.63929
vn 0.81516 -0.03413 0.57824
vn -0.78399 0.03107 -0.61999
vn -0.81969 0.02437 -0.57228
vn 0.76653 -0.00494 0.64219
vn -0.82579 0.05062 -0.5617
vn 0.81855 0.00226 0.57443
vn 0.76594 -0.00479 0.64289
vn -0.79811 0.03574 -0.60145
vn 0.79872 -0.00192 0.6017
vn 0.82254 0.00216 0.56871
vn 0.73597 -0.36363 0.57107
vn 0.54547 -0.7811 0.30389
vn -0.23409 -0.96606 -0.10923
vn -0.42872 -0.8555 -0.29038
vn 0.85021 -0.10865 0.51511
vn 0.8 -0.35587 0.48306
vn 0.7219 -0.4628 0.51447
vn 0.62912 -0.6689 0.39595
vn 0.73363 -0.51939 0.43819
vn 0.81205 -0.31161 0.49343
vn -0.33113 0.91945 -0.21206
vn -0.68838 0.49069 -0.53419
vn -0.48694 0.83535 -0.2551
vn -0.73669 0.55299 -0.38921
vn -0.81878 0.32075 -0.47615
vn -0.81593 0.16291 -0.55472
vn -0.85983 0.14829 -0.48857
vn -0.8705 0.07691 -0.48613
vn -0.86641 -0.00187 -0.49933
vn 0.81619 -0.00331 0.57777
vn -0.83907 0.03005 -0.54319
vn -0.87099 -0.00293 -0.49129
vn -0.87026 -0.03676 -0.49122
vn -0.0682 -0.99602 -0.05736
vn -0.35443 -0.89479 -0.27153
vn -0.1539 -0.97766 -0.14319
vn -0.51673 -0.82475 -0.22975
vn 0.57106 -0.76069 0.30862
vn 0.83241 -0.3623 0.41933
vn -0.14 0.98833 -0.05999
vn -0.16056 0.98526 -0.05894
vn -0.63455 0.72941 -0.25557
vn -0.4943 0.85161 -0.17443
vn -0.08038 -0.99539 -0.05222
vn -0.24217 0.96784 -0.06807
vn -0.13059 0.9914 -0.00839
vn -0.32112 0.94325 -0.08466
vn -0.03733 -0.99918 -0.01554
vn -0.00252 -0.99997 -0.00766
vn -0.09923 -0.99257 -0.07034
vn -0.04255 -0.99901 -0.01295
vn -0.00208 -0.99992 -0.01217
vn -0.05893 0.99817 -0.01393
vn -0.09879 0.9951 0.00328
vn -0.20205 0.97904 -0.02569
vn -0.10272 0.99435 -0.02678
vn -0.01421 -0.9999 0.00164
vn -0.03143 0.9995 0.00158
vn -0.09948 0.99504 -0.00128
vn 0.85601 -0.16828 0.4888
vn 0.87145 -0.07582 0.48458
vn 0.85066 -0.02859 0.52494
vn 0.87692 -0.00473 0.48062
vn 0.84763 0.00251 0.53059
vn 0.87825 0.00512 0.47817
vn 0.85 0.00287 0.52678
vn 0.80971 -0.47438 0.34544
vn 0.874 -0.33684 0.35024
vn 0.68786 -0.64823 0.32656
vn 0.76594 -0.51016 0.39124
vn 0.86513 -0.29471 0.40583
vn 0.81936 -0.48101 0.3119
vn 0.90472 -0.21709 0.36654
vn -0.87073 0.27231 -0.40947
vn -0.79356 0.50838 -0.33438
vn -0.89702 0.27003 -0.34991
vn -0.75011 0.59273 -0.29326
vn 0.90011 -0.10627 0.4225
vn 0.92118 -0.07901 0.38104
vn -0.89872 0.10316 -0.42622
vn -0.90408 0.02438 -0.42667
vn -0.91704 0.04951 -0.39571
vn -0.93007 0.11287 -0.34961
vn 0.90278 -0.03292 0.42884
vn 0.92595 -0.01374 0.3774
vn -0.9377 0.0465 -0.34433
vn 0.90583 0.0022 0.42363
vn 0.90598 0.00311 0.42331
vn -0.89717 0.02567 -0.44095
vn -0.90104 0.0169 -0.4334
vn -0.92388 0.02346 -0.38195
vn -0.93304 0.01648 -0.35938
vn 0.91426 0.01368 0.40489
vn -0.28775 -0.95312 -0.09357
vn -0.47043 -0.86156 -0.1908
vn 0.92799 0.01369 0.37236
vn 0.76558 -0.57959 0.27922
vn 0.90887 -0.29634 0.29348
vn -0.19583 -0.97834 -0.06708
vn 0.79463 -0.5561 0.24356
vn 0.71881 -0.64387 0.26221
vn 0.91088 -0.28506 0.2984
vn 0.84256 -0.47671 0.25067
vn -0.5671 0.80574 -0.17083
vn -0.79665 0.5653 -0.21399
vn -0.90935 0.31801 -0.26825
vn 0.93365 -0.14691 0.32667
vn -0.9547 0.14255 -0.26121
vn -0.95338 0.08887 -0.28839
vn -0.96329 0.04816 -0.26412
vn -0.94312 0.02515 -0.33149
vn -0.96352 0.01727 -0.26709
vn -0.9574 0.03069 -0.28712
vn -0.96424 0.00943 -0.26486
vn -0.02334 -0.99948 -0.02232
vn -0.44004 -0.89089 -0.11261
vn -0.2234 -0.97382 -0.04212
vn -0.0315 -0.99902 -0.03111
vn -0.55053 -0.8307 -0.08276
vn 0.83096 -0.51726 0.20481
vn 0.92055 -0.30094 0.24905
vn 0.93829 -0.3062 0.1608
vn 0.82869 -0.52753 0.18704
vn -0.27772 0.95967 -0.0437
vn -0.5746 0.81438 -0.08138
vn -0.7303 0.68269 -0.02437
vn -0.92639 0.29402 -0.23526
vn -0.85574 0.4925 -0.1586
vn -0.93103 0.14215 -0.33612
vn -0.94749 0.22758 -0.22466
vn -0.91684 0.36888 -0.15273
vn -0.94689 0.03837 -0.31926
vn -0.94823 0.07433 -0.30876
vn -0.95075 0.00624 -0.30991
vn -0.02166 -0.99959 -0.01889
vn -0.21781 -0.97549 -0.03127
vn -0.53159 -0.84643 -0.0312
vn -0.1695 -0.98514 -0.02772
vn 0.97395 -0.12164 0.19139
vn 0.72444 -0.67697 0.12995
vn -0.49447 0.86534 -0.08175
vn -0.31925 0.94595 -0.0571
vn -0.60138 0.7919 -0.10601
vn -0.76369 0.63339 -0.12486
vn -0.87203 0.47349 -0.12395
vn -0.06988 -0.99755 -0.00283
vn -0.24157 -0.9703 -0.01277
vn -0.24059 -0.97029 0.02562
vn -0.53237 -0.84643 -0.01176
vn -0.20651 -0.97821 0.02149
vn -0.08172 0.99662 -0.00861
vn -0.34659 0.93776 -0.02189
vn -0.61039 0.79168 -0.0259
vn -0.80882 0.58737 -0.02848
vn 0.92704 0.01612 0.3746
vn 0.91782 0.0194 0.39653
vn 0.9426 -0.0569 0.32903
vn 0.95714 -0.08241 0.27767
vn 0.95529 -0.15753 0.2502
vn 0.95819 -0.01422 0.28577
vn 0.94502 0.00337 0.32698
vn 0.95748 0.01244 0.28823
vn 0.94811 0.01729 0.31746
vn 0.95921 0.01556 0.28226
vn 0.78443 -0.61258 0.09707
vn 0.94202 -0.2676 0.20247
vn 0.91489 -0.38362 0.12574
vn 0.97514 -0.09195 0.20161
vn 0.97461 -0.16239 0.15418
vn -0.97255 0.08518 -0.21654
vn -0.96952 0.18832 -0.15673
vn 0.96943 -0.04681 0.24086
vn 0.97104 0.00106 0.2389
vn 0.98698 -0.04385 0.15478
vn 0.98566 -0.01158 0.16836
vn 0.98807 -0.09036 0.12472
vn -0.97302 0.03153 -0.22856
vn -0.98515 0.06852 -0.15743
vn 0.98638 0.02012 0.16324
vn -0.96842 0.0088 -0.24918
vn 0.97529 0.02045 0.21998
vn 0.99193 0.01922 0.12531
vn 0.94931 -0.29267 0.11468
vn 0.70335 -0.70998 0.03499
vn 0.99202 -0.12162 0.03335
vn 0.95087 -0.30247 0.0661
vn 0.85837 -0.50954 0.05974
vn 0.96488 -0.24702 0.08941
vn 0.98822 -0.13068 0.07971
vn -0.94729 0.30033 -0.11154
vn -0.98604 0.13681 -0.09492
vn 0.99235 -0.04662 0.11431
vn 0.99232 -0.00904 0.12337
vn 0.9958 -0.0552 0.07305
vn -0.98643 0.08518 -0.14039
vn -0.98759 0.02302 -0.15534
vn -0.99472 0.03446 -0.09664
vn 0.99301 0.01842 0.11658
vn 0.99663 -0.01217 0.08116
vn 0.99682 0.02744 0.07482
vn -0.99524 0.02617 -0.09386
vn -0.9938 0.02422 -0.10852
vn 0.99726 0.02304 0.07032
vn 0.95497 -0.29491 -0.03254
vn 0.99057 -0.13158 -0.03822
vn 0.79094 -0.61156 0.02012
vn 0.86295 -0.50483 -0.02133
vn 0.93975 -0.34061 0.02916
vn 0.95081 -0.30914 -0.01972
vn 0.98673 -0.15979 0.02897
vn -0.92827 0.37188 -0.00489
vn 0.99643 -0.08184 0.02085
vn 0.98842 -0.1508 -0.01679
vn -0.98233 0.18635 -0.01762
vn -0.99683 0.07921 -0.00711
vn 0.99895 -0.04225 0.0175
vn -0.9982 0.05036 -0.03261
vn 0.99972 0.02047 0.01192
vn 0.99973 -0.02324 -0.00297
vn 0.99926 0.02243 -0.03123
vn -0.99889 0.02879 -0.03735
vn 0.99968 0.02462 0.00576
vn 0.01489 -0.02419 0.9996
vn 0.09281 -0.01468 0.99558
vn 0.0679 -0.02506 0.99738
vn 0.11431 -0.01668 0.9933
vn 0.08952 -0.03246 0.99546
vn 0.09501 -0.04353 0.99452
vn 0.06869 -0.05225 0.99627
vn 0.08466 -0.07876 0.99329
vn 0.10234 -0.17559 0.97913
vn 0.04505 -0.69791 0.71477
vn 0.05226 -0.85695 0.51275
vn -0.01734 0.99968 0.01817
vn 0.1051 0.62 0.77753
vn -0.07337 0.3156 -0.94605
vn 0.03796 0.97054 0.23791
vn 0.10884 -0.43381 0.89441
vn -0.15473 0.41805 -0.89515
vn 0.22449 -0.33837 0.91384
vn 0.10748 -0.84499 0.52387
vn 0.18571 -0.38082 0.90581
vn -0.02693 0.03366 -0.99907
vn -0.09909 0.03424 -0.99449
vn -0.03338 0.0863 -0.99571
vn -0.04217 0.06922 -0.99671
vn -0.07036 0.06244 -0.99557
vn -0.09293 0.04621 -0.9946
vn -0.05761 0.09302 -0.994
vn -0.09155 0.15446 -0.98375
vn -0.13627 0.14371 -0.98019
vn -0.04977 0.17589 -0.98315
vn -0.08051 0.24561 -0.96602
vn 0.13055 -0.06089 0.98957
vn 0.19077 -0.06489 0.97949
vn 0.15656 -0.18047 0.97104
vn 0.19874 -0.07871 0.97689
vn 0.21563 -0.1856 0.95867
vn -0.08197 0.76222 -0.6421
vn -0.1688 0.3164 -0.93349
vn -0.13788 0.64655 -0.75031
vn 0.13017 -0.61484 0.77784
vn 0.15511 -0.58674 0.79478
vn 0.1141 0.68803 0.71666
vn -0.05851 0.93681 -0.34492
vn 0.20411 -0.48121 0.85251
vn -0.17097 0.03652 -0.9846
vn 0.21364 -0.01574 0.97678
vn -0.20559 0.01805 -0.97847
vn -0.15528 0.04697 -0.98675
vn 0.16229 -0.01322 0.98665
vn 0.18077 -0.03593 0.98287
vn -0.17202 0.03407 -0.9845
vn -0.16014 0.05383 -0.98563
vn -0.18566 0.04803 -0.98144
vn -0.20541 0.04399 -0.97769
vn -0.13427 0.08585 -0.98722
vn -0.1994 0.2962 -0.93408
vn -0.20839 0.21227 -0.95473
vn -0.22356 0.13142 -0.96579
vn -0.23146 0.31608 -0.92007
vn -0.19834 0.40378 -0.8931
vn 0.19871 0.52739 0.82606
vn 0.25153 -0.56364 0.78679
vn -0.10972 0.9156 -0.38682
vn -0.19584 0.66656 -0.71927
vn 0.20884 0.72675 0.65439
vn 0.15793 -0.84092 0.51761
vn 0.22274 -0.69897 0.67958
vn -0.20024 0.7857 -0.58531
vn 0.10048 0.88566 0.45333
vn -0.26744 0.04206 -0.96266
vn 0.28136 -0.01413 0.9595
vn 0.26074 -0.02519 0.96508
vn -0.29428 0.03505 -0.95508
vn 0.30905 -0.03285 0.95048
vn 0.33714 -0.03476 0.94081
vn 0.23087 -0.03801 0.97224
vn -0.23204 0.03635 -0.97203
vn -0.24149 0.0518 -0.96902
vn 0.28448 -0.04526 0.95761
vn -0.29572 0.04793 -0.95407
vn -0.26493 0.11632 -0.95723
vn 0.24775 -0.06463 0.96667
vn -0.31492 0.24013 -0.91824
vn -0.30272 0.11502 -0.94611
vn 0.29927 -0.07108 0.95152
vn -0.26195 0.30079 -0.91701
vn 0.27408 -0.12168 0.95398
vn -0.28634 0.32321 -0.90197
vn 0.31273 -0.08418 0.9461
vn -0.28272 0.46857 -0.83697
vn 0.25726 -0.27317 0.92693
vn 0.23521 -0.50229 0.8321
vn 0.33239 0.31778 0.88799
vn 0.12191 0.96908 0.21451
vn -0.34324 0.04079 -0.93836
vn -0.35787 0.04286 -0.93279
vn 0.37979 -0.02331 0.92478
vn 0.38016 -0.03556 0.92424
vn 0.42055 -0.02175 0.90701
vn 0.34357 -0.04317 0.93814
vn -0.34239 0.04271 -0.93859
vn -0.32884 0.0452 -0.9433
vn -0.34317 0.04888 -0.938
vn -0.3721 0.04669 -0.92702
vn 0.39542 -0.04806 0.91724
vn -0.33151 0.09088 -0.93906
vn -0.34073 0.10153 -0.93466
vn 0.38271 -0.06126 0.92183
vn -0.37326 0.11379 -0.92072
vn -0.34558 0.27202 -0.8981
vn 0.3397 -0.11963 0.93289
vn -0.35219 0.29942 -0.88674
vn -0.38088 0.23721 -0.89368
vn 0.39771 -0.11809 0.90988
vn -0.35821 0.35052 -0.86535
vn -0.29987 0.51894 -0.80049
vn 0.34292 -0.3087 0.88719
vn 0.28227 -0.67237 0.68429
vn -0.30588 0.60275 -0.73698
vn 0.38511 -0.31172 0.86863
vn -0.22783 0.82595 -0.51566
vn -0.38488 0.04623 -0.92181
vn 0.4291 -0.03096 0.90272
vn 0.42844 -0.04604 0.90239
vn 0.48437 -0.05708 0.873
vn 0.42511 -0.06761 0.90261
vn 0.47996 -0.0781 0.87381
vn -0.40662 0.30619 -0.86076
vn 0.42263 -0.29891 0.85559
vn -0.41364 0.45307 -0.7897
vn 0.31935 -0.66699 0.67316
vn 0.2522 0.85889 0.44576
vn 0.46998 -0.37836 0.79747
vn -0.26765 0.79961 -0.53757
vn -0.43748 0.48478 -0.75736
vn 0.39852 -0.62122 0.67473
vn -0.45309 0.0492 -0.89011
vn -0.51783 0.05177 -0.85392
vn 0.48813 -0.02018 0.87254
vn -0.50592 0.05601 -0.86076
vn -0.56339 0.04821 -0.82478
vn -0.41146 0.0473 -0.9102
vn -0.51475 0.05434 -0.85561
vn 0.50139 -0.03093 0.86467
vn -0.44226 0.0539 -0.89527
vn 0.48095 -0.04256 0.87571
vn -0.51934 0.06046 -0.85243
vn -0.57201 0.06058 -0.818
vn -0.42837 0.08832 -0.89928
vn -0.48836 0.09225 -0.86775
vn -0.55608 0.09313 -0.82589
vn -0.41439 0.22914 -0.88078
vn -0.47537 0.29355 -0.82937
vn -0.44333 0.33648 -0.83081
vn 0.49464 -0.20368 0.8449
vn 0.10245 0.96757 0.23089
vn 0.38229 -0.70194 0.60094
vn -0.31275 0.77881 -0.54373
vn 0.5146 0.47557 0.71346
vn 0.46403 -0.36184 0.80855
vn -0.61074 0.04116 -0.79076
vn -0.57763 0.05173 -0.81466
vn 0.57546 -0.02759 0.81737
vn 0.58959 -0.04846 0.80625
vn 0.58998 -0.0361 0.80661
vn 0.54528 -0.04412 0.83709
vn -0.56391 0.06631 -0.82317
vn 0.56906 -0.05957 0.82014
vn -0.59555 0.10485 -0.79645
vn -0.54271 0.16765 -0.82302
vn -0.6134 0.07487 -0.78621
vn -0.50664 0.39477 -0.76647
vn 0.57241 -0.06023 0.81775
vn 0.56549 -0.07154 0.82165
vn -0.56046 0.31701 -0.76511
vn 0.56328 -0.19738 0.80235
vn -0.59238 0.24008 -0.76905
vn 0.62588 -0.06241 0.77742
vn -0.4958 0.50561 -0.70607
vn 0.08944 0.99576 -0.02172
vn -0.33962 0.79212 -0.50715
vn 0.47883 -0.58592 0.65378
vn 0.60421 -0.21908 0.76612
vn -0.51607 0.51575 -0.68387
vn -0.64592 0.04548 -0.76205
vn -0.60859 0.07667 -0.78977
vn 0.61205 -0.02127 0.79053
vn 0.62541 -0.04629 0.77892
vn 0.25695 0.88148 0.39619
vn 0.48195 -0.66556 0.56987
vn 0.69554 0.12321 0.70785
vn -0.20712 0.92661 -0.31384
vn 0.65707 -0.2768 0.70117
vn 0.64727 -0.4205 0.63579
vn 0.4138 0.89159 0.18393
vn -0.40356 0.80179 -0.44076
vn 0.6514 -0.01261 0.75863
vn 0.71032 -0.00561 0.70386
vn 0.71496 -0.004 0.69915
vn 0.68325 -0.02471 0.72976
vn -0.69244 0.05151 -0.71963
vn -0.67649 0.06703 -0.7334
vn 0.72218 -0.02935 0.69108
vn 0.6932 -0.04479 0.71935
vn -0.70704 0.07291 -0.7034
vn -0.70859 0.08033 -0.70103
vn 0.73068 -0.04527 0.68122
vn -0.6447 0.08836 -0.75931
vn 0.68259 -0.05114 0.72901
vn -0.68147 0.12225 -0.72156
vn -0.71032 0.12019 -0.69354
vn -0.71638 0.06938 -0.69425
vn -0.59103 0.33313 -0.73465
vn -0.64324 0.3516 -0.68016
vn 0.68007 -0.08214 0.72853
vn -0.68822 0.24768 -0.68191
vn 0.71712 -0.18601 0.67167
vn 0.73923 -0.05176 0.67146
vn -0.61932 0.40899 -0.6702
vn -0.62742 0.45873 -0.62921
vn 0.54684 -0.63227 0.54881
vn -0.71827 0.03472 -0.6949
vn -0.71861 0.0542 -0.6933
vn -0.7016 0.24042 -0.67079
vn 0.83334 0.15415 0.53084
vn 0.71862 -0.00501 0.69539
vn 0.75203 -0.02315 0.65873
vn 0.73297 -0.08449 0.675
vn -0.15362 0.98808 -0.01027
vn -0.53269 0.68906 -0.49135
vn 0.62064 0.10514 0.77701
vn -0.64511 0.42747 -0.63333
vn 0.77816 -0.24815 0.57697
vn -0.31188 0.92795 -0.20405
vn 0.63113 -0.55781 0.539
vn 0.54834 -0.83347 0.06824
vn 0.45708 0.75052 0.47728
vn 0.34545 0.90207 0.25873
vn -0.77202 0.03317 -0.63474
vn -0.82454 0.03044 -0.56498
vn -0.78131 0.03364 -0.62324
vn 0.80035 -0.02354 0.59907
vn -0.77414 0.06147 -0.63002
vn -0.79482 0.04852 -0.6049
vn 0.76836 -0.04585 0.63838
vn -0.83145 0.05408 -0.55295
vn 0.80468 -0.04674 0.59187
vn 0.84137 -0.01951 0.5401
vn -0.74618 0.12749 -0.65342
vn -0.78543 0.12003 -0.6072
vn -0.76784 0.1793 -0.61503
vn 0.79268 -0.0608 0.60659
vn 0.77752 -0.10169 0.62058
vn -0.83618 0.08246 -0.54222
vn 0.83133 -0.04598 0.55388
vn 0.8194 -0.08443 0.56697
vn -0.75488 0.28196 -0.59216
vn -0.77809 0.29093 -0.55672
vn -0.80295 0.19752 -0.56236
vn 0.79627 -0.21822 0.56422
vn -0.69499 0.4857 -0.53018
vn 0.24699 0.39631 -0.88427
vn -0.64538 0.75127 -0.13815
vn -0.5097 0.7641 -0.39543
vn -0.68793 0.51539 -0.51101
vn -0.85831 0.02695 -0.51242
vn -0.8737 0.02854 -0.48563
vn -0.88027 0.04238 -0.47258
vn -0.83985 0.13397 -0.52603
vn -0.84125 0.20181 -0.50156
vn 0.72922 -0.38852 0.56329
vn 0.49405 -0.75362 0.43356
vn -0.51482 0.7771 -0.36205
vn 0.62279 -0.65082 0.43424
vn 0.26313 0.93921 0.22055
vn 0.76159 -0.36381 0.5363
vn -0.90263 0.00322 -0.4304
vn 0.84013 -0.00169 0.54239
vn 0.88391 0.01067 0.46753
vn 0.8951 0.00712 0.4458
vn 0.86951 -0.02962 0.49302
vn -0.89538 0.07336 -0.43921
vn 0.85678 -0.05634 0.5126
vn 0.9113 -0.03443 0.41031
vn -0.88785 0.16779 -0.42845
vn 0.90325 -0.09232 0.41907
vn 0.94401 -0.04802 0.32639
vn 0.92473 -0.13184 0.35706
vn -0.81074 0.35799 -0.46319
vn 0.84729 -0.11767 0.51792
vn 0.80502 -0.28807 0.51861
vn 0.88022 -0.17159 0.44245
vn 0.84848 -0.26855 0.45602
vn -0.79903 0.3672 -0.47614
vn -0.61206 0.69471 -0.37785
vn -0.76769 0.45456 -0.45171
vn 0.61628 -0.68445 0.38953
vn 0.80782 -0.41932 0.41424
vn -0.27844 0.94519 -0.17055
vn -0.75789 0.54498 -0.35861
vn -0.57719 0.75422 -0.31305
vn -0.90191 -0.00301 -0.43192
vn -0.92331 -0.00902 -0.38396
vn 0.9174 0.02891 0.39692
vn 0.91624 0.03996 0.39864
vn -0.91294 0.03679 -0.40642
vn -0.91697 -0.01177 -0.39877
vn -0.92018 0.03494 -0.38993
vn -0.92244 0.08251 -0.37722
vn -0.91149 0.0776 -0.40394
vn 0.93404 0.0087 0.35706
vn -0.91086 0.10222 -0.39985
vn 0.85533 -0.01219 0.51794
vn 0.87061 -0.00976 0.49187
vn -0.90017 0.18342 -0.39504
vn -0.87979 0.16176 -0.447
vn 0.82974 -0.06904 0.55386
vn 0.83674 -0.13163 0.53154
vn -0.86153 0.30553 -0.40548
vn -0.81406 0.40793 -0.41339
vn -0.8477 0.35302 -0.39596
vn 0.84312 -0.18784 0.50385
vn 0.82058 -0.38858 0.41912
vn -0.9405 -0.0037 -0.33977
vn -0.96127 -0.00135 -0.2756
vn -0.95583 0.0168 -0.29343
vn -0.93937 0.05859 -0.33786
vn -0.95828 0.03398 -0.2838
vn -0.96374 -0.00046 -0.26683
vn -0.9528 0.12616 -0.27616
vn -0.95984 0.10133 -0.2616
vn -0.94588 0.03394 -0.32273
vn -0.90279 0.17526 -0.39276
vn -0.9516 0.15843 -0.26337
vn -0.90882 0.24963 -0.33426
vn 0.63302 0.68055 0.36896
vn 0.23083 0.96734 0.10476
vn 0.90004 -0.00742 0.43575
vn 0.5576 -0.07554 0.82666
vn 0.83743 -0.30229 0.45534
vn 0.65928 0.05078 0.75018
vn 0.60827 -0.7225 0.32865
vn -0.7582 0.56442 -0.32643
vn 0.76754 -0.47895 0.42602
vn 0.84204 -0.30314 0.44618
vn 0.39948 0.91409 0.0697
vn -0.58884 0.75447 -0.28989
vn 0.83993 -0.39949 0.36732
vn 0.14815 0.9862 0.07384
vn 0.9469 0.01486 0.32117
vn 0.93819 -0.02232 0.3454
vn 0.95956 -0.06056 0.27492
vn 0.95025 -0.14962 0.27321
vn 0.96189 0.00564 0.27338
vn 0.65106 -0.36081 0.66778
vn 0.88042 -0.17656 0.44009
vn 0.82468 -0.5624 0.06015
vn 0.95131 -0.29962 -0.07239
vn -0.94492 0.18654 -0.26894
vn -0.95906 0.16366 -0.23114
vn 0.28989 -0.03194 0.95653
vn 0.20441 -0.21474 0.95504
vn 0.03747 0.00799 0.99927
vn 0.28344 -0.77151 0.56959
vn 0.43678 -0.8432 -0.31342
vn 0.4598 -0.66681 -0.58647
vn 0.22218 0.28644 0.93198
vn 0.84553 -0.10468 0.52357
vn -0.8649 0.34472 -0.36486
vn -0.92577 0.27051 -0.26415
vn 0.55498 0.44892 0.70033
vn 0.93928 0.03423 0.34145
vn 0.5205 0.81634 0.25033
vn 0.88561 0.45652 -0.08533
vn -0.08682 0.8251 0.55828
vn -0.01855 0.99527 0.09535
vn 0.19052 0.83628 -0.51413
vn -0.03816 0.26387 0.9638
vn -0.77256 0.53491 -0.34209
vn -0.78524 0.556 -0.27251
vn -0.87811 0.39661 -0.26764
vn 0.58513 -0.77358 0.24332
vn 0.80898 -0.50005 0.30903
vn 0.95046 -0.13579 0.27963
vn 0.88176 -0.38746 0.26902
vn -0.60689 0.76951 -0.19886
vn 0.66592 -0.72399 0.17997
vn -0.05971 0.99822 0.00085
vn -0.92881 0.0198 -0.37003
vn -0.96424 0.00507 -0.26499
vn 0.97736 -0.00296 0.21157
vn -0.9605 0.0457 -0.27449
vn -0.98205 0.03399 -0.18554
vn -0.95678 0.07591 -0.28071
vn -0.98333 0.06467 -0.16997
vn -0.96442 0.04525 -0.26047
vn 0.96773 -0.06963 0.24218
vn 0.99111 -0.01769 0.13187
vn -0.94146 0.09136 -0.32451
vn 0.95777 -0.08108 0.27585
vn 0.96965 -0.12946 0.2074
vn 0.94793 -0.11157 0.29828
vn 0.94452 -0.12526 0.30363
vn -0.94884 0.1727 -0.26435
vn -0.96724 0.13569 -0.21458
vn 0.88189 -0.29697 -0.36617
vn 0.95609 -0.1448 0.25481
vn 0.99938 -0.03483 0.00418
vn 0.96149 -0.13769 0.23786
vn 0.18439 -0.33274 -0.92482
vn -0.89889 0.37636 -0.22437
vn -0.94193 0.24687 -0.22763
vn -0.88533 0.41418 -0.21128
vn 0.56849 0.27334 -0.77596
vn 0.94952 -0.16867 0.2645
vn 0.95743 -0.16574 0.23635
vn -0.76873 0.61195 -0.18593
vn -0.98519 0.01326 -0.17097
vn -0.99256 0.03449 -0.11673
vn -0.99112 0.07955 -0.10658
vn 0.9839 -0.08147 0.15906
vn 0.99262 -0.08015 0.09104
vn -0.96201 0.15074 -0.22761
vn -0.96652 0.14552 -0.21134
vn -0.98657 0.10689 -0.1235
vn 0.97083 -0.12166 0.20661
vn 0.9795 -0.1242 0.15861
vn 0.9831 -0.15499 0.09745
vn 0.99002 -0.12285 0.06908
vn -0.96679 0.21552 -0.13738
vn -0.98768 0.12505 -0.09406
vn 0.98852 -0.06156 0.13796
vn 0.98759 -0.09258 0.12683
vn -0.92202 0.36652 -0.12468
vn -0.87006 0.47516 -0.13122
vn -0.84221 0.49093 -0.22285
vn -0.88697 0.45669 -0.06873
vn 0.97249 -0.19049 0.13411
vn -0.99594 0.03013 -0.08478
vn -0.99967 0.01468 -0.02091
vn -0.99941 0.02924 -0.01796
vn 0.998 -0.01895 0.0603
vn 0.99982 -0.01878 -0.00195
vn -0.99586 0.09045 -0.00946
vn 0.99645 -0.08157 0.02059
vn 0.98884 -0.14632 0.02792
vn -0.99601 0.08925 -6E-05
vn 0.9966 -0.0737 -0.0368
vn 0.98783 -0.15285 -0.02883
vn -0.99254 0.12031 0.0197
vn -0.98 0.19848 0.01408
vn -0.99226 0.09741 0.07703
vn -0.98959 0.09372 0.10923
vn 0.98795 -0.14578 -0.05205
vn -0.8909 0.45418 0.00477
vn 0.07326 -0.19637 0.97779
vn 0.30458 -0.90527 -0.29618
vn 0.25361 -0.78151 0.57002
vn 0.12169 -0.6943 -0.70932
vn 0.36179 -0.93088 0.05064
vn 0.23718 -0.54929 0.80127
vn 0.29207 -0.90041 -0.32241
vn 0.1387 -0.79176 -0.59488
vn 0.07191 -0.09239 0.99312
vn -0.21783 0.74831 0.62656
vn -0.28043 0.95911 0.03839
vn -0.27925 0.86848 -0.40958
vn -0.26614 0.94173 0.2057
vn -0.07267 0.5431 0.83652
vn 0.91653 0.09746 0.3879
vn 0.89779 -0.39932 0.18577
vn 0.67253 0.7206 0.16866
vn -0.08806 -0.38158 -0.92013
vn -0.12392 0.11623 -0.98546
vn -0.09907 -0.20834 -0.97303
vn 0.92925 -0.30132 0.21377
vn -0.22597 0.52465 -0.82078
vn -0.16251 0.16288 -0.97317
vn -0.19971 0.50898 -0.83729
vn -0.44182 0.89289 -0.08687
vn 0.76489 -0.62289 0.16416
vn -0.77558 0.61857 -0.12593
vn -0.60672 0.79122 -0.0766
vn 0.59939 0.79663 0.07818
vn 0.93311 -0.31203 0.1787
vn 0.34228 0.9346 0.09679
vn 0.77764 0.59398 0.20608
vn 0.9972 -0.06472 0.0375
vn 0.99113 -0.12437 0.04693
vn 0.95447 -0.26857 0.12984
vn 0.97494 -0.21596 0.05339
vn -0.90121 0.43289 -0.0206
vn 0.80331 -0.59479 0.03018
vn 0.95136 -0.3064 -0.03217
vn -0.73796 0.6735 -0.04243
vn -0.21316 0.97697 0.00955
vn -0.6614 0.74976 -0.0204
vn 0.88077 -0.447 0.15629
vn 0.83359 -0.55059 0.04451
vn 0.82517 0.559 0.08125
vn -0.11648 0.99316 0.0078
vn 0.69209 0.72162 -0.01662
vn 0.99762 -0.05565 -0.04075
vn 0.99555 -0.09091 -0.0249
vn -0.89017 0.45406 -0.03771
vn 0.97856 -0.20252 -0.0376
vn -0.85666 0.50353 0.11216
vn 0.95558 -0.29445 -0.01293
vn -0.76285 0.64593 0.0289
vn 0.77986 -0.62591 0.00746
vn -0.6546 0.75567 0.02148
vn 0.81178 -0.58382 -0.01256
vn 0.99981 0.00191 0.01947
vn 0.12753 -0.15873 0.97905
vn 0.28116 -0.95589 0.08501
vn 0.18975 -0.9659 -0.17618
vn 0.21376 -0.60765 0.7649
vn -0.20983 0.97512 0.07144
vn -0.23635 0.86054 -0.45122
vn 0.05858 0.07658 0.99534
vn -0.09012 0.76695 0.63534
vn 0.03779 0.2923 0.95558
vn 0.11371 0.01723 0.99336
vn 0.11478 -0.79528 -0.59528
vn -0.03462 -0.2982 -0.95388
vn 0.08879 -0.84972 -0.51971
vn -0.11021 0.1139 -0.98736
vn -0.22863 0.22795 -0.94645
vn 0.13388 -0.98906 0.06197
vn 0.23337 -0.89949 0.36941
vn 0.06944 0.288 0.95511
vn 0.22276 -0.28217 0.93314
vn 0.10698 0.61415 0.7819
vn 0.21854 0.13655 0.96623
vn -0.09333 0.95851 0.26936
vn -0.25696 0.7707 -0.58309
vn -0.22366 0.89571 -0.38429
vn 0.12009 -0.88268 -0.45436
vn -0.08674 -0.37895 -0.92134
vn -0.47645 -0.31937 -0.81914
vn -0.45008 0.28991 -0.84462
vn 0.22149 -0.9394 -0.26167
vn -0.02712 -0.90022 -0.4346
vn -0.74868 0.23918 -0.61829
vn -0.18851 0.95719 -0.21968
vn 0.39574 -0.15155 0.90577
vn 0.12221 -0.97481 -0.1866
vn 0.30445 -0.76937 0.56159
vn 0.3388 0.31459 0.88671
vn 0.33481 -0.91783 0.21329
vn 0.55387 0.61011 0.56656
vn 0.731 0.12565 0.67071
vn 0.76251 -0.33098 0.55591
vn 0.12095 0.88803 0.44359
vn -0.60628 0.71168 -0.35487
vn -0.92328 -0.14848 -0.35427
vn -0.37817 -0.89309 -0.24367
vn -0.9522 0.24928 -0.17658
vn -0.06604 -0.98461 -0.16181
vn -0.05303 -0.99367 -0.09901
vn -0.19353 -0.97399 -0.11784
vn -0.37109 -0.92576 -0.07252
vn -0.03411 0.99922 0.01993
vn -0.34956 0.92809 -0.12826
vn -0.10629 0.99407 -0.02312
vn 0.12617 0.99201 -0.00138
vn 0.53863 0.82596 0.16631
vn -0.8276 -0.55723 -0.06763
vn -0.99796 0.00475 -0.06363
vn -0.90546 0.42125 -0.05188
vn -0.90771 -0.41837 -0.03207
vn -0.45229 -0.89112 -0.0366
vn 0.14727 -0.98847 -0.03508
vn -0.07123 -0.9936 -0.08769
vn -0.17941 -0.9834 -0.02696
vn -0.40997 -0.91191 -0.01862
vn -0.6307 0.77447 -0.04923
vn -0.34137 0.93971 -0.02034
vn 0.192 0.98134 -0.01049
vn -0.99971 -0.02 -0.0137
vn -0.91873 0.39471 -0.01176
vn -0.92098 -0.38909 -0.01996
vn 0.09628 -0.99514 -0.0207
vn 0.05223 -0.9985 -0.01653
vn -0.43349 -0.90115 -0.00356
vn 0.01692 -0.99985 0.00254
vn -0.6107 0.79164 -0.01864
vn -0.32293 0.94626 -0.01778
vn -0.02276 0.99969 -0.01009
vn 0.14843 -0.98727 -0.05713
vn 0.71545 -0.69611 0.05969
vn 0.96225 0.14994 0.22715
vn 0.96574 -0.20967 0.15295
vn 0.99916 -0.02993 -0.02783
vn 0.67126 -0.74032 -0.03666
vn 0.9572 -0.28834 -0.02501
vn 0.9229 0.3697 0.10755
vn 0.57862 0.8156 0.00056
vn 0.05147 -0.99849 -0.01936
vn 0.95487 0.29539 -0.03106
vn 0.99084 -0.13447 -0.01273
vn 0.9794 0.18413 -0.08293
vn 0.67015 0.74219 -0.00744
vn -0.07843 -0.99675 0.0186
vn -0.47212 -0.88123 -0.02292
vn 0.96687 -0.24919 0.05542
vn 0.70919 -0.7049 0.0129
vn 0.97854 0.2003 0.04834
vn 0.99886 0.03789 0.02888
vn 0.51477 -0.85728 0.00926
vn 0.95752 -0.284 0.05005
vn 0.51778 0.85546 -0.00949
vn 0.92334 0.38395 0.00447
vn -0.01172 -0.99992 0.00526
vn 0.00682 0.99992 -0.01041
vn -0.01034 -0.99991 0.00901
vn -0.00444 -0.99995 0.00867
vn 0.01476 0.99983 -0.0113
vn 0.00402 0.99987 -0.01538
vn 0.0127 0.99973 -0.01924
vn -0.01068 -0.99968 0.02274
vn 0.02721 0.99956 0.01178
vn 0.02455 0.99966 0.00889
vn -0.0099 -0.99907 0.04208
vn 0.0117 0.99993 0.00014
vn 0.01178 0.99993 0.00043
vn 0.02474 0.99957 -0.01587
vn -0.00797 -0.9985 0.05417
vn -0.00207 -0.99943 0.03384
vn -0.00019 1 -0.00078
vn 0.02369 0.99971 -0.00463
vn 0.02211 0.99974 -0.00559
vn 0.04418 0.99782 -0.04897
vn 0.0081 0.99995 0.00615
vn -0.01062 -0.99946 0.03114
vn -0.00072 1 -0.00286
vn 0.01469 0.99984 0.00971
vn 0.01266 0.99989 -0.00775
vn -0.00966 -0.99965 0.02452
vn -0.01309 -0.99968 0.02183
vn -0.01179 -0.99925 0.03677
vn 0.00905 0.99596 -0.08935
vn -0.03922 -0.86349 0.50283
vn -0.0197 -0.97862 0.20474
vn 0.0081 0.99848 -0.05451
vn -0.00352 0.98815 0.15343
vn -0.04346 0.90539 0.42236
vn -0.08704 0.69928 0.70953
vn -0.06317 0.52661 0.84776
vn 0.11552 -0.74115 -0.66132
vn 0.07768 -0.01366 -0.99688
vn 0.0744 -0.07366 -0.9945
vn 0.03269 -0.49949 -0.8657
vn 0.12162 -0.52877 -0.84001
vn 0.08344 -0.63013 -0.77199
vn 0.11073 -0.48951 -0.86494
vn -0.10977 0.31288 0.94343
vn 0.10533 -0.13967 -0.98458
vn 0.11151 -0.28816 -0.95107
vn -0.12636 0.4376 0.89025
vn -0.13253 0.08512 0.98752
vn 0.09343 -0.03027 -0.99517
vn -0.11039 0.15477 0.98176
vn 0.09032 -0.06496 -0.99379
vn -0.05143 0.05027 0.99741
vn 0.10945 -0.04401 -0.99302
vn -0.11627 0.08294 0.98975
vn -0.09677 0.09003 0.99123
vn 0.04651 -0.01397 -0.99882
vn -0.04895 0.03021 0.99834
vn 0.11689 -0.04111 -0.99229
vn -0.07192 0.02874 0.997
vn 0.08167 -0.01102 -0.9966
vn -0.01345 -0.99991 0.00229
vn 0.00376 0.99998 -0.0041
vn -0.0168 -0.9998 0.01075
vn -0.01248 -0.99992 -0.00178
vn 0.00326 0.99986 -0.01631
vn 0.00679 0.9998 -0.01874
vn 0.01391 0.99977 -0.01603
vn -0.01934 -0.99948 0.02574
vn 0.01077 0.9999 0.00944
vn 0.0112 0.99994 -0.0004
vn -0.01528 -0.99924 0.03591
vn 0.01447 0.99985 -0.00995
vn 0.01636 0.99986 -0.00243
vn -0.00466 -0.99956 0.02939
vn 0.01759 0.99983 0.00621
vn -0.00705 -0.99921 0.03909
vn 0.01775 0.99983 0.00442
vn 0.00888 0.99985 0.01501
vn 0.00579 0.99988 0.01454
vn -0.00709 -0.99909 0.04211
vn 0.01378 0.9999 0.00186
vn 0.01341 0.99976 -0.01707
vn -0.01212 -0.99943 0.03152
vn -0.01308 -0.99927 0.03592
vn -0.00252 -0.9993 0.0372
vn 0.0107 0.99777 -0.06591
vn 0.07881 -0.99267 -0.09158
vn -0.04162 -0.97971 0.19606
vn 0.14398 -0.25011 -0.95745
vn 0.17304 -0.33781 -0.92517
vn -0.10007 -0.85589 0.50738
vn -0.04751 -0.97558 0.21444
vn 0.14046 -0.68637 -0.71356
vn 0.24334 -0.10641 -0.96409
vn 0.00792 0.99937 -0.03471
vn 0.01685 0.99309 0.1161
vn -0.09962 0.59131 0.80027
vn -0.02118 0.97659 0.21406
vn 0.13899 -0.59683 -0.79023
vn 0.17121 -0.3734 -0.91173
vn 0.18366 -0.16466 -0.9691
vn 0.14932 -0.07384 -0.98603
vn 0.20902 -0.08056 -0.97459
vn -0.20589 0.26947 0.94074
vn -0.18029 0.40964 0.89425
vn -0.17525 0.17226 0.96934
vn 0.17496 -0.03276 -0.98403
vn -0.17512 0.08308 0.98104
vn 0.23173 -0.03237 -0.97224
vn -0.14699 0.05683 0.9875
vn 0.20599 -0.03457 -0.97794
vn -0.1861 0.06728 0.98023
vn -0.14641 0.03559 0.98858
vn 0.13354 -0.00636 -0.99102
vn 0.20052 -0.0337 -0.97911
vn -0.18916 0.02375 0.98166
vn -0.21269 0.02014 0.97691
vn -0.01998 -0.99979 0.00414
vn 0.00148 0.99997 -0.00752
vn 0.0167 0.99961 -0.02219
vn 0.0023 0.99989 -0.01468
vn -0.02767 -0.99949 0.01618
vn 0.00637 0.99983 -0.01711
vn 0.00657 0.99984 -0.0167
vn 0.01698 0.99982 -0.00822
vn -0.02413 -0.99955 0.01758
vn -0.02591 -0.99951 0.01764
vn 0.02425 0.9997 0.00214
vn -0.02639 -0.99931 0.02606
vn 0.01713 0.9998 -0.01014
vn -0.02213 -0.99955 0.02
vn -0.02609 -0.9994 0.02271
vn 0.01327 0.9998 0.01523
vn 0.01548 0.99987 -0.00519
vn -0.02821 -0.99864 0.04393
vn 0.00551 0.99965 0.02578
vn 0.01242 0.99989 0.00843
vn -0.01696 -0.99848 0.05249
vn 0.03753 0.99921 -0.01341
vn 0.0364 0.99827 -0.04607
vn 0.00371 -0.99803 0.06265
vn -0.02226 -0.99864 0.04717
vn 0.04325 0.99595 -0.07886
vn 0.28356 -0.32702 -0.90147
vn -0.159 -0.85104 0.50045
vn -0.06263 -0.94949 0.30748
vn 0.24519 -0.67259 -0.69821
vn -0.01697 -0.99156 0.12851
vn 0.20257 -0.55161 -0.80913
vn -0.13331 0.69876 0.70282
vn -0.00272 0.9998 0.01975
vn -0.11768 0.87971 0.46071
vn -0.23626 0.61016 0.75623
vn -0.28878 0.40638 0.86687
vn -0.26221 0.25461 0.93082
vn -0.0662 0.98044 0.18534
vn 0.25074 -0.36518 -0.89653
vn 0.22953 -0.17708 -0.95706
vn 0.28106 -0.07381 -0.95685
vn 0.29336 -0.19344 -0.93623
vn -0.17225 0.08406 0.98146
vn -0.23389 0.13336 0.96307
vn 0.2839 -0.02279 -0.95858
vn -0.26291 0.05361 0.96333
vn 0.27584 -0.01495 -0.96109
vn -0.30299 0.05765 0.95125
vn -0.32491 0.02892 0.9453
vn -0.31271 0.04395 0.94883
vn 0.33543 -0.01046 -0.94201
vn 0.25646 -0.01338 -0.96646
vn 0.20655 -0.00693 -0.97841
vn -0.27972 0.03261 0.95953
vn 0.30897 -0.01424 -0.95096
vn 0.28216 -0.01454 -0.95926
vn -0.29142 0.02862 0.95617
vn -0.03805 -0.99924 0.00844
vn 0.015 0.99986 -0.00797
vn 0.02564 0.9996 -0.01182
vn 0.02281 0.99947 -0.02324
vn 0.03293 0.99905 -0.02867
vn 0.02473 0.99924 -0.03001
vn -0.02897 -0.99942 0.01803
vn -0.03657 -0.99921 0.01557
vn 0.04235 0.9991 -0.00093
vn 0.04065 0.99836 -0.04038
vn 0.05038 0.99863 -0.01382
vn 0.05392 0.99854 -0.00217
vn 0.04457 0.999 -0.00463
vn -0.03914 -0.99879 0.02964
vn 0.03286 0.99946 -0.00161
vn 0.05696 0.99824 0.0165
vn 0.0535 0.99849 0.01253
vn -0.05313 -0.99765 0.0433
vn 0.05198 0.99845 0.02007
vn 0.05965 0.99821 -0.00394
vn -0.02631 -0.99753 0.0652
vn -0.03302 -0.99869 0.03919
vn 0.03376 0.9991 -0.02558
vn 0.10328 0.99409 -0.03337
vn -0.0658 -0.99396 0.08781
vn -0.03956 -0.99786 0.05214
vn 0.02727 0.99928 0.02656
vn -0.13554 0.93471 0.32854
vn 0.07797 0.99534 -0.05668
vn 0.06525 0.99697 0.04243
vn 0.29379 -0.67474 -0.67706
vn 0.36582 -0.1315 -0.92135
vn -0.11464 -0.96602 0.23164
vn 0.37302 -0.34574 -0.861
vn -0.22917 -0.85078 0.47293
vn 0.42756 -0.36375 -0.82757
vn -0.09213 -0.97985 0.17721
vn 0.42596 -0.05366 -0.90315
vn 0.3167 -0.51765 -0.79482
vn 0.4299 -0.289 -0.85537
vn 0.34293 -0.33908 -0.87603
vn 0.34828 -0.62422 -0.69932
vn -0.27281 0.69884 0.66121
vn -0.38062 0.24939 0.89047
vn -0.42207 0.41298 0.80704
vn -0.34 0.7213 0.60342
vn 0.41303 -0.18255 -0.89223
vn -0.34061 0.13215 0.93087
vn -0.43145 0.07004 0.89941
vn -0.38626 0.03703 0.92165
vn -0.374 0.037 0.92669
vn -0.36019 0.04767 0.93166
vn -0.42906 0.04693 0.90206
vn 0.3426 -0.18512 -0.92106
vn 0.36742 -0.0757 -0.92697
vn 0.34054 -0.02515 -0.93989
vn 0.40322 -0.03619 -0.91439
vn 0.34335 -0.01297 -0.93912
vn 0.39582 -0.01447 -0.91822
vn -0.03419 -0.99942 -0.00021
vn -0.02801 -0.9996 0.00264
vn 0.00755 0.9995 -0.03059
vn -0.02121 -0.99973 0.00917
vn 0.0066 0.99946 -0.03222
vn 0.00734 0.99955 -0.02914
vn -0.0019 0.99958 -0.02892
vn 0.00948 0.99989 -0.01167
vn -0.00392 0.99924 -0.03879
vn 0.02977 0.9995 -0.01042
vn -0.00121 0.99997 -0.00819
vn 0.00623 0.99997 0.00489
vn -0.03112 -0.99891 0.03478
vn -0.03765 -0.99875 0.03303
vn -0.00021 0.99994 -0.01126
vn 0.02442 0.99969 0.00457
vn -0.03537 -0.99875 0.03539
vn -0.04066 -0.99855 0.0353
vn 0.01199 0.99983 -0.01426
vn 0.02658 0.99961 -0.00817
vn 0.0515 0.99867 0.0006
vn -0.05459 -0.99713 0.05254
vn 0.01854 0.99974 -0.01302
vn -0.14803 0.97755 0.14996
vn -0.26053 -0.87083 0.41686
vn -0.20494 -0.95938 0.1939
vn 0.01731 -0.99287 -0.1179
vn 0.38135 -0.50683 -0.7731
vn 0.54843 -0.45525 -0.70141
vn 0.50135 -0.36087 -0.7864
vn -0.2718 -0.89938 0.34241
vn -0.06009 -0.9875 0.14575
vn -0.1069 0.96786 0.22762
vn -0.29766 0.87405 0.38398
vn -0.4546 0.59349 0.66416
vn 0.40597 -0.48023 -0.77754
vn 0.46413 -0.35363 -0.81211
vn 0.37851 -0.6186 -0.68852
vn 0.50419 -0.21903 -0.83536
vn 0.45202 -0.48777 -0.74683
vn -0.48246 0.24688 0.8404
vn 0.44147 -0.08889 -0.89286
vn 0.48553 -0.13529 -0.86369
vn 0.49377 -0.0759 -0.86627
vn 0.44458 -0.02756 -0.89532
vn -0.46465 0.07203 0.88256
vn -0.45631 0.03753 0.88903
vn -0.46719 0.02838 0.8837
vn 0.44054 -0.01054 -0.89767
vn -0.49348 0.03436 0.86908
vn 0.50444 -0.03165 -0.86286
vn -0.46294 0.03819 0.88557
vn -0.49156 0.03622 0.87009
vn -0.02647 -0.99964 0.00348
vn -0.03615 0.99926 -0.01297
vn -0.04083 0.99876 -0.02837
vn -0.0334 0.99943 -0.0042
vn -0.03539 0.99932 -0.01033
vn -0.0252 -0.99963 0.0104
vn -0.00999 0.99933 -0.03508
vn -0.03337 -0.99908 0.02702
vn -0.00973 0.99897 -0.04436
vn -0.04035 0.99907 -0.01515
vn -0.02251 0.99914 -0.03489
vn -0.03497 0.99914 -0.02214
vn -0.04362 -0.99814 0.04265
vn -0.04726 -0.998 0.042
vn -0.00675 0.99996 -0.00551
vn -0.01866 0.99977 -0.011
vn -0.00393 0.99999 -0.00078
vn -0.05502 0.99843 -0.01082
vn -0.02996 -0.99929 0.02268
vn -0.02506 -0.99939 0.02452
vn 0.00792 0.99987 -0.0141
vn -0.01792 0.99983 0.00437
vn -0.0189 -0.99957 0.02257
vn -0.01794 0.99977 -0.01143
vn -0.08774 0.99287 0.08065
vn -0.04964 0.99854 0.02136
vn -0.08732 -0.99068 0.10453
vn -0.29626 -0.88561 0.35767
vn -0.10638 -0.98868 0.10584
vn -0.26442 0.91388 0.30806
vn -0.36645 0.85174 0.37451
vn -0.44084 0.72688 0.5266
vn -0.55603 0.5699 0.60502
vn 0.59906 -0.36971 -0.71024
vn 0.54941 -0.4792 -0.68448
vn -0.07331 -0.99351 0.08699
vn 0.56929 -0.50754 -0.64677
vn 0.46162 -0.60217 -0.65138
vn 0.5211 -0.39995 -0.75399
vn 0.55696 -0.51059 -0.65505
vn 0.51918 -0.65032 -0.55456
vn 0.59228 -0.2765 -0.7568
vn -0.52485 0.44685 0.72447
vn -0.57631 0.2864 0.7654
vn -0.45777 0.72839 0.5098
vn -0.57357 0.46331 0.67555
vn -0.63165 0.28429 0.72125
vn 0.61784 -0.11726 -0.77751
vn 0.55938 -0.14159 -0.81673
vn -0.54711 0.08348 0.83289
vn -0.61088 0.11305 0.78361
vn -0.61133 0.04655 0.79
vn -0.61755 0.05787 0.7844
vn -0.57171 0.02799 0.81998
vn -0.55497 0.02583 0.83147
vn -0.62453 0.02977 0.78044
vn -0.62762 0.03273 0.77783
vn -0.59955 0.02363 0.79999
vn -0.54363 0.03828 0.83845
vn -0.59509 0.01454 0.80353
vn -0.63278 0.01878 0.7741
vn 0.55044 -0.08624 -0.83041
vn 0.57909 -0.03547 -0.81449
vn 0.61068 -0.06093 -0.78953
vn 0.56884 -0.01554 -0.8223
vn 0.63126 -0.02655 -0.77512
vn 0.49223 -0.01215 -0.87038
vn 0.55675 -0.0102 -0.83062
vn 0.60897 -0.01155 -0.79311
vn 0.59148 -0.01207 -0.80623
vn 0.62894 -0.01506 -0.77731
vn -0.05676 0.99803 -0.02657
vn -0.04299 -0.99905 0.00774
vn -0.05124 -0.99863 0.01098
vn -0.04834 0.998 -0.04066
vn -0.05834 0.99705 -0.04996
vn -0.02645 0.99852 -0.04745
vn -0.03771 -0.99891 0.02741
vn -0.01404 0.9999 0.00146
vn -0.02154 0.99962 -0.017
vn -0.02263 -0.99921 0.03256
vn -0.01088 0.99988 -0.01059
vn -0.02837 0.99958 0.00523
vn -0.12726 -0.98893 0.07634
vn -0.10521 -0.99219 0.06697
vn -0.02636 0.99953 -0.01542
vn -0.14053 0.98517 0.09844
vn -0.1316 0.9905 0.03988
vn -0.44005 -0.80363 0.40066
vn -0.44821 -0.83512 0.31887
vn 0.03877 -0.9992 -0.00941
vn -0.01826 -0.99877 0.04606
vn 0.74364 -0.29676 -0.59911
vn -0.15266 0.98068 0.12227
vn -0.14837 0.98192 0.11754
vn -0.41591 0.85175 0.31866
vn -0.5889 0.64258 0.4902
vn -0.60226 0.6395 0.47783
vn 0.59749 -0.48944 -0.63518
vn -0.26269 -0.95392 0.14499
vn 0.67172 -0.34874 -0.65358
vn 0.71065 -0.37551 -0.59495
vn 0.62317 -0.58257 -0.52179
vn 0.58912 -0.54787 -0.59394
vn 0.63969 -0.40875 -0.65094
vn 0.68264 -0.4278 -0.59245
vn -0.67343 0.44673 0.589
vn -0.70232 0.29923 0.64591
vn -0.68279 0.47198 0.55771
vn -0.67139 0.12997 0.72961
vn -0.73244 0.11436 0.67116
vn -0.68875 0.04894 0.72335
vn -0.74594 0.04579 0.66444
vn -0.74757 0.03382 0.66332
vn -0.67786 0.03131 0.73452
vn -0.7454 0.01932 0.66634
vn 0.63957 -0.25009 -0.72692
vn 0.69198 -0.25694 -0.67465
vn 0.6787 -0.11248 -0.72575
vn 0.65988 -0.06726 -0.74835
vn 0.67243 -0.02637 -0.73969
vn 0.71382 -0.05637 -0.69806
vn 0.67745 -0.01865 -0.73534
vn 0.67179 -0.01065 -0.74067
vn 0.63596 -0.01381 -0.7716
vn -0.68576 0.01611 0.72765
vn 0.72859 -0.01163 -0.68485
vn -0.02457 -0.99956 0.01692
vn -0.02039 0.9989 -0.04218
vn -0.07754 0.99694 -0.00964
vn -0.05206 0.99747 -0.04843
vn -0.08911 0.99563 -0.0279
vn -0.02554 -0.99967 0.00373
vn -0.06357 0.99666 -0.05128
vn -0.15687 0.98742 -0.01992
vn -0.02756 -0.99888 0.03837
vn -0.07955 -0.99639 0.02949
vn -0.16903 -0.98315 0.06957
vn -0.07917 0.99682 -0.00944
vn -0.27852 0.95994 0.03078
vn -0.09947 -0.99218 0.0754
vn -0.50421 -0.82309 0.26133
vn -0.27591 0.95682 0.09145
vn -0.6199 0.74963 0.2319
vn -0.68789 0.66179 0.29806
vn -0.49237 -0.80447 0.33226
vn -0.31635 -0.92421 0.21394
vn -0.38299 -0.88815 0.25398
vn 0.51069 -0.81711 -0.26745
vn -0.13887 -0.98162 0.13091
vn 0.81085 -0.30184 -0.50141
vn 0.83411 -0.3191 -0.44993
vn 0.8076 -0.42758 -0.40615
vn 0.82034 -0.20635 -0.53334
vn -0.40113 0.87213 0.28014
vn -0.44585 0.86779 0.21946
vn -0.63828 0.65472 0.40488
vn -0.76724 0.45812 0.44885
vn -0.81321 0.43255 0.38935
vn 0.74881 -0.24268 -0.61676
vn 0.2844 -0.87313 -0.39594
vn 0.74665 -0.37672 -0.54826
vn 0.59157 -0.67182 -0.44576
vn 0.69228 -0.5332 -0.48626
vn 0.76264 -0.33723 -0.55196
vn 0.74095 -0.50915 -0.43792
vn -0.69017 0.49452 0.52831
vn -0.76818 0.25617 0.58675
vn -0.82083 0.24376 0.51654
vn 0.82145 -0.16261 -0.54661
vn 0.76508 -0.17184 -0.62059
vn -0.85619 0.24949 0.45243
vn 0.79036 -0.09913 -0.60458
vn -0.80052 0.05716 0.59658
vn -0.83758 0.04932 0.54408
vn -0.85832 0.08821 0.50547
vn -0.85462 0.03424 0.51812
vn 0.81971 -0.0598 -0.56965
vn 0.76443 -0.07058 -0.64083
vn 0.84394 -0.02663 -0.53578
vn 0.80075 -0.01938 -0.59869
vn -0.85697 0.01466 0.51515
vn 0.80561 -0.00249 -0.59244
vn 0.84116 -0.00425 -0.54076
vn -0.82034 0.02586 0.57129
vn -0.81122 0.02957 0.584
vn -0.84752 0.01869 0.53043
vn 0.72305 -0.13048 -0.67836
vn 0.72219 -0.02178 -0.69136
vn 0.76737 -0.02052 -0.64088
vn 0.77558 -0.00343 -0.63124
vn -0.78224 0.01715 0.62274
vn 0.7328 -0.00767 -0.6804
vn -0.83318 0.02914 0.55223
vn 0.81079 -0.00115 -0.58534
vn -0.05212 -0.99845 0.01969
vn -0.48952 -0.87132 0.0343
vn -0.35416 0.93512 -0.01053
vn -0.635 0.77247 0.00808
vn -0.85688 0.5121 0.05925
vn -0.11433 -0.99325 0.01966
vn -0.20875 -0.97785 0.01491
vn -0.54825 -0.83094 0.0947
vn -0.19743 -0.98022 0.01382
vn -0.2639 -0.96227 0.06625
vn 0.95419 -0.24533 -0.1713
vn 0.95581 -0.27231 -0.11082
vn 0.98692 -0.03256 -0.15788
vn 0.97613 -0.04996 -0.21138
vn 0.7003 -0.70331 -0.12224
vn -0.44219 0.89688 0.00849
vn -0.75676 0.64883 0.07956
vn -0.92615 0.33145 0.17994
vn -0.87158 0.45732 0.17664
vn -0.54961 -0.81752 0.17202
vn -0.01722 -0.99985 -0.00178
vn -0.34825 -0.93531 0.0626
vn 0.89759 -0.36749 -0.24347
vn 0.92106 -0.28355 -0.26692
vn 0.75973 -0.62974 -0.16197
vn 0.76391 -0.58924 -0.26312
vn -0.65951 0.73654 0.15017
vn -0.86819 0.44267 0.22426
vn -0.81571 0.4771 0.32709
vn -0.93237 0.25041 0.26073
vn -0.94752 0.13971 0.28754
vn -0.94587 0.11821 0.30225
vn -0.95255 0.05239 0.29985
vn -0.94215 0.00111 0.33518
vn -0.94269 0.053 0.32943
vn -0.93635 0.00443 0.35104
vn -0.22124 -0.97011 0.09972
vn 0.77983 -0.51803 -0.35143
vn 0.8764 -0.3069 -0.37112
vn 0.79326 -0.51819 -0.31972
vn 0.79007 -0.50761 -0.3437
vn 0.87361 -0.35561 -0.33218
vn 0.83459 -0.48325 -0.26444
vn 0.85405 -0.30593 -0.42073
vn -0.89887 0.25749 0.35459
vn 0.91529 -0.16369 -0.36805
vn 0.89488 -0.145 -0.42209
vn 0.91538 -0.0663 -0.39711
vn -0.92755 0.105 0.35865
vn -0.93682 0.03614 0.34793
vn -0.94686 0.0368 0.31953
vn -0.92172 0.02044 0.38732
vn -0.93846 -0.00283 0.34539
vn -0.94438 0.00354 0.32885
vn -0.92261 0.00091 0.38573
vn -0.93822 -0.0222 0.34534
vn -0.94667 -0.0295 0.32085
vn -0.94672 -0.03026 0.32064
vn 0.75967 -0.51982 -0.39075
vn 0.82124 -0.30697 -0.48097
vn 0.85935 -0.16976 -0.48239
vn 0.90376 -0.07315 -0.42175
vn 0.87275 -0.0828 -0.48109
vn -0.88794 0.11025 0.44655
vn -0.8737 0.02474 0.48584
vn -0.9073 0.0389 0.41869
vn 0.88047 -0.033 -0.47296
vn 0.88097 -0.0101 -0.47306
vn 0.90538 -0.01037 -0.42447
vn 0.91213 -0.01838 -0.4095
vn -0.89734 0.01029 0.44123
vn 0.91683 0.00791 -0.3992
vn -0.86892 0.00681 0.4949
vn -0.88577 0.00323 0.46412
vn 0.91068 0.01099 -0.41298
vn 0.88081 0.00625 -0.47343
vn 0.90073 0.01511 -0.43411
vn 0.914 0.0167 -0.40536
vn 0.84312 -0.08291 -0.5313
vn 0.86621 -0.00158 -0.49968
vn 0.84716 0.00493 -0.53132
vn 0.66405 -0.74614 -0.04805
vn 0.78958 -0.61121 -0.05457
vn 0.87445 -0.47772 -0.0844
vn 0.96007 -0.26797 -0.08031
vn 0.92915 -0.33427 -0.15793
vn -0.9452 0.3189 0.06997
vn 0.98653 -0.15004 -0.06521
vn 0.9962 -0.07335 -0.04697
vn 0.98887 -0.10605 -0.10432
vn -0.98498 0.16022 0.06438
vn -0.99559 0.09331 0.01003
vn 0.99608 -0.0427 -0.07741
vn -0.99704 0.06173 0.04586
vn 0.99693 -0.00855 -0.07782
vn 0.99595 0.0253 -0.08624
vn -0.99919 0.01801 0.03585
vn -0.99622 0.02247 0.08393
vn -0.99452 0.00337 0.1045
vn 0.99756 0.0301 -0.06298
vn 0.82883 -0.54109 -0.14235
vn -0.96364 0.20489 0.17152
vn 0.97646 -0.1646 -0.13943
vn 0.9803 -0.09927 -0.17076
vn -0.9831 0.14686 0.10929
vn -0.96655 0.09726 0.23731
vn -0.98804 0.07354 0.13551
vn 0.98837 -0.05531 -0.14168
vn 0.98685 -0.01791 -0.16067
vn -0.9936 0.01307 0.11218
vn -0.98338 0.0174 0.18074
vn 0.99219 0.01278 -0.12405
vn 0.98584 0.02151 -0.1663
vn -0.96013 -0.01059 0.27935
vn -0.98558 -0.00635 0.16912
vn -0.99165 0.00131 0.12895
vn -0.98754 0.00125 0.15739
vn 0.99139 0.03098 -0.12723
vn 0.97795 0.02349 -0.20751
vn 0.92502 -0.27484 -0.26231
vn 0.96458 -0.16174 -0.20839
vn 0.95931 -0.06545 -0.27466
vn 0.97568 -0.05977 -0.2109
vn 0.94289 -0.14493 -0.29991
vn 0.9325 -0.07114 -0.3541
vn 0.97015 -0.00101 -0.24249
vn 0.95202 -0.02028 -0.30535
vn -0.95976 0.0085 0.28069
vn 0.95397 0.01773 -0.29938
vn -0.94992 -0.01291 0.31222
vn 0.94727 0.0159 -0.32003
vn 0.96168 -0.00406 -0.27415
vn 0.92161 -0.03905 -0.38614
vn 0.92274 -0.00184 -0.38543
vn 0.93179 0.00783 -0.36291
vn 0.91966 0.01637 -0.39237
vn 0.04344 -0.02048 -0.99885
vn -0.08271 0.03881 0.99582
vn 0.09239 -0.01958 -0.99553
vn -0.03762 0.0525 0.99791
vn -0.11995 0.04462 0.99178
vn -0.09856 0.08588 0.99142
vn -0.07446 0.10719 0.99145
vn -0.05836 0.13984 0.98845
vn -0.14576 0.13755 0.97971
vn -0.19941 0.15211 0.96804
vn -0.04374 0.25923 0.96483
vn -0.07688 0.18487 0.97975
vn -0.19739 0.22652 0.95379
vn 0.08746 -0.0299 -0.99572
vn 0.08737 -0.06379 -0.99413
vn -0.1189 0.27783 0.95324
vn 0.08331 -0.15104 -0.98501
vn 0.0377 -0.41307 -0.90992
vn -0.04594 0.36673 0.92919
vn -0.04771 0.74489 0.66548
vn 0.06974 -0.83378 -0.54768
vn 0.07701 0.89708 -0.4351
vn 0.07639 -0.85401 -0.51462
vn -0.02741 0.99591 0.08605
vn -0.09669 0.29018 0.95208
vn -0.0951 0.52453 0.84606
vn 0.19495 0.11887 -0.97358
vn -0.1767 0.02534 0.98394
vn 0.15084 -0.01345 -0.98847
vn 0.21045 -0.01051 -0.97755
vn -0.19854 0.02291 0.97982
vn -0.18761 0.02238 0.98199
vn -0.19207 0.02552 0.98105
vn -0.17124 0.05968 0.98342
vn 0.20302 -0.03434 -0.97857
vn 0.15292 -0.04756 -0.98709
vn -0.20317 0.06169 0.9772
vn -0.2392 0.04949 0.96971
vn -0.23238 0.11817 0.96542
vn 0.19993 -0.06909 -0.97737
vn -0.15108 0.22095 0.96351
vn -0.22321 0.26632 0.93768
vn -0.24538 0.22024 0.94408
vn -0.18372 0.40917 0.89377
vn 0.16387 -0.17582 -0.97069
vn 0.25025 -0.14746 -0.95689
vn 0.11144 -0.65862 -0.74418
vn -0.1052 0.72502 0.68064
vn 0.16066 0.05902 -0.98524
vn 0.0756 -0.87187 -0.48386
vn -0.10328 0.8703 0.48157
vn 0.03159 0.99284 -0.11517
vn 0.17058 -0.56058 -0.81034
vn 0.14657 -0.27872 -0.94912
vn -0.26507 0.02214 0.96398
vn 0.25416 -0.01405 -0.96706
vn 0.29234 -0.01556 -0.95619
vn -0.26129 0.03186 0.96473
vn -0.26132 0.02985 0.96479
vn 0.28 -0.03762 -0.95926
vn -0.2731 0.06783 0.95959
vn -0.31492 0.05319 0.94763
vn 0.279 -0.06752 -0.95791
vn -0.26364 0.10124 0.95929
vn -0.27145 0.1645 0.94829
vn -0.2941 0.15797 0.94263
vn -0.31139 0.10076 0.94492
vn -0.26194 0.28374 0.92243
vn -0.28913 0.29669 0.91015
vn -0.28915 0.31267 0.90478
vn 0.31427 -0.12876 -0.94056
vn -0.24064 0.38502 0.89098
vn -0.19055 0.64969 0.73593
vn 0.28977 -0.3416 -0.89406
vn -0.28279 0.37716 0.88192
vn 0.2018 -0.72484 -0.6587
vn -0.24558 0.64028 0.72782
vn -0.14012 0.84328 0.51889
vn 0.16363 0.84991 -0.50088
vn 0.31238 -0.34655 -0.88449
vn 0.14036 -0.8827 -0.44848
vn -0.01064 0.99226 -0.12368
vn 0.374 -0.40567 -0.834
vn -0.37532 0.03087 0.92638
vn -0.45256 0.03402 0.89108
vn -0.37965 0.03549 0.92445
vn -0.42754 0.04944 0.90264
vn -0.37351 0.04882 0.92634
vn 0.34157 -0.01197 -0.93978
vn 0.39224 -0.01149 -0.91979
vn -0.29701 0.02533 0.95454
vn 0.32949 -0.02149 -0.94392
vn 0.3824 -0.02619 -0.92363
vn 0.33616 -0.03665 -0.94109
vn -0.41145 0.09295 0.90668
vn 0.38945 -0.03845 -0.92025
vn 0.34546 -0.05796 -0.93664
vn 0.4193 -0.04933 -0.90651
vn -0.34844 0.27771 0.89525
vn -0.40708 0.2201 0.88648
vn -0.34701 0.32021 0.8815
vn 0.36891 -0.09413 -0.92469
vn -0.444 0.30848 0.84125
vn 0.41403 -0.10686 -0.90397
vn -0.31554 0.46562 0.82682
vn -0.22223 0.78511 0.57811
vn 0.36772 -0.32194 -0.87243
vn 0.25287 -0.71413 -0.65275
vn 0.2233 0.90641 -0.35856
vn 0.33456 -0.4457 -0.83031
vn 0.16091 0.92256 -0.35069
vn -0.37814 0.47241 0.79614
vn 0.30997 -0.68309 -0.66129
vn 0.25176 0.57582 -0.77785
vn 0.43904 -0.0168 -0.89831
vn -0.51103 0.04157 0.85855
vn -0.47575 0.04592 0.87838
vn -0.44729 0.05128 0.89292
vn 0.50605 -0.01882 -0.8623
vn -0.45755 0.07812 0.88575
vn 0.43889 -0.03398 -0.8979
vn 0.49936 -0.03056 -0.86586
vn -0.53206 0.04771 0.84536
vn -0.43578 0.10083 0.89439
vn -0.46617 0.25391 0.84748
vn 0.4956 -0.0504 -0.86709
vn 0.45295 -0.07133 -0.88868
vn -0.51641 0.08529 0.85208
vn -0.43737 0.41399 0.79832
vn -0.48067 0.26956 0.83444
vn 0.50937 -0.06918 -0.85776
vn 0.51528 -0.24442 -0.82143
vn 0.44333 -0.25567 -0.85912
vn -0.49529 0.36518 0.78824
vn 0.36384 -0.67895 -0.63769
vn 0.11993 0.89188 -0.43607
vn -0.27003 0.78211 0.56159
vn 0.37038 -0.35938 -0.85654
vn 0.16271 0.90838 -0.38519
vn -0.36926 0.63803 0.6757
vn -0.30449 0.79194 0.52926
vn 0.42011 -0.43704 -0.7953
vn -0.59287 0.0386 0.80437
vn -0.60999 0.03704 0.79154
vn -0.58232 0.04208 0.81187
vn -0.63152 0.0407 0.77429
vn -0.63329 0.04091 0.77283
vn -0.60733 0.0473 0.79304
vn -0.64131 0.05561 0.76526
vn -0.59251 0.05822 0.80346
vn -0.61117 0.06277 0.78901
vn -0.62592 0.06806 0.77692
vn -0.61553 0.09147 0.78279
vn -0.6334 0.11082 0.76585
vn -0.56619 0.14153 0.81204
vn -0.57695 0.28799 0.76433
vn 0.62882 -0.00914 -0.7775
vn 0.55812 -0.01905 -0.82954
vn 0.60109 -0.01416 -0.79905
vn 0.57395 -0.02893 -0.81838
vn 0.63564 -0.0372 -0.77109
vn 0.62439 -0.04041 -0.78007
vn 0.56762 -0.04312 -0.82216
vn -0.57859 0.08064 0.81162
vn 0.62836 -0.04052 -0.77686
vn 0.57583 -0.0721 -0.81438
vn 0.55501 -0.18766 -0.8104
vn 0.61881 -0.06819 -0.78258
vn -0.56589 0.38595 0.72857
vn -0.45573 0.51523 0.72584
vn -0.28278 0.71595 0.63832
vn 0.45106 -0.60609 -0.65513
vn -0.35375 0.79 0.50076
vn 0.17036 0.97544 -0.13965
vn 0.56959 -0.29184 -0.76837
vn 0.71056 -0.65666 -0.25281
vn 0.4387 0.5804 -0.68606
vn -0.68731 0.02151 0.72604
vn -0.73177 0.0191 0.68128
vn -0.68328 0.03183 0.72946
vn -0.73852 0.0373 0.6732
vn -0.69513 0.04596 0.71742
vn -0.75776 0.05806 0.64994
vn -0.71785 0.06777 0.6929
vn -0.74978 0.09876 0.65428
vn -0.69909 0.12871 0.70335
vn 0.67899 -0.00609 -0.73412
vn 0.73257 -0.00239 -0.68069
vn 0.64267 -0.01251 -0.76604
vn 0.68204 -0.01404 -0.73118
vn 0.67375 -0.03004 -0.73835
vn 0.73064 -0.03019 -0.68209
vn -0.6756 0.07279 0.73366
vn 0.67734 -0.04219 -0.73446
vn 0.72035 -0.04841 -0.69191
vn -0.65835 0.14069 0.73945
vn -0.60005 0.34068 0.72379
vn -0.55847 0.43867 0.70404
vn 0.66852 -0.06883 -0.7405
vn 0.62154 -0.19725 -0.75814
vn -0.67967 0.25472 0.68787
vn 0.69978 -0.21967 -0.67974
vn -0.64266 0.40441 0.65072
vn 0.71478 -0.08956 -0.69359
vn -0.53391 0.55565 0.63733
vn -0.04718 -0.83461 -0.54882
vn 0.52952 -0.60923 -0.59029
vn -0.56625 0.5568 0.60772
vn -0.41642 0.79327 0.4442
vn -0.57053 0.59796 0.56298
vn 0.55753 -0.56675 -0.6066
vn 0.49637 -0.67194 -0.54965
vn -0.42924 0.67808 0.59663
vn -0.02966 0.99566 -0.08826
vn 0.57266 0.41643 -0.70615
vn -0.85237 0.02614 0.52229
vn -0.80876 0.02754 0.5875
vn -0.86599 0.01631 0.49979
vn -0.88137 0.02402 0.47181
vn -0.85642 0.04069 0.51468
vn -0.81671 0.0503 0.57485
vn -0.88224 0.03672 0.46937
vn -0.83462 0.08914 0.54356
vn -0.87826 0.0731 0.47257
vn -0.79077 0.07063 0.60802
vn -0.86176 0.14643 0.48573
vn -0.80831 0.12716 0.57486
vn -0.83513 0.19936 0.51265
vn 0.73226 -0.0149 -0.68086
vn 0.77757 -0.0138 -0.62865
vn 0.78507 -0.03232 -0.61857
vn 0.81637 -0.01954 -0.5772
vn 0.85535 -0.01426 -0.51786
vn 0.82107 -0.05369 -0.5683
vn 0.77266 -0.04812 -0.633
vn -0.74034 0.15217 0.65478
vn -0.71634 0.32645 0.61668
vn -0.74084 0.37345 0.5583
vn 0.76438 -0.10089 -0.63683
vn -0.78849 0.28493 0.54507
vn 0.77664 -0.20978 -0.59399
vn 0.81568 -0.10547 -0.5688
vn -0.62136 0.5511 0.55696
vn 0.54811 -0.70607 -0.44837
vn 0.68693 -0.38269 -0.61779
vn 0.05392 0.99759 -0.04368
vn -0.7231 0.48906 0.48779
vn 0.62257 -0.62094 -0.47628
vn -0.48708 0.78678 0.37912
vn 0.21803 0.92061 -0.32394
vn 0.5955 -0.42494 -0.68177
vn 0.60666 0.5923 -0.53024
vn 0.75788 -0.28755 -0.58561
vn -0.94648 -0.00693 0.32268
vn -0.93987 0.11485 0.32166
vn -0.94773 0.16605 0.27248
vn -0.95005 0.15884 0.26866
vn -0.91525 -0.0302 0.40174
vn -0.95055 -0.02997 0.30912
vn -0.94249 -0.0295 0.33293
vn -0.92165 -0.02718 0.38707
vn -0.94207 0.00325 0.33541
vn -0.94951 0.0505 0.30965
vn -0.93689 0.0248 0.34874
vn -0.92562 -0.00221 0.37846
vn -0.93283 0.13169 0.3354
vn -0.9263 0.078 0.36863
vn 0.88793 -0.00021 -0.45997
vn 0.90005 0.00406 -0.43576
vn 0.91649 0.03123 -0.39885
vn 0.76043 -0.06948 -0.6457
vn 0.83082 -0.10593 -0.54636
vn 0.88763 -0.0642 -0.45605
vn -0.89382 0.1684 0.4156
vn -0.90083 0.13247 0.41347
vn -0.92587 0.14019 0.35088
vn -0.85946 0.33152 0.38913
vn -0.89615 0.23194 0.37831
vn -0.88622 -0.00906 0.46318
vn -0.88247 0.00063 0.47037
vn 0.88889 0.01345 -0.45792
vn 0.91945 0.02329 -0.39251
vn -0.9005 0.02369 0.43422
vn -0.91992 0.0105 0.39196
vn 0.89566 0.00939 -0.44464
vn 0.92742 0.00617 -0.37398
vn -0.90298 0.06558 0.42465
vn -0.91521 0.0393 0.40107
vn -0.90567 0.09067 0.41417
vn -0.9166 0.07449 0.3928
vn 0.9026 -0.02782 -0.42959
vn 0.93224 -0.05357 -0.35786
vn -0.89316 0.17437 0.41457
vn -0.89105 0.15481 0.42669
vn 0.90758 -0.04886 -0.41703
vn 0.89917 -0.09288 -0.42763
vn 0.85839 -0.10865 -0.50136
vn -0.84058 0.31138 0.44325
vn -0.84526 0.35764 0.39702
vn -0.77837 0.47821 0.40676
vn 0.86284 -0.23397 -0.44807
vn 0.89667 -0.19219 -0.39881
vn -0.74273 0.57942 0.3356
vn 0.8396 -0.31972 -0.43915
vn 0.82573 -0.3958 -0.40188
vn -0.6304 0.68105 0.37252
vn 0.86629 -0.03431 -0.49836
vn 0.85413 -0.07389 -0.51479
vn -0.80857 0.34622 0.47576
vn 0.84455 -0.13653 -0.51777
vn 0.81175 -0.28082 -0.51205
vn -0.74508 0.47482 0.4684
vn -0.62521 0.66273 0.41219
vn 0.57928 -0.69074 -0.43279
vn 0.6464 -0.65102 -0.39792
vn -0.54867 0.78205 0.29556
vn 0.70992 -0.39645 -0.5821
vn -0.40125 0.88118 0.25004
vn 0.78706 -0.38711 -0.48029
vn 0.3326 0.89697 -0.29125
vn 0.59821 0.68722 -0.41216
vn 0.58986 -0.73775 -0.32831
vn 0.33907 0.92237 -0.18511
vn -0.99205 0.00603 0.12571
vn -0.99265 0.03153 0.1168
vn 0.99828 -0.01169 -0.05742
vn -0.99228 0.07981 0.0949
vn -0.98735 0.06392 0.1451
vn 0.99279 -0.07945 -0.08976
vn 0.98811 -0.11073 -0.10669
vn 0.99143 -0.00939 -0.13033
vn -0.98675 0.12264 0.10619
vn 0.98282 -0.1401 -0.12015
vn -0.98314 0.10931 0.14657
vn 0.98723 -0.09131 -0.13056
vn -0.97006 0.21652 0.11002
vn -0.89906 0.42656 0.09862
vn -0.91613 0.38509 0.11143
vn -0.82586 0.55511 0.09904
vn -0.83695 0.54195 0.07613
vn -0.96342 0.01688 0.26747
vn -0.98477 0.00981 0.1736
vn -0.98734 0.02918 0.1559
vn 0.97669 -0.0468 -0.20947
vn -0.97543 0.04297 0.21609
vn -0.95746 0.05581 0.28312
vn 0.98266 -0.08639 -0.16408
vn -0.97905 0.08753 0.18386
vn -0.9465 0.0683 0.31539
vn 0.97277 -0.10038 -0.20889
vn 0.9812 -0.10609 -0.1612
vn 0.96823 -0.10741 -0.22581
vn 0.97397 -0.11718 -0.19405
vn -0.98153 0.09885 0.16379
vn -0.96055 0.22611 0.1619
vn -0.96549 0.09648 0.2419
vn 0.98067 -0.11333 -0.15954
vn 0.9892 -0.07995 -0.12282
vn -0.95892 0.18998 0.21065
vn -0.84737 0.50738 0.15666
vn 0.96684 -0.21548 -0.13706
vn 0.97634 -0.17737 -0.12371
vn 0.95887 -0.18887 -0.21187
vn 0.98938 -0.12921 -0.06663
vn -0.73966 0.65557 0.1521
vn -0.73992 0.65957 0.13224
vn 0.96412 0.01415 -0.26507
vn 0.94366 0.00446 -0.33089
vn -0.94654 0.02541 0.3216
vn -0.93121 0.03807 0.36248
vn 0.96279 -0.07186 -0.2605
vn -0.92763 0.11231 0.35621
vn 0.95762 -0.26933 -0.10215
vn 0.93024 -0.13834 -0.33987
vn 0.97036 -0.10401 -0.21813
vn 0.96912 -0.13458 -0.20662
vn 0.98181 -0.18848 -0.0231
vn 0.78362 -0.61684 0.0738
vn 0.54847 -0.62192 0.55892
vn -0.91713 0.22436 0.32946
vn -0.9527 0.14199 0.26869
vn -0.93618 0.18048 0.30165
vn 0.79969 -0.2386 0.55096
vn 0.9908 -0.03169 0.13158
vn 0.17552 -0.28163 0.94333
vn 0.35432 0.0241 0.93481
vn 0.22714 -0.64008 0.73397
vn -0.88376 0.37082 0.28542
vn -0.8917 0.39261 0.22521
vn -0.83527 0.40334 0.37368
vn 0.93701 -0.02786 -0.34818
vn 0.73531 0.65156 0.18652
vn 0.79675 0.34309 -0.49747
vn 0.87953 -0.35552 -0.31628
vn 0.91797 -0.33686 -0.20942
vn -0.74803 0.58136 0.32012
vn -0.75387 0.6253 0.20169
vn -0.58564 0.77136 0.24907
vn 0.84964 -0.26749 -0.45448
vn -0.65286 0.74716 0.1246
vn 0.73723 -0.6593 -0.14768
vn 0.65723 -0.71806 -0.22899
vn 0.68426 -0.6608 -0.30842
vn 0.92023 0.0109 -0.39123
vn 0.83678 -0.26981 -0.47645
vn 0.56066 -0.17341 -0.80969
vn 0.47367 -0.5401 -0.69565
vn 0.29993 -0.95335 -0.03407
vn 0.59644 -0.03617 -0.80184
vn 0.18216 -0.23815 -0.95399
vn 0.27242 0.0678 -0.95979
vn 0.15539 -0.53008 -0.83359
vn 0.75231 -0.01076 -0.65872
vn 0.7979 0.26874 -0.53957
vn 0.26129 0.65039 -0.71324
vn -0.06963 0.26825 -0.96083
vn 0.01089 0.94901 0.31506
vn -0.12652 0.919 -0.37341
vn -0.73283 0.5905 0.33803
vn 0.68601 -0.63777 -0.35021
vn 0.65053 -0.6791 -0.34006
vn -0.55663 0.78559 0.2702
vn 0.79282 -0.44183 -0.41979
vn -0.22646 0.96214 0.15165
vn 0.25949 0.96256 -0.0784
vn 0.93417 0.06923 -0.35004
vn 0.64732 0.70124 -0.29874
vn 0.01397 0.9994 0.03169
vn 0.9252 -0.02755 -0.37848
vn 0.90282 -0.08664 -0.4212
vn 0.87133 -0.14881 -0.46759
vn 0.95781 -0.27661 -0.078
vn 0.96282 -0.2456 -0.11249
vn -0.74077 0.67001 0.04848
vn 0.79064 -0.61024 -0.04996
vn -0.13897 0.98986 -0.02955
vn 0.82954 -0.55732 -0.03553
vn 0.74428 -0.66214 -0.08721
vn 0.92606 0.358 -0.11939
vn 0.93899 -0.31562 -0.13669
vn -0.30409 0.95254 0.01428
vn -0.54568 0.83755 0.02708
vn 0.18754 0.98048 -0.05911
vn 0.92613 -0.36727 -0.08596
vn 0.86904 -0.46648 -0.16481
vn 0.79378 0.59063 -0.14516
vn 0.33602 -0.84446 0.4171
vn 0.05956 -0.41324 0.90867
vn -0.0149 -0.14079 0.98993
vn 0.16701 -0.71289 0.6811
vn 0.31327 -0.86288 0.39661
vn -0.05543 0.50375 0.86207
vn -0.1539 0.45691 0.8761
vn -0.23735 0.90114 0.36278
vn -0.2287 0.96283 -0.14372
vn -0.09293 0.99549 0.01907
vn 0.50621 0.85988 -0.06598
vn 0.96253 -0.05802 -0.26491
vn 0.34577 -0.92868 -0.13417
vn 0.17951 -0.40645 -0.89586
vn 0.06885 0.0282 -0.99723
vn 0.34325 -0.92459 0.16525
vn 0.33721 -0.78819 -0.51483
vn -0.16907 0.67343 -0.71966
vn 0.0151 0.31393 -0.94933
vn 0.01069 -0.36757 0.92993
vn 0.13793 -0.82935 0.54144
vn 0.10436 -0.7612 0.64006
vn -0.07911 -0.08214 0.99348
vn -0.11785 0.05244 0.99165
vn -0.21287 0.70176 0.67987
vn -0.21788 0.97211 0.08684
vn -0.26366 0.50845 0.81973
vn -0.22021 0.90008 0.37599
vn 0.11492 -0.20545 -0.9719
vn 0.09474 -0.11032 -0.98937
vn 0.2244 -0.92535 0.30556
vn 0.23838 -0.96501 -0.10923
vn 0.19401 -0.57501 -0.79481
vn -0.1157 0.74051 -0.66201
vn 0.00984 0.36321 -0.93166
vn -0.12225 0.86948 -0.47861
vn 0.06773 0.04918 -0.99649
vn 0.18129 -0.93565 0.3028
vn 0.17845 -0.91112 0.37151
vn 0.22032 -0.97031 0.09979
vn -0.107 -0.5986 0.79387
vn -0.49671 -0.05035 0.86646
vn -0.56462 0.62377 0.54048
vn -0.9176 0.03491 0.39597
vn -0.57522 -0.60997 0.54503
vn 0.22743 -0.95396 0.19552
vn -0.2228 0.96072 0.16548
vn 0.22239 -0.71307 -0.66489
vn 0.00419 0.71062 -0.70357
vn 0.13536 0.19353 -0.97171
vn 0.20596 -0.18323 -0.96125
vn -0.13093 0.96889 -0.21001
vn -0.99977 0.01524 0.01477
vn -0.93012 -0.36536 0.03738
vn -0.99147 0.08941 0.0948
vn -0.54235 -0.84015 0.00088
vn -0.88511 0.46518 0.01366
vn 0.08936 -0.996 0.0017
vn -0.54687 0.83663 0.03121
vn -0.41497 -0.90964 0.0188
vn -0.32862 0.94442 0.00918
vn -0.02479 0.99969 -0.00207
vn -0.90598 -0.36481 0.21472
vn -0.78429 0.59759 0.16667
vn -0.46691 0.87898 0.09689
vn 0.02359 -0.99121 0.13014
vn -0.44466 -0.87167 0.20608
vn -0.22463 -0.9708 0.08419
vn -0.39922 -0.91483 0.06094
vn -0.48425 -0.87484 0.01245
vn -0.2774 0.95754 0.07849
vn 0.04481 0.99875 0.02192
vn -0.00221 -0.9277 0.37333
vn 0.15232 -0.9348 0.32085
vn -0.05303 -0.97624 0.2101
vn 0.39673 -0.89758 -0.19223
vn -0.16258 -0.98271 0.08857
vn -0.0187 0.97383 -0.22651
vn -0.00077 0.99967 -0.0255
vn 0.58273 0.69541 -0.42052
vn 0.30032 0.61749 -0.72699
vn 0.32525 -0.80924 -0.48923
vn 0.38616 -0.22105 -0.89555
vn 0.28185 0.23422 -0.93043
vn 0.65527 -0.30554 -0.69084
vn 0.71516 0.1935 -0.67164
vn 0.94426 -0.32903 -0.01032
vn 0.99946 -0.0306 -0.01202
vn 0.98359 0.17859 -0.02543
vn 0.52175 0.85308 -0.0064
vn 0.89078 0.45397 -0.0206
vn 0.06949 -0.99746 0.01532
vn 0.68552 -0.72761 -0.02549
vn 0.98777 0.13829 -0.07209
vn 0.97003 -0.22709 -0.08642
vn 0.59678 0.80061 -0.05373
vn 0.62306 -0.73404 -0.27016
vn 0.90428 -0.14602 -0.4012
vn 0.89776 0.37709 -0.22765
vt 0.48204 0.16559
vt 0.47627 0.16415
vt 0.48431 0.15376
vt 0.48721 0.13554
vt 0.47856 0.14805
vt 0.49361 0.18159
vt 0.49413 0.18697
vt 0.48562 0.18295
vt 0.48201 0.18504
vt 0.48738 0.17738
vt 0.49027 0.16541
vt 0.48052 0.17486
vt 0.47154 0.17938
vt 0.4988 0.17207
vt 0.50119 0.16047
vt 0.49232 0.15396
vt 0.50729 0.13838
vt 0.4957 0.135
vt 0.48909 0.12165
vt 0.49884 0.20354
vt 0.49258 0.20014
vt 0.49882 0.20211
vt 0.50527 0.19125
vt 0.50008 0.18346
vt 0.49725 0.19264
vt 0.48879 0.18984
vt 0.49171 0.19607
vt 0.49956 0.19926
vt 0.50685 0.17348
vt 0.50753 0.1823
vt 0.50855 0.16189
vt 0.40397 0.71098
vt 0.39439 0.70448
vt 0.40485 0.70462
vt 0.41358 0.70933
vt 0.40337 0.69942
vt 0.41299 0.69789
vt 0.51125 0.14584
vt 0.51886 0.14797
vt 0.51805 0.16534
vt 0.38952 0.71851
vt 0.389 0.71136
vt 0.4034 0.71877
vt 0.38824 0.70385
vt 0.3875 0.69838
vt 0.52006 0.13179
vt 0.53101 0.13609
vt 0.51661 0.12316
vt 0.51513 0.10898
vt 0.37507 0.71844
vt 0.3695 0.71272
vt 0.37134 0.70474
vt 0.50667 0.20794
vt 0.50334 0.20697
vt 0.5051 0.19617
vt 0.51278 0.19642
vt 0.50966 0.19898
vt 0.50985 0.20477
vt 0.51503 0.17652
vt 0.51789 0.1876
vt 0.51644 0.19591
vt 0.41763 0.72338
vt 0.42306 0.7171
vt 0.42099 0.72274
vt 0.52273 0.17993
vt 0.53214 0.16985
vt 0.41124 0.71933
vt 0.40424 0.7252
vt 0.41188 0.73142
vt 0.52567 0.15154
vt 0.39311 0.72952
vt 0.38998 0.72342
vt 0.54782 0.13234
vt 0.53663 0.1592
vt 0.37587 0.72971
vt 0.37355 0.72415
vt 0.50883 0.20756
vt 0.51582 0.21269
vt 0.51579 0.21426
vt 0.52155 0.21294
vt 0.51341 0.21393
vt 0.51308 0.21748
vt 0.50458 0.2111
vt 0.51587 0.2013
vt 0.52438 0.20647
vt 0.51773 0.20613
vt 0.52658 0.18334
vt 0.52431 0.19281
vt 0.52649 0.20271
vt 0.42032 0.7362
vt 0.4252 0.7345
vt 0.43123 0.73251
vt 0.54044 0.17552
vt 0.53446 0.18858
vt 0.40641 0.74221
vt 0.41647 0.74339
vt 0.54969 0.16068
vt 0.39144 0.74516
vt 0.40015 0.74366
vt 0.55757 0.13657
vt 0.37602 0.73952
vt 0.37421 0.74629
vt 0.4614 0.1778
vt 0.45964 0.17455
vt 0.46755 0.18288
vt 0.45627 0.18144
vt 0.4568 0.18411
vt 0.46936 0.17491
vt 0.46481 0.16393
vt 0.46982 0.16241
vt 0.45678 0.1666
vt 0.46348 0.15633
vt 0.45365 0.15562
vt 0.47241 0.14875
vt 0.46329 0.14662
vt 0.47325 0.13805
vt 0.40469 0.66715
vt 0.38809 0.6712
vt 0.38786 0.66208
vt 0.47262 0.12365
vt 0.46363 0.12283
vt 0.45235 0.1422
vt 0.45022 0.12459
vt 0.38206 0.66769
vt 0.37215 0.66064
vt 0.38424 0.65613
vt 0.37236 0.67024
vt 0.47576 0.19476
vt 0.46679 0.19259
vt 0.47002 0.1905
vt 0.47123 0.19594
vt 0.46719 0.19464
vt 0.47357 0.18508
vt 0.47041 0.18599
vt 0.48323 0.19335
vt 0.45941 0.18758
vt 0.46226 0.18959
vt 0.47535 0.17472
vt 0.41744 0.68418
vt 0.4159 0.67709
vt 0.42145 0.67975
vt 0.41138 0.67462
vt 0.41163 0.68683
vt 0.40445 0.6805
vt 0.40857 0.66597
vt 0.38648 0.67912
vt 0.39616 0.68814
vt 0.48082 0.12457
vt 0.3711 0.6791
vt 0.38293 0.6827
vt 0.36079 0.68214
vt 0.37117 0.68963
vt 0.35892 0.67684
vt 0.48271 0.19715
vt 0.48581 0.19778
vt 0.48596 0.19927
vt 0.47787 0.197
vt 0.4799 0.19996
vt 0.47099 0.19856
vt 0.47533 0.20161
vt 0.48162 0.20343
vt 0.41067 0.69532
vt 0.41912 0.69326
vt 0.42381 0.68856
vt 0.42314 0.69497
vt 0.42739 0.69027
vt 0.42497 0.68009
vt 0.40429 0.68984
vt 0.38696 0.68841
vt 0.38369 0.69291
vt 0.37017 0.69661
vt 0.49427 0.20255
vt 0.4865 0.20209
vt 0.49231 0.20743
vt 0.49502 0.20578
vt 0.49219 0.21155
vt 0.48635 0.21115
vt 0.41959 0.70519
vt 0.42259 0.70662
vt 0.42562 0.70582
vt 0.42712 0.69385
vt 0.43494 0.69046
vt 0.43203 0.70635
vt 0.50103 0.20664
vt 0.50172 0.21316
vt 0.49673 0.21901
vt 0.42678 0.71519
vt 0.42882 0.72047
vt 0.43411 0.71203
vt 0.43594 0.71824
vt 0.50932 0.21919
vt 0.43694 0.72346
vt 0.43521 0.73099
vt 0.44046 0.73027
vt 0.42705 0.12558
vt 0.44186 0.13672
vt 0.42855 0.13994
vt 0.44652 0.18363
vt 0.45061 0.17861
vt 0.45169 0.1876
vt 0.44183 0.1879
vt 0.44799 0.17408
vt 0.4467 0.16431
vt 0.43745 0.16742
vt 0.43837 0.17511
vt 0.43904 0.17875
vt 0.41792 0.65823
vt 0.41328 0.64714
vt 0.42035 0.64728
vt 0.41867 0.6425
vt 0.44678 0.15933
vt 0.44803 0.15078
vt 0.44409 0.1503
vt 0.43162 0.15713
vt 0.4068 0.65107
vt 0.40744 0.65885
vt 0.40185 0.64317
vt 0.42961 0.14779
vt 0.39283 0.6467
vt 0.39824 0.65632
vt 0.3895 0.65501
vt 0.38597 0.64653
vt 0.38682 0.63866
vt 0.39648 0.63473
vt 0.4428 0.11645
vt 0.43776 0.11401
vt 0.36925 0.64429
vt 0.36636 0.65263
vt 0.46067 0.19327
vt 0.45534 0.19301
vt 0.4554 0.19701
vt 0.45568 0.19453
vt 0.46201 0.19482
vt 0.45303 0.18945
vt 0.44902 0.19222
vt 0.45031 0.19397
vt 0.44531 0.18953
vt 0.41789 0.66569
vt 0.41367 0.66382
vt 0.42405 0.65416
vt 0.4219 0.66588
vt 0.42627 0.66161
vt 0.42832 0.65618
vt 0.46516 0.19771
vt 0.46619 0.20245
vt 0.45703 0.19997
vt 0.42155 0.67196
vt 0.42568 0.66685
vt 0.42831 0.67131
vt 0.43425 0.67137
vt 0.43601 0.67884
vt 0.47707 0.21043
vt 0.46406 0.20948
vt 0.42769 0.68424
vt 0.48203 0.21708
vt 0.43955 0.70121
vt 0.48838 0.2281
vt 0.44827 0.71089
vt 0.45034 0.7053
vt 0.44557 0.69601
vt 0.50428 0.22518
vt 0.4984 0.23541
vt 0.45179 0.72234
vt 0.45319 0.71304
vt 0.45985 0.72771
vt 0.43151 0.18491
vt 0.43902 0.18309
vt 0.42951 0.18056
vt 0.43126 0.18932
vt 0.43126 0.17622
vt 0.43011 0.16725
vt 0.42183 0.17196
vt 0.42383 0.17798
vt 0.42438 0.63617
vt 0.41984 0.63312
vt 0.42555 0.62719
vt 0.42216 0.15436
vt 0.41563 0.62776
vt 0.41526 0.63923
vt 0.4088 0.63794
vt 0.40881 0.62583
vt 0.42239 0.16385
vt 0.42252 0.6228
vt 0.42364 0.14356
vt 0.41409 0.15183
vt 0.3851 0.6167
vt 0.40207 0.62289
vt 0.40304 0.61654
vt 0.41892 0.12252
vt 0.41123 0.14023
vt 0.41193 0.12531
vt 0.38222 0.63001
vt 0.36894 0.6191
vt 0.44413 0.19454
vt 0.44314 0.19331
vt 0.44592 0.19673
vt 0.43657 0.19323
vt 0.4352 0.19468
vt 0.43699 0.19045
vt 0.4425 0.19966
vt 0.43757 0.19739
vt 0.44567 0.20008
vt 0.43227 0.19133
vt 0.4346 0.19579
vt 0.4249 0.64723
vt 0.42685 0.65005
vt 0.43164 0.64473
vt 0.43329 0.64782
vt 0.42796 0.63524
vt 0.43027 0.63818
vt 0.45178 0.2068
vt 0.4414 0.20373
vt 0.42969 0.66086
vt 0.43723 0.65977
vt 0.44018 0.65433
vt 0.45769 0.20999
vt 0.44545 0.21001
vt 0.46105 0.21572
vt 0.44324 0.67014
vt 0.44165 0.65733
vt 0.47012 0.21774
vt 0.44857 0.68003
vt 0.44818 0.67132
vt 0.47694 0.22643
vt 0.46841 0.22885
vt 0.45464 0.69145
vt 0.48352 0.23252
vt 0.46142 0.70387
vt 0.46399 0.70022
vt 0.49244 0.24027
vt 0.46703 0.71854
vt 0.42269 0.18198
vt 0.42447 0.18614
vt 0.41899 0.18761
vt 0.41265 0.185
vt 0.41424 0.18036
vt 0.41228 0.16837
vt 0.40728 0.17085
vt 0.41598 0.16365
vt 0.40993 0.15826
vt 0.40174 0.16074
vt 0.40959 0.61032
vt 0.40459 0.60311
vt 0.42004 0.61054
vt 0.40163 0.13796
vt 0.40462 0.12276
vt 0.39326 0.60535
vt 0.39161 0.14224
vt 0.38249 0.59586
vt 0.42666 0.19619
vt 0.42695 0.19755
vt 0.43129 0.19879
vt 0.42404 0.19338
vt 0.42213 0.19751
vt 0.42565 0.20029
vt 0.42719 0.20327
vt 0.41643 0.19581
vt 0.41957 0.19181
vt 0.43067 0.62988
vt 0.43773 0.62976
vt 0.43494 0.6194
vt 0.43723 0.6266
vt 0.43349 0.61052
vt 0.42588 0.61249
vt 0.417 0.62159
vt 0.38551 0.60849
vt 0.43198 0.2024
vt 0.43691 0.21033
vt 0.4351 0.63834
vt 0.43621 0.64541
vt 0.44252 0.63706
vt 0.43437 0.21935
vt 0.45041 0.21775
vt 0.44681 0.64932
vt 0.44595 0.64254
vt 0.44823 0.63884
vt 0.45581 0.64682
vt 0.44786 0.22839
vt 0.45312 0.65143
vt 0.45491 0.65362
vt 0.45609 0.66007
vt 0.46156 0.67204
vt 0.45979 0.22736
vt 0.46116 0.67653
vt 0.46669 0.23653
vt 0.45772 0.68778
vt 0.47205 0.68377
vt 0.4761 0.23748
vt 0.47929 0.24564
vt 0.46818 0.70901
vt 0.47682 0.69471
vt 0.48796 0.24932
vt 0.48092 0.71368
vt 0.40582 0.18172
vt 0.40055 0.18698
vt 0.39482 0.1793
vt 0.39989 0.16689
vt 0.39013 0.16636
vt 0.3957 0.15733
vt 0.38059 0.14906
vt 0.37559 0.13914
vt 0.41527 0.19989
vt 0.41078 0.20171
vt 0.40564 0.20035
vt 0.41249 0.20238
vt 0.41125 0.19112
vt 0.40731 0.18781
vt 0.41219 0.19507
vt 0.40107 0.1936
vt 0.42568 0.60988
vt 0.43833 0.60282
vt 0.43808 0.6111
vt 0.43101 0.59954
vt 0.44277 0.6052
vt 0.44404 0.60776
vt 0.41567 0.60231
vt 0.4231 0.59782
vt 0.42046 0.58906
vt 0.42803 0.59185
vt 0.40063 0.59525
vt 0.40798 0.59214
vt 0.40831 0.58461
vt 0.38697 0.5893
vt 0.39131 0.58341
vt 0.38884 0.57618
vt 0.41911 0.2
vt 0.41655 0.2031
vt 0.41923 0.20481
vt 0.42102 0.21379
vt 0.44409 0.61191
vt 0.447 0.62006
vt 0.43101 0.21212
vt 0.44478 0.62639
vt 0.45335 0.62127
vt 0.4573 0.63427
vt 0.46155 0.63026
vt 0.46576 0.6421
vt 0.43814 0.22564
vt 0.46775 0.65415
vt 0.47032 0.6621
vt 0.45475 0.23515
vt 0.46917 0.67271
vt 0.48232 0.67588
vt 0.45433 0.23949
vt 0.45826 0.24994
vt 0.48465 0.68248
vt 0.4664 0.2471
vt 0.48788 0.6894
vt 0.49082 0.69589
vt 0.47841 0.25671
vt 0.47302 0.25176
vt 0.48504 0.70997
vt 0.49534 0.70451
vt 0.50033 0.71445
vt 0.39398 0.19124
vt 0.39778 0.19979
vt 0.39271 0.20007
vt 0.39194 0.18544
vt 0.38803 0.18218
vt 0.3845 0.1701
vt 0.37685 0.17518
vt 0.43858 0.58491
vt 0.43465 0.59309
vt 0.43391 0.58668
vt 0.42386 0.57828
vt 0.37906 0.15937
vt 0.41389 0.57654
vt 0.41196 0.57974
vt 0.37116 0.16063
vt 0.42551 0.57178
vt 0.37328 0.14974
vt 0.38867 0.56587
vt 0.40599 0.56855
vt 0.41215 0.20523
vt 0.40354 0.20497
vt 0.40526 0.20801
vt 0.40002 0.2084
vt 0.40716 0.21016
vt 0.39897 0.20357
vt 0.40256 0.19778
vt 0.4478 0.59193
vt 0.4525 0.59531
vt 0.45461 0.59988
vt 0.45212 0.59
vt 0.38501 0.56978
vt 0.41656 0.20727
vt 0.41248 0.21642
vt 0.41013 0.21057
vt 0.45882 0.61322
vt 0.45647 0.60495
vt 0.46115 0.61608
vt 0.42322 0.22022
vt 0.4197 0.22391
vt 0.42714 0.23334
vt 0.46954 0.63123
vt 0.43579 0.23405
vt 0.43001 0.24355
vt 0.47354 0.65137
vt 0.47694 0.6413
vt 0.43993 0.24095
vt 0.44872 0.24549
vt 0.48189 0.66195
vt 0.48246 0.65323
vt 0.4939 0.66991
vt 0.45204 0.2495
vt 0.49026 0.67502
vt 0.4968 0.67459
vt 0.46034 0.25513
vt 0.46237 0.26164
vt 0.49612 0.68688
vt 0.50102 0.68162
vt 0.50396 0.68704
vt 0.46767 0.26412
vt 0.47969 0.26127
vt 0.4741 0.26971
vt 0.46879 0.27331
vt 0.50411 0.69826
vt 0.50451 0.70369
vt 0.51145 0.70151
vt 0.39588 0.20946
vt 0.39036 0.21269
vt 0.39126 0.20845
vt 0.38663 0.1981
vt 0.38818 0.20227
vt 0.38968 0.2065
vt 0.38311 0.20494
vt 0.38232 0.18585
vt 0.384 0.19572
vt 0.37802 0.18772
vt 0.45641 0.57856
vt 0.44644 0.58229
vt 0.44116 0.57826
vt 0.37042 0.18015
vt 0.4369 0.57238
vt 0.44765 0.57759
vt 0.44442 0.56945
vt 0.36489 0.16746
vt 0.42083 0.56419
vt 0.42424 0.56101
vt 0.44019 0.55971
vt 0.4029 0.56193
vt 0.36528 0.15356
vt 0.35862 0.15752
vt 0.40185 0.5554
vt 0.39821 0.55045
vt 0.40467 0.54222
vt 0.42799 0.55696
vt 0.39929 0.21174
vt 0.39936 0.20741
vt 0.39959 0.21538
vt 0.40077 0.21966
vt 0.39268 0.21331
vt 0.39435 0.21584
vt 0.45968 0.59117
vt 0.46612 0.59199
vt 0.46088 0.58593
vt 0.46382 0.59695
vt 0.45937 0.58302
vt 0.4059 0.22466
vt 0.41379 0.23045
vt 0.4699 0.60404
vt 0.46683 0.6123
vt 0.47455 0.60194
vt 0.41743 0.23323
vt 0.47691 0.62427
vt 0.47333 0.60994
vt 0.48364 0.63441
vt 0.4886 0.61493
vt 0.48849 0.63144
vt 0.43343 0.24562
vt 0.48943 0.64178
vt 0.49409 0.6406
vt 0.44092 0.25492
vt 0.49708 0.65467
vt 0.50065 0.65095
vt 0.45195 0.2599
vt 0.4446 0.25867
vt 0.44835 0.26133
vt 0.50545 0.66273
vt 0.5074 0.66936
vt 0.45658 0.26836
vt 0.51476 0.67614
vt 0.51598 0.68174
vt 0.46111 0.27194
vt 0.46545 0.27647
vt 0.51565 0.69362
vt 0.52381 0.68486
vt 0.52351 0.69163
vt 0.38834 0.21629
vt 0.38631 0.21718
vt 0.38465 0.21317
vt 0.38216 0.21798
vt 0.37905 0.2038
vt 0.38236 0.21041
vt 0.37762 0.21281
vt 0.37495 0.21046
vt 0.37517 0.19905
vt 0.37211 0.19231
vt 0.45694 0.5678
vt 0.46221 0.57123
vt 0.36634 0.19759
vt 0.37077 0.20618
vt 0.46549 0.57276
vt 0.36517 0.18341
vt 0.4535 0.56169
vt 0.36021 0.18881
vt 0.4479 0.55652
vt 0.35669 0.17236
vt 0.43602 0.55223
vt 0.35378 0.17984
vt 0.3489 0.16318
vt 0.41539 0.54516
vt 0.42417 0.53758
vt 0.34433 0.17127
vt 0.39389 0.21894
vt 0.38821 0.21997
vt 0.38453 0.22173
vt 0.39078 0.22784
vt 0.4669 0.58031
vt 0.47348 0.58622
vt 0.4748 0.58935
vt 0.46896 0.57401
vt 0.396 0.22991
vt 0.48176 0.59753
vt 0.40588 0.2408
vt 0.47869 0.60443
vt 0.48942 0.60879
vt 0.48912 0.59683
vt 0.41882 0.24463
vt 0.49548 0.62587
vt 0.49983 0.6237
vt 0.4252 0.25192
vt 0.50074 0.63641
vt 0.50853 0.62828
vt 0.51391 0.63617
vt 0.43168 0.26365
vt 0.42007 0.25966
vt 0.51034 0.64709
vt 0.44121 0.26847
vt 0.51679 0.65887
vt 0.52195 0.66845
vt 0.5242 0.651
vt 0.4478 0.27502
vt 0.5275 0.67675
vt 0.52172 0.6596
vt 0.52968 0.67128
vt 0.45525 0.28577
vt 0.44199 0.28478
vt 0.53168 0.68851
vt 0.34779 0.18231
vt 0.35497 0.19167
vt 0.34879 0.19681
vt 0.34131 0.18686
vt 0.33817 0.17402
vt 0.33352 0.1819
vt 0.32822 0.17477
vt 0.38387 0.22038
vt 0.37815 0.22462
vt 0.37587 0.22414
vt 0.37942 0.22692
vt 0.37599 0.22036
vt 0.37745 0.21649
vt 0.37037 0.21587
vt 0.36602 0.21073
vt 0.36801 0.22121
vt 0.37312 0.22092
vt 0.47515 0.56108
vt 0.47049 0.5556
vt 0.36277 0.2047
vt 0.47896 0.56553
vt 0.47765 0.56349
vt 0.45904 0.55707
vt 0.36092 0.20194
vt 0.46024 0.5452
vt 0.46778 0.55233
vt 0.4408 0.54303
vt 0.45361 0.5353
vt 0.44996 0.53248
vt 0.43175 0.53263
vt 0.44115 0.52565
vt 0.38474 0.22737
vt 0.38066 0.22794
vt 0.48172 0.57497
vt 0.48453 0.57832
vt 0.48613 0.5815
vt 0.47772 0.5715
vt 0.39663 0.24223
vt 0.38662 0.23682
vt 0.49401 0.58953
vt 0.49406 0.57596
vt 0.40147 0.24784
vt 0.50143 0.60102
vt 0.50346 0.60862
vt 0.41007 0.25337
vt 0.51186 0.62025
vt 0.50972 0.59805
vt 0.41274 0.26079
vt 0.51748 0.62407
vt 0.42426 0.27013
vt 0.52536 0.63433
vt 0.52919 0.64417
vt 0.43313 0.27782
vt 0.42314 0.2795
vt 0.53249 0.6524
vt 0.43827 0.28199
vt 0.53863 0.66187
vt 0.5382 0.67215
vt 0.54555 0.66479
vt 0.45087 0.29267
vt 0.43762 0.29915
vt 0.55422 0.67463
vt 0.16621 0.78198
vt 0.16771 0.77379
vt 0.17094 0.78553
vt 0.17532 0.77828
vt 0.16211 0.7803
vt 0.16899 0.77096
vt 0.16225 0.77474
vt 0.17882 0.77515
vt 0.17238 0.79051
vt 0.17852 0.78186
vt 0.85224 0.83384
vt 0.85978 0.83964
vt 0.8507 0.83523
vt 0.85135 0.83835
vt 0.18371 0.78107
vt 0.85736 0.84362
vt 0.83888 0.8152
vt 0.86356 0.82207
vt 0.8588 0.82382
vt 0.85878 0.82782
vt 0.83832 0.82167
vt 0.83668 0.82633
vt 0.85655 0.83271
vt 0.82163 0.81249
vt 0.14283 0.77842
vt 0.16057 0.77096
vt 0.84708 0.81507
vt 0.83824 0.81261
vt 0.83548 0.80339
vt 0.82318 0.82412
vt 0.82065 0.82521
vt 0.82113 0.82739
vt 0.83571 0.83419
vt 0.82775 0.81213
vt 0.81402 0.81562
vt 0.81099 0.81805
vt 0.8267 0.8092
vt 0.81399 0.80722
vt 0.81449 0.82645
vt 0.17243 0.76663
vt 0.17667 0.76938
vt 0.16879 0.76392
vt 0.18115 0.76424
vt 0.17125 0.75314
vt 0.17402 0.75537
vt 0.18005 0.7538
vt 0.18471 0.74297
vt 0.18127 0.77031
vt 0.18403 0.7723
vt 0.18687 0.75926
vt 0.19343 0.75566
vt 0.1566 0.76486
vt 0.16509 0.76221
vt 0.16611 0.75831
vt 0.14906 0.75291
vt 0.17017 0.74381
vt 0.86174 0.79659
vt 0.86529 0.79965
vt 0.85598 0.80094
vt 0.15617 0.74953
vt 0.16157 0.74605
vt 0.14663 0.74595
vt 0.14432 0.75507
vt 0.18649 0.77654
vt 0.19207 0.78247
vt 0.19335 0.77258
vt 0.20024 0.77831
vt 0.19244 0.76461
vt 0.19861 0.76296
vt 0.85125 0.80808
vt 0.86445 0.81246
vt 0.84605 0.80156
vt 0.84317 0.79708
vt 0.8509 0.79633
vt 0.8146 0.84171
vt 0.83596 0.84892
vt 0.83304 0.85136
vt 0.82581 0.8434
vt 0.84605 0.85327
vt 0.84287 0.85607
vt 0.83377 0.83607
vt 0.85048 0.84642
vt 0.83391 0.83991
vt 0.82153 0.80401
vt 0.82963 0.79672
vt 0.82404 0.79873
vt 0.82976 0.79051
vt 0.81306 0.84285
vt 0.81135 0.83771
vt 0.81684 0.79051
vt 0.81358 0.82979
vt 0.81683 0.83354
vt 0.17552 0.74463
vt 0.19257 0.74576
vt 0.1964 0.74618
vt 0.18785 0.73305
vt 0.19584 0.73546
vt 0.18117 0.73024
vt 0.15367 0.74213
vt 0.20494 0.77793
vt 0.20284 0.76878
vt 0.20452 0.76043
vt 0.14908 0.73816
vt 0.20266 0.75389
vt 0.16971 0.72686
vt 0.2082 0.74939
vt 0.16439 0.72669
vt 0.15498 0.72573
vt 0.15182 0.72665
vt 0.2083 0.74235
vt 0.20176 0.74521
vt 0.17836 0.72728
vt 0.1847 0.72162
vt 0.19079 0.71446
vt 0.18473 0.71162
vt 0.17597 0.71201
vt 0.20016 0.72321
vt 0.20609 0.72676
vt 0.2057 0.73301
vt 0.2092 0.71561
vt 0.19355 0.70349
vt 0.21232 0.73193
vt 0.16865 0.71556
vt 0.21448 0.73395
vt 0.1603 0.70461
vt 0.16902 0.70441
vt 0.15454 0.70985
vt 0.25453 0.69397
vt 0.2574 0.68262
vt 0.25766 0.69789
vt 0.18885 0.70055
vt 0.18038 0.70369
vt 0.18781 0.69139
vt 0.19588 0.68932
vt 0.19243 0.68844
vt 0.21318 0.71749
vt 0.22215 0.71695
vt 0.21035 0.70251
vt 0.22012 0.70328
vt 0.25566 0.71395
vt 0.25504 0.70384
vt 0.25716 0.70962
vt 0.25906 0.71029
vt 0.2599 0.69761
vt 0.24479 0.70217
vt 0.24574 0.71029
vt 0.26757 0.7055
vt 0.17728 0.6988
vt 0.52702 0.05831
vt 0.52184 0.05761
vt 0.52233 0.04095
vt 0.53865 0.04058
vt 0.5284 0.04401
vt 0.52912 0.03301
vt 0.53266 0.05219
vt 0.5463 0.04217
vt 0.53226 0.01585
vt 0.54366 0.03448
vt 0.53414 0.02461
vt 0.22699 0.7174
vt 0.54799 0.03305
vt 0.25725 0.72603
vt 0.25877 0.7215
vt 0.26175 0.7273
vt 0.25957 0.73527
vt 0.25723 0.7336
vt 0.25098 0.73695
vt 0.25024 0.72064
vt 0.26521 0.71819
vt 0.26788 0.73066
vt 0.24682 0.73629
vt 0.24506 0.72078
vt 0.27287 0.71407
vt 0.23738 0.72487
vt 0.24268 0.7349
vt 0.58046 0.07723
vt 0.573 0.06226
vt 0.58257 0.06754
vt 0.59244 0.05663
vt 0.57371 0.04402
vt 0.57574 0.03782
vt 0.56155 0.05205
vt 0.56311 0.03472
vt 0.25835 0.75068
vt 0.26027 0.75061
vt 0.26198 0.75044
vt 0.26152 0.73554
vt 0.26476 0.75612
vt 0.26927 0.75701
vt 0.25259 0.75632
vt 0.26921 0.74485
vt 0.24753 0.75631
vt 0.27403 0.74155
vt 0.27819 0.75607
vt 0.27422 0.72909
vt 0.56862 0.11316
vt 0.59329 0.09253
vt 0.57716 0.1181
vt 0.56705 0.08312
vt 0.56179 0.09872
vt 0.60068 0.07986
vt 0.60881 0.06713
vt 0.60832 0.05772
vt 0.264 0.76586
vt 0.26141 0.76758
vt 0.2629 0.76817
vt 0.26908 0.78565
vt 0.2564 0.78421
vt 0.27039 0.77997
vt 0.27362 0.78319
vt 0.27415 0.76241
vt 0.24979 0.77514
vt 0.59862 0.04828
vt 0.61702 0.06029
vt 0.28434 0.74837
vt 0.28066 0.77206
vt 0.28757 0.76925
vt 0.25749 0.67009
vt 0.25787 0.6534
vt 0.26036 0.66047
vt 0.25952 0.67199
vt 0.2633 0.67408
vt 0.26002 0.65595
vt 0.25291 0.68048
vt 0.26268 0.65235
vt 0.26533 0.6654
vt 0.25848 0.64484
vt 0.2607 0.64676
vt 0.25085 0.65115
vt 0.25006 0.66562
vt 0.24733 0.65272
vt 0.24519 0.66661
vt 0.22618 0.67928
vt 0.23128 0.66437
vt 0.24125 0.6701
vt 0.21449 0.67462
vt 0.28411 0.68642
vt 0.27866 0.67674
vt 0.28128 0.66843
vt 0.25606 0.67834
vt 0.25948 0.68633
vt 0.24701 0.68789
vt 0.26696 0.69528
vt 0.27264 0.69291
vt 0.24246 0.68836
vt 0.23455 0.68418
vt 0.27323 0.67546
vt 0.27004 0.66041
vt 0.2748 0.66701
vt 0.50133 0.11583
vt 0.49232 0.10041
vt 0.51979 0.0928
vt 0.50461 0.08942
vt 0.51066 0.08606
vt 0.49463 0.08384
vt 0.5231 0.07231
vt 0.51223 0.06914
vt 0.5195 0.06575
vt 0.51632 0.0603
vt 0.50169 0.07039
vt 0.49112 0.06961
vt 0.21033 0.6959
vt 0.21173 0.68877
vt 0.1985 0.6808
vt 0.19218 0.6737
vt 0.21794 0.68359
vt 0.31097 0.70724
vt 0.29846 0.69538
vt 0.31152 0.6938
vt 0.30672 0.71576
vt 0.49107 0.04776
vt 0.32124 0.69161
vt 0.32176 0.70333
vt 0.22747 0.70997
vt 0.22675 0.69356
vt 0.23353 0.70823
vt 0.23525 0.70027
vt 0.28138 0.70083
vt 0.291 0.69848
vt 0.28369 0.70841
vt 0.27703 0.69456
vt 0.27667 0.71258
vt 0.52676 0.10794
vt 0.3522 0.72065
vt 0.35486 0.71486
vt 0.34576 0.70629
vt 0.53118 0.09723
vt 0.54284 0.10317
vt 0.33787 0.7148
vt 0.33638 0.70135
vt 0.35634 0.69526
vt 0.52912 0.0765
vt 0.5361 0.0638
vt 0.54056 0.07726
vt 0.32232 0.72185
vt 0.32132 0.71638
vt 0.33729 0.72239
vt 0.30992 0.72523
vt 0.32111 0.70856
vt 0.3315 0.69582
vt 0.53333 0.05905
vt 0.54957 0.04637
vt 0.55316 0.0715
vt 0.29882 0.72439
vt 0.23222 0.71983
vt 0.55465 0.03434
vt 0.27789 0.72321
vt 0.28659 0.72565
vt 0.28548 0.73746
vt 0.53887 0.11901
vt 0.3679 0.74258
vt 0.35069 0.72591
vt 0.35607 0.73933
vt 0.55658 0.10984
vt 0.33629 0.72824
vt 0.34166 0.73605
vt 0.55312 0.08874
vt 0.31765 0.73635
vt 0.32216 0.73104
vt 0.32543 0.74296
vt 0.33244 0.73676
vt 0.31135 0.74891
vt 0.30719 0.74001
vt 0.2998 0.74097
vt 0.29201 0.74359
vt 0.35537 0.75187
vt 0.37866 0.75198
vt 0.34198 0.7501
vt 0.34547 0.75994
vt 0.31875 0.76294
vt 0.33585 0.75074
vt 0.33639 0.76269
vt 0.29775 0.76341
vt 0.41573 0.01813
vt 0.40499 0.02052
vt 0.40839 0.01632
vt 0.41522 0.01404
vt 0.45398 0.01987
vt 0.45423 0.03614
vt 0.4374 0.03615
vt 0.26122 0.6343
vt 0.26365 0.63582
vt 0.2527 0.64051
vt 0.27085 0.64775
vt 0.26152 0.62216
vt 0.43675 0.02336
vt 0.42224 0.02344
vt 0.43878 0.01812
vt 0.27019 0.63455
vt 0.27562 0.64432
vt 0.26504 0.6231
vt 0.27805 0.63619
vt 0.42238 0.02962
vt 0.27812 0.62259
vt 0.28586 0.64061
vt 0.47387 0.10904
vt 0.46418 0.10372
vt 0.44981 0.10939
vt 0.47178 0.08646
vt 0.46195 0.09168
vt 0.44539 0.09218
vt 0.33436 0.66055
vt 0.34717 0.65394
vt 0.35267 0.663
vt 0.46429 0.07345
vt 0.4458 0.07572
vt 0.33602 0.67011
vt 0.3192 0.65486
vt 0.47623 0.04954
vt 0.47068 0.06414
vt 0.46617 0.04088
vt 0.45918 0.05342
vt 0.31799 0.66539
vt 0.3026 0.65429
vt 0.30043 0.66513
vt 0.43964 0.05144
vt 0.29483 0.65002
vt 0.30357 0.64204
vt 0.2267 0.65626
vt 0.23938 0.65422
vt 0.45876 0.02801
vt 0.27554 0.65889
vt 0.28324 0.65181
vt 0.28304 0.66644
vt 0.48229 0.10546
vt 0.35175 0.68115
vt 0.48299 0.08273
vt 0.33513 0.67664
vt 0.33437 0.68617
vt 0.4809 0.0679
vt 0.31823 0.67489
vt 0.30346 0.68316
vt 0.30288 0.67349
vt 0.29565 0.67639
vt 0.21667 0.66183
vt 0.35243 0.68682
vt 0.39203 0.02691
vt 0.37406 0.03472
vt 0.37978 0.02935
vt 0.42148 0.11163
vt 0.41883 0.09689
vt 0.41293 0.08203
vt 0.42354 0.08516
vt 0.43005 0.07716
vt 0.41767 0.06241
vt 0.41386 0.04605
vt 0.40987 0.03372
vt 0.42645 0.04673
vt 0.40162 0.04396
vt 0.43122 0.06237
vt 0.40672 0.06206
vt 0.2891 0.61575
vt 0.29256 0.59771
vt 0.30147 0.61516
vt 0.2819 0.61033
vt 0.30344 0.62886
vt 0.3102 0.61708
vt 0.40203 0.02546
vt 0.40609 0.01192
vt 0.39281 0.02357
vt 0.40114 0.03058
vt 0.39209 0.01613
vt 0.27555 0.60538
vt 0.27142 0.61773
vt 0.39696 0.03736
vt 0.283 0.62725
vt 0.38413 0.02497
vt 0.38736 0.03716
vt 0.37219 0.02374
vt 0.39177 0.00691
vt 0.35422 0.63951
vt 0.36341 0.63776
vt 0.35825 0.64472
vt 0.4355 0.0938
vt 0.33828 0.64169
vt 0.34395 0.64683
vt 0.35827 0.62696
vt 0.34013 0.62882
vt 0.43842 0.08156
vt 0.32578 0.64283
vt 0.32328 0.63507
vt 0.32934 0.62075
vt 0.32275 0.6197
vt 0.31527 0.64149
vt 0.31428 0.62873
vt 0.2877 0.63185
vt 0.40514 0.10535
vt 0.40681 0.08797
vt 0.39767 0.10523
vt 0.39059 0.09271
vt 0.38745 0.07457
vt 0.38418 0.0531
vt 0.38563 0.06651
vt 0.37315 0.04925
vt 0.371 0.03916
vt 0.36806 0.03487
vt 0.36973 0.04633
vt 0.38121 0.04415
vt 0.36161 0.04031
vt 0.35811 0.03641
vt 0.35402 0.04637
vt 0.35709 0.02486
vt 0.37043 0.01783
vt 0.35345 0.01429
vt 0.3602 0.01272
vt 0.35465 0.61745
vt 0.36258 0.60532
vt 0.41301 0.10363
vt 0.33421 0.61115
vt 0.34537 0.60257
vt 0.39988 0.06574
vt 0.33056 0.59974
vt 0.31474 0.60434
vt 0.32155 0.601
vt 0.3148 0.59187
vt 0.30179 0.59987
vt 0.28979 0.59553
vt 0.2952 0.58616
vt 0.29823 0.58099
vt 0.2858 0.58966
vt 0.35173 0.04472
vt 0.34636 0.04816
vt 0.3455 0.05149
vt 0.36029 0.05061
vt 0.34418 0.04606
vt 0.34025 0.04061
vt 0.34814 0.03569
vt 0.35239 0.05755
vt 0.33873 0.05142
vt 0.34359 0.06045
vt 0.39709 0.12286
vt 0.37284 0.59844
vt 0.39212 0.12615
vt 0.38434 0.12864
vt 0.37322 0.5893
vt 0.3887 0.11091
vt 0.35403 0.58902
vt 0.35939 0.58133
vt 0.38384 0.09473
vt 0.381 0.0897
vt 0.33873 0.59167
vt 0.35578 0.59977
vt 0.34198 0.57762
vt 0.37285 0.09876
vt 0.37845 0.11209
vt 0.37627 0.07823
vt 0.3722 0.06895
vt 0.3328 0.59483
vt 0.32135 0.57257
vt 0.36594 0.08529
vt 0.30959 0.57791
vt 0.36103 0.05464
vt 0.3404 0.02216
vt 0.34155 0.00794
vt 0.34771 0.024
vt 0.32743 0.00378
vt 0.33268 0.01876
vt 0.35545 0.06797
vt 0.34679 0.03061
vt 0.33224 0.03358
vt 0.33694 0.03674
vt 0.32673 0.06038
vt 0.33028 0.06129
vt 0.32121 0.06699
vt 0.37172 0.11948
vt 0.35671 0.10848
vt 0.36309 0.11897
vt 0.35547 0.10266
vt 0.35558 0.09048
vt 0.34827 0.0923
vt 0.34148 0.55067
vt 0.35948 0.56106
vt 0.32834 0.55196
vt 0.34143 0.07758
vt 0.3393 0.06862
vt 0.32193 0.03701
vt 0.3136 0.02741
vt 0.32687 0.03235
vt 0.31515 0.0379
vt 0.31143 0.04754
vt 0.33854 0.05587
vt 0.33293 0.05268
vt 0.33342 0.05738
vt 0.31866 0.04769
vt 0.32175 0.05434
vt 0.32991 0.07016
vt 0.3167 0.05317
vt 0.32217 0.05816
vt 0.37786 0.58015
vt 0.3722 0.57178
vt 0.35206 0.56928
vt 0.34702 0.5625
vt 0.32655 0.56265
vt 0.31587 0.00908
vt 0.32494 0.02116
vt 0.30717 0.01782
vt 0.31803 0.06582
vt 0.31184 0.07106
vt 0.31269 0.07397
vt 0.31729 0.07782
vt 0.3064 0.06716
vt 0.30718 0.0751
vt 0.30436 0.07274
vt 0.36993 0.13257
vt 0.361 0.14048
vt 0.35576 0.12977
vt 0.39026 0.5582
vt 0.35912 0.55754
vt 0.35855 0.5523
vt 0.36654 0.54786
vt 0.37878 0.54248
vt 0.35274 0.1146
vt 0.3526 0.54619
vt 0.34541 0.11586
vt 0.27361 0.0174
vt 0.2662 0.0005
vt 0.27976 0.00934
vt 0.26371 0.00906
vt 0.29848 0.02845
vt 0.29316 0.01109
vt 0.34053 0.09937
vt 0.33412 0.08362
vt 0.29427 0.03368
vt 0.32799 0.1061
vt 0.32386 0.08893
vt 0.26378 0.02335
vt 0.30435 0.04767
vt 0.30161 0.05264
vt 0.28284 0.03616
vt 0.28214 0.04181
vt 0.30606 0.05724
vt 0.32301 0.07719
vt 0.30199 0.08954
vt 0.30162 0.08178
vt 0.29925 0.0808
vt 0.29542 0.07913
vt 0.31247 0.08633
vt 0.29263 0.07374
vt 0.31607 0.09381
vt 0.30531 0.1005
vt 0.29644 0.09961
vt 0.29322 0.08568
vt 0.35241 0.14695
vt 0.34383 0.1549
vt 0.34518 0.1432
vt 0.3882 0.53493
vt 0.34687 0.13728
vt 0.36597 0.54001
vt 0.37491 0.53076
vt 0.38598 0.52711
vt 0.33718 0.11986
vt 0.25066 0.01567
vt 0.3315 0.12566
vt 0.25508 0.03083
vt 0.32094 0.11442
vt 0.27433 0.04581
vt 0.25339 0.04078
vt 0.29563 0.05925
vt 0.29509 0.0549
vt 0.2833 0.05892
vt 0.28608 0.06228
vt 0.26821 0.04969
vt 0.2863 0.06801
vt 0.28132 0.06719
vt 0.29509 0.0672
vt 0.33347 0.16049
vt 0.32758 0.15302
vt 0.3334 0.14417
vt 0.32715 0.13187
vt 0.31457 0.14187
vt 0.30669 0.12515
vt 0.31366 0.11978
vt 0.29572 0.10942
vt 0.29655 0.11507
vt 0.28949 0.09152
vt 0.29429 0.09657
vt 0.28728 0.07701
vt 0.28205 0.08883
vt 0.27685 0.08078
vt 0.28009 0.07319
vt 0.28754 0.0907
vt 0.28496 0.0899
vt 0.27895 0.08511
vt 0.28525 0.09763
vt 0.27401 0.10381
vt 0.26941 0.0796
vt 0.27065 0.10919
vt 0.26725 0.09864
vt 0.26686 0.09409
vt 0.41505 0.52601
vt 0.39701 0.52127
vt 0.2386 0.02587
vt 0.22364 0.01981
vt 0.23745 0.01611
vt 0.23223 0.04484
vt 0.26118 0.05667
vt 0.25529 0.06782
vt 0.25742 0.07701
vt 0.31363 0.16079
vt 0.31942 0.151
vt 0.30189 0.14674
vt 0.30248 0.13126
vt 0.2602 0.08358
vt 0.28725 0.11812
vt 0.29236 0.13753
vt 0.27314 0.10234
vt 0.26362 0.10704
vt 0.2801 0.11238
vt 0.26216 0.09065
vt 0.27157 0.11094
vt 0.27774 0.11028
vt 0.25228 0.1013
vt 0.2552 0.11159
vt 0.27861 0.12479
vt 0.26989 0.12385
vt 0.25363 0.10743
vt 0.42372 0.51281
vt 0.40205 0.50663
vt 0.20511 0.04458
vt 0.21544 0.03542
vt 0.22239 0.04354
vt 0.19143 0.02601
vt 0.22194 0.06416
vt 0.24428 0.0658
vt 0.21123 0.04882
vt 0.23343 0.07228
vt 0.24624 0.08427
vt 0.24305 0.09829
vt 0.52196 0.21757
vt 0.52577 0.22213
vt 0.52021 0.21892
vt 0.53476 0.21291
vt 0.53403 0.20755
vt 0.52634 0.2124
vt 0.53445 0.19832
vt 0.54441 0.19518
vt 0.42489 0.74955
vt 0.43014 0.74766
vt 0.54638 0.18003
vt 0.55253 0.18634
vt 0.41339 0.75816
vt 0.41886 0.75658
vt 0.55724 0.16856
vt 0.39653 0.75489
vt 0.40481 0.7555
vt 0.39577 0.76146
vt 0.56788 0.1462
vt 0.58026 0.15198
vt 0.38274 0.76103
vt 0.53051 0.22081
vt 0.52706 0.22506
vt 0.52866 0.22321
vt 0.53281 0.22912
vt 0.54197 0.21402
vt 0.53708 0.21909
vt 0.54373 0.20719
vt 0.54972 0.2011
vt 0.42515 0.76275
vt 0.43447 0.76281
vt 0.43754 0.75977
vt 0.55713 0.19169
vt 0.55582 0.20653
vt 0.41613 0.76491
vt 0.41713 0.76847
vt 0.4315 0.76708
vt 0.42055 0.77343
vt 0.56695 0.17521
vt 0.57157 0.17923
vt 0.56572 0.19634
vt 0.40238 0.7721
vt 0.40408 0.77526
vt 0.57968 0.1641
vt 0.3883 0.77677
vt 0.36867 0.76474
vt 0.38947 0.78674
vt 0.38572 0.78786
vt 0.54425 0.21949
vt 0.54623 0.22483
vt 0.55009 0.22148
vt 0.54205 0.2258
vt 0.54899 0.22967
vt 0.55026 0.21362
vt 0.56095 0.2127
vt 0.56782 0.20457
vt 0.57307 0.21326
vt 0.42966 0.77554
vt 0.42326 0.78145
vt 0.43583 0.77374
vt 0.5836 0.17881
vt 0.58067 0.19444
vt 0.40789 0.78134
vt 0.40791 0.78797
vt 0.41109 0.79322
vt 0.59291 0.17973
vt 0.59389 0.19046
vt 0.39239 0.79332
vt 0.38968 0.7983
vt 0.55615 0.23069
vt 0.55938 0.22721
vt 0.56889 0.22301
vt 0.56707 0.2376
vt 0.58314 0.21416
vt 0.42319 0.78994
vt 0.43148 0.78885
vt 0.59283 0.20718
vt 0.60224 0.17948
vt 0.61029 0.19166
vt 0.60611 0.20118
vt 0.39463 0.80193
vt 0.58606 0.2202
vt 0.57564 0.23125
vt 0.60509 0.21404
vt 0.52055 0.22364
vt 0.51464 0.22388
vt 0.43288 0.73704
vt 0.44019 0.74557
vt 0.43722 0.74856
vt 0.44489 0.74117
vt 0.44564 0.74748
vt 0.52651 0.22895
vt 0.53296 0.23142
vt 0.51894 0.22731
vt 0.52645 0.23343
vt 0.5137 0.23081
vt 0.44132 0.76144
vt 0.44455 0.75845
vt 0.4529 0.75689
vt 0.45147 0.76479
vt 0.45277 0.75175
vt 0.53974 0.23074
vt 0.53657 0.23296
vt 0.53065 0.23272
vt 0.54243 0.23925
vt 0.53844 0.23745
vt 0.53638 0.2397
vt 0.54456 0.23748
vt 0.53244 0.23979
vt 0.52341 0.24328
vt 0.44277 0.77389
vt 0.44362 0.76883
vt 0.4373 0.78111
vt 0.44843 0.76993
vt 0.44861 0.77806
vt 0.45535 0.77366
vt 0.54015 0.24059
vt 0.54456 0.24457
vt 0.54896 0.24355
vt 0.53507 0.24322
vt 0.54472 0.24803
vt 0.54199 0.24879
vt 0.54794 0.25022
vt 0.55921 0.23775
vt 0.55345 0.23868
vt 0.45023 0.7855
vt 0.44151 0.79037
vt 0.45934 0.78624
vt 0.45639 0.79493
vt 0.41706 0.80123
vt 0.4346 0.8014
vt 0.44236 0.80161
vt 0.41474 0.79748
vt 0.42064 0.81159
vt 0.39719 0.80484
vt 0.40003 0.80852
vt 0.40439 0.81973
vt 0.55354 0.2524
vt 0.55104 0.25685
vt 0.55734 0.24346
vt 0.56188 0.24954
vt 0.56811 0.24679
vt 0.55688 0.25992
vt 0.57842 0.23991
vt 0.45079 0.80147
vt 0.46511 0.80628
vt 0.58949 0.23161
vt 0.43632 0.81068
vt 0.4512 0.81365
vt 0.45879 0.81267
vt 0.44452 0.82414
vt 0.60859 0.22179
vt 0.42285 0.8186
vt 0.40765 0.82432
vt 0.41865 0.82621
vt 0.43096 0.82837
vt 0.62513 0.19566
vt 0.63107 0.20727
vt 0.5788 0.83945
vt 0.56966 0.854
vt 0.55856 0.85221
vt 0.5709 0.25295
vt 0.56441 0.25992
vt 0.56821 0.26123
vt 0.58349 0.24752
vt 0.59047 0.24215
vt 0.60673 0.2432
vt 0.59807 0.2502
vt 0.58535 0.25692
vt 0.61545 0.23181
vt 0.62587 0.22489
vt 0.55235 0.84348
vt 0.86228 0.16147
vt 0.85934 0.15214
vt 0.88426 0.15551
vt 0.63975 0.23091
vt 0.64198 0.23961
vt 0.45691 0.73716
vt 0.51791 0.24012
vt 0.51547 0.25057
vt 0.46245 0.74826
vt 0.46522 0.76071
vt 0.53053 0.25023
vt 0.45724 0.76134
vt 0.46988 0.7714
vt 0.53722 0.251
vt 0.541 0.25593
vt 0.53321 0.26395
vt 0.52725 0.25861
vt 0.5373 0.26688
vt 0.46124 0.77855
vt 0.46881 0.79227
vt 0.46637 0.7972
vt 0.47177 0.78562
vt 0.54385 0.25285
vt 0.54982 0.25811
vt 0.54767 0.2601
vt 0.55332 0.26114
vt 0.54631 0.26625
vt 0.54982 0.26612
vt 0.47254 0.80448
vt 0.47801 0.79895
vt 0.4816 0.78424
vt 0.55392 0.26779
vt 0.55655 0.26945
vt 0.56012 0.26819
vt 0.55792 0.27505
vt 0.57314 0.25858
vt 0.56814 0.26911
vt 0.47227 0.81322
vt 0.46713 0.82049
vt 0.47981 0.803
vt 0.48408 0.81484
vt 0.4821 0.82442
vt 0.48271 0.80853
vt 0.46039 0.82464
vt 0.53823 0.84829
vt 0.54612 0.85597
vt 0.53195 0.85364
vt 0.53621 0.84048
vt 0.88402 0.16601
vt 0.89799 0.16255
vt 0.87272 0.16883
vt 0.57713 0.27503
vt 0.56221 0.27512
vt 0.57253 0.28161
vt 0.57966 0.26634
vt 0.58895 0.26239
vt 0.59118 0.27457
vt 0.57955 0.27382
vt 0.52532 0.85607
vt 0.5138 0.84809
vt 0.51473 0.83964
vt 0.59921 0.25743
vt 0.52136 0.83888
vt 0.59732 0.26877
vt 0.61124 0.26193
vt 0.91085 0.16813
vt 0.899 0.17205
vt 0.61479 0.25238
vt 0.63636 0.25238
vt 0.61357 0.27061
vt 0.88311 0.17615
vt 0.86912 0.17761
vt 0.63655 0.26594
vt 0.50772 0.24492
vt 0.50043 0.2505
vt 0.46342 0.73655
vt 0.47726 0.72903
vt 0.46621 0.74498
vt 0.47135 0.75297
vt 0.47453 0.73836
vt 0.48036 0.74827
vt 0.52157 0.26197
vt 0.47849 0.76786
vt 0.48536 0.76406
vt 0.48443 0.74669
vt 0.49718 0.78278
vt 0.5237 0.27751
vt 0.52711 0.28467
vt 0.4836 0.8012
vt 0.49363 0.79094
vt 0.48978 0.80546
vt 0.55391 0.27696
vt 0.55072 0.27809
vt 0.55702 0.27865
vt 0.54167 0.27867
vt 0.54762 0.28214
vt 0.55141 0.28244
vt 0.49125 0.81705
vt 0.49821 0.81205
vt 0.49726 0.80013
vt 0.5034 0.81626
vt 0.55888 0.27939
vt 0.55889 0.2855
vt 0.55542 0.28475
vt 0.56555 0.28963
vt 0.56145 0.28794
vt 0.56005 0.28992
vt 0.55268 0.28848
vt 0.5573 0.29471
vt 0.56144 0.29748
vt 0.56912 0.28559
vt 0.49351 0.82233
vt 0.50447 0.83806
vt 0.50363 0.84572
vt 0.91971 0.185
vt 0.91696 0.16951
vt 0.92539 0.1744
vt 0.51083 0.82633
vt 0.4916 0.83502
vt 0.49032 0.8297
vt 0.92688 0.18426
vt 0.93451 0.1869
vt 0.90202 0.17748
vt 0.913 0.18168
vt 0.89899 0.18445
vt 0.87717 0.1906
vt 0.57964 0.28875
vt 0.57665 0.29724
vt 0.57062 0.29804
vt 0.58355 0.28605
vt 0.59392 0.28239
vt 0.58587 0.30015
vt 0.92965 0.19308
vt 0.58114 0.30047
vt 0.59547 0.29741
vt 0.6035 0.28049
vt 0.61169 0.27846
vt 0.91525 0.1906
vt 0.9076 0.19623
vt 0.60774 0.29371
vt 0.61447 0.29302
vt 0.91647 0.19859
vt 0.62941 0.27381
vt 0.88664 0.19645
vt 0.64135 0.27881
vt 0.87221 0.20728
vt 0.4783 0.73498
vt 0.49074 0.7347
vt 0.51049 0.26669
vt 0.50237 0.26556
vt 0.49497 0.74636
vt 0.49855 0.75898
vt 0.50221 0.7474
vt 0.49424 0.76895
vt 0.50636 0.7703
vt 0.50471 0.79316
vt 0.50742 0.7794
vt 0.5133 0.79199
vt 0.53356 0.28712
vt 0.53846 0.29427
vt 0.54449 0.2933
vt 0.51532 0.81053
vt 0.55993 0.30072
vt 0.55385 0.29958
vt 0.51201 0.81979
vt 0.51543 0.83026
vt 0.5205 0.82476
vt 0.5217 0.81351
vt 0.53044 0.8256
vt 0.52429 0.80141
vt 0.56189 0.30502
vt 0.55722 0.30616
vt 0.56631 0.30906
vt 0.57579 0.30658
vt 0.56971 0.30528
vt 0.92356 0.19765
vt 0.94005 0.20489
vt 0.53724 0.83477
vt 0.93332 0.20554
vt 0.92611 0.21133
vt 0.91513 0.20629
vt 0.89574 0.20562
vt 0.90018 0.21225
vt 0.88339 0.21281
vt 0.58081 0.31713
vt 0.58547 0.31096
vt 0.59978 0.31027
vt 0.59469 0.3144
vt 0.61108 0.30161
vt 0.62143 0.31246
vt 0.6408 0.29755
vt 0.90031 0.22057
vt 0.88427 0.22286
vt 0.64457 0.31167
vt 0.64518 0.28701
vt 0.86765 0.22117
vt 0.49109 0.25947
vt 0.48775 0.26826
vt 0.49231 0.72165
vt 0.49816 0.7327
vt 0.50447 0.72035
vt 0.49492 0.27209
vt 0.51127 0.27464
vt 0.50147 0.27716
vt 0.51177 0.7387
vt 0.5186 0.7531
vt 0.50968 0.2866
vt 0.50024 0.28765
vt 0.51238 0.76362
vt 0.52191 0.76084
vt 0.5257 0.29607
vt 0.51477 0.77976
vt 0.52501 0.77379
vt 0.53074 0.78718
vt 0.53786 0.7979
vt 0.54625 0.30487
vt 0.53548 0.30612
vt 0.53981 0.81623
vt 0.54556 0.81331
vt 0.54731 0.82307
vt 0.55986 0.31252
vt 0.56103 0.31315
vt 0.55189 0.31733
vt 0.54818 0.31039
vt 0.55665 0.31505
vt 0.56207 0.31863
vt 0.56566 0.31845
vt 0.55901 0.32118
vt 0.55598 0.32126
vt 0.56875 0.31729
vt 0.54549 0.82967
vt 0.94222 0.21062
vt 0.54437 0.83501
vt 0.56124 0.83098
vt 0.55761 0.82644
vt 0.56112 0.83635
vt 0.56021 0.32058
vt 0.57485 0.31706
vt 0.57583 0.33182
vt 0.57253 0.33121
vt 0.56491 0.32455
vt 0.58377 0.32772
vt 0.58769 0.32188
vt 0.60138 0.32445
vt 0.93656 0.22175
vt 0.94581 0.22447
vt 0.58833 0.33134
vt 0.92367 0.21579
vt 0.91792 0.22109
vt 0.61593 0.32276
vt 0.93127 0.22979
vt 0.63346 0.32088
vt 0.89848 0.2275
vt 0.91968 0.23238
vt 0.90283 0.23673
vt 0.88305 0.23093
vt 0.66762 0.31795
vt 0.88532 0.23705
vt 0.89605 0.24134
vt 0.59965 0.33459
vt 0.61853 0.3309
vt 0.63605 0.33152
vt 0.65171 0.33671
vt 0.48166 0.27692
vt 0.5187 0.71449
vt 0.4897 0.28309
vt 0.51713 0.72699
vt 0.51994 0.73574
vt 0.52595 0.71761
vt 0.52559 0.74909
vt 0.53299 0.74533
vt 0.52603 0.73252
vt 0.4998 0.29547
vt 0.53363 0.76122
vt 0.53862 0.75394
vt 0.5139 0.29965
vt 0.52251 0.3042
vt 0.54031 0.77759
vt 0.54168 0.76351
vt 0.54966 0.77751
vt 0.54325 0.79476
vt 0.55591 0.79117
vt 0.53777 0.31776
vt 0.52764 0.31691
vt 0.54277 0.3196
vt 0.56441 0.80359
vt 0.56126 0.81055
vt 0.54846 0.32783
vt 0.57158 0.8253
vt 0.55838 0.33128
vt 0.55977 0.33136
vt 0.55739 0.33013
vt 0.55361 0.33152
vt 0.55065 0.33061
vt 0.5621 0.33784
vt 0.56695 0.33276
vt 0.57907 0.336
vt 0.56885 0.3486
vt 0.94106 0.23691
vt 0.57473 0.83015
vt 0.58202 0.83421
vt 0.95115 0.24145
vt 0.9282 0.23992
vt 0.93572 0.24046
vt 0.93353 0.25061
vt 0.91218 0.24023
vt 0.89897 0.24819
vt 0.91968 0.24821
vt 0.87831 0.24581
vt 0.58177 0.34566
vt 0.5887 0.3459
vt 0.61803 0.34126
vt 0.59732 0.35236
vt 0.92777 0.25434
vt 0.61581 0.35425
vt 0.63794 0.34412
vt 0.88599 0.25466
vt 0.65254 0.35946
vt 0.90533 0.25498
vt 0.88573 0.25959
vt 0.63581 0.36242
vt 0.47358 0.28464
vt 0.52906 0.70356
vt 0.53377 0.71252
vt 0.47607 0.28972
vt 0.48873 0.29773
vt 0.53398 0.72741
vt 0.53991 0.72497
vt 0.54016 0.74128
vt 0.54615 0.73647
vt 0.50629 0.30636
vt 0.49642 0.30842
vt 0.54492 0.74948
vt 0.54958 0.75822
vt 0.55067 0.74573
vt 0.51419 0.31542
vt 0.56218 0.76652
vt 0.56805 0.77983
vt 0.56491 0.79219
vt 0.52858 0.33846
vt 0.51255 0.33737
vt 0.51813 0.34296
vt 0.57899 0.79949
vt 0.53914 0.33928
vt 0.54564 0.34029
vt 0.5845 0.81147
vt 0.58261 0.82293
vt 0.58806 0.79723
vt 0.55496 0.3386
vt 0.55078 0.34058
vt 0.55498 0.34303
vt 0.55585 0.3452
vt 0.55975 0.3459
vt 0.54659 0.34613
vt 0.55142 0.34823
vt 0.55641 0.35487
vt 0.55185 0.35134
vt 0.54722 0.35421
vt 0.56285 0.34567
vt 0.94702 0.24899
vt 0.59375 0.82747
vt 0.5882 0.82162
vt 0.95785 0.25085
vt 0.95509 0.25388
vt 0.57464 0.35218
vt 0.55695 0.36014
vt 0.56483 0.36082
vt 0.58156 0.3558
vt 0.94106 0.25688
vt 0.95175 0.2676
vt 0.56936 0.36632
vt 0.59326 0.36449
vt 0.57838 0.36578
vt 0.61717 0.36373
vt 0.9369 0.26255
vt 0.92704 0.26144
vt 0.92055 0.25357
vt 0.63103 0.37705
vt 0.90862 0.26406
vt 0.61188 0.3767
vt 0.88673 0.26621
vt 0.70994 0.33703
vt 0.69215 0.34469
vt 0.68993 0.3336
vt 0.89287 0.27435
vt 0.92038 0.27147
vt 0.46448 0.29201
vt 0.53646 0.69764
vt 0.54092 0.70801
vt 0.54728 0.69167
vt 0.54624 0.70195
vt 0.47348 0.30051
vt 0.551 0.72114
vt 0.55118 0.70836
vt 0.47826 0.30777
vt 0.48189 0.31138
vt 0.55641 0.73108
vt 0.56185 0.72923
vt 0.48943 0.31737
vt 0.56125 0.74172
vt 0.56918 0.75425
vt 0.56793 0.73936
vt 0.49743 0.32734
vt 0.5729 0.77257
vt 0.58199 0.7601
vt 0.58667 0.77288
vt 0.58069 0.78715
vt 0.59831 0.79274
vt 0.52927 0.35811
vt 0.52958 0.35127
vt 0.52277 0.34775
vt 0.59795 0.80753
vt 0.60372 0.81255
vt 0.53897 0.35336
vt 0.55166 0.35628
vt 0.55011 0.36504
vt 0.54565 0.36261
vt 0.53941 0.36101
vt 0.544 0.36284
vt 0.54937 0.36961
vt 0.6047 0.82018
vt 0.61332 0.82
vt 0.96379 0.26759
vt 0.9603 0.2683
vt 0.54566 0.36707
vt 0.56041 0.37791
vt 0.5547 0.37098
vt 0.94661 0.27065
vt 0.59127 0.37447
vt 0.57012 0.37382
vt 0.57512 0.38096
vt 0.94053 0.27486
vt 0.93385 0.27723
vt 0.94594 0.27959
vt 0.60764 0.39753
vt 0.91347 0.2778
vt 0.92936 0.28531
vt 0.69728 0.35626
vt 0.88944 0.2858
vt 0.71087 0.34825
vt 0.68625 0.36704
vt 0.91762 0.28671
vt 0.90491 0.29247
vt 0.71562 0.35994
vt 0.45764 0.30369
vt 0.44331 0.3
vt 0.56223 0.68698
vt 0.55719 0.69881
vt 0.46556 0.30979
vt 0.56122 0.70211
vt 0.56458 0.71135
vt 0.47393 0.31971
vt 0.5747 0.72826
vt 0.57472 0.71983
vt 0.4805 0.3267
vt 0.48826 0.32994
vt 0.57511 0.73439
vt 0.58316 0.73437
vt 0.59202 0.74895
vt 0.50248 0.35128
vt 0.49089 0.33699
vt 0.5976 0.75918
vt 0.59912 0.76982
vt 0.51308 0.3567
vt 0.60373 0.78672
vt 0.61146 0.77847
vt 0.6119 0.78252
vt 0.51996 0.36392
vt 0.61925 0.79555
vt 0.62061 0.80131
vt 0.53995 0.36539
vt 0.52726 0.3681
vt 0.53151 0.36975
vt 0.52855 0.38226
vt 0.52943 0.37799
vt 0.62299 0.8109
vt 0.96945 0.28284
vt 0.63014 0.81096
vt 0.96537 0.28621
vt 0.63278 0.80418
vt 0.54428 0.37385
vt 0.53804 0.37212
vt 0.5392 0.37523
vt 0.5662 0.38583
vt 0.54818 0.38727
vt 0.5422 0.38411
vt 0.55903 0.39547
vt 0.54912 0.3955
vt 0.95445 0.27662
vt 0.58498 0.39264
vt 0.95829 0.28866
vt 0.57462 0.40915
vt 0.94307 0.29519
vt 0.94786 0.29345
vt 0.95253 0.29031
vt 0.68955 0.38496
vt 0.67442 0.39065
vt 0.92635 0.30145
vt 0.93771 0.29854
vt 0.69821 0.36629
vt 0.70107 0.38109
vt 0.7052 0.38071
vt 0.72058 0.37302
vt 0.90926 0.30765
vt 0.81299 0.8094
vt 0.80185 0.8069
vt 0.81187 0.80487
vt 0.80323 0.80482
vt 0.80756 0.82038
vt 0.79674 0.81709
vt 0.79874 0.82146
vt 0.79387 0.81215
vt 0.78695 0.80361
vt 0.78732 0.80626
vt 0.78389 0.80124
vt 0.79332 0.80103
vt 0.79601 0.81491
vt 0.78269 0.80837
vt 0.78322 0.81016
vt 0.78651 0.81517
vt 0.78161 0.80378
vt 0.78528 0.79858
vt 0.78042 0.80271
vt 0.77881 0.8077
vt 0.78073 0.81084
vt 0.77811 0.80924
vt 0.77701 0.8046
vt 0.80198 0.79858
vt 0.79939 0.79335
vt 0.79959 0.78943
vt 0.79538 0.83069
vt 0.80232 0.78351
vt 0.78784 0.83122
vt 0.79764 0.82573
vt 0.79308 0.7963
vt 0.78772 0.79218
vt 0.79227 0.78605
vt 0.80162 0.78658
vt 0.78338 0.82717
vt 0.79338 0.78209
vt 0.77935 0.82778
vt 0.7793 0.82447
vt 0.7831 0.81889
vt 0.77934 0.799
vt 0.78034 0.79529
vt 0.77559 0.79293
vt 0.78219 0.78962
vt 0.78517 0.78378
vt 0.78581 0.77948
vt 0.77159 0.82541
vt 0.77237 0.82187
vt 0.77491 0.78329
vt 0.76998 0.78784
vt 0.77787 0.81187
vt 0.77644 0.81498
vt 0.76614 0.81426
vt 0.76763 0.79407
vt 0.77392 0.79599
vt 0.77796 0.80175
vt 0.77637 0.80729
vt 0.77624 0.79998
vt 0.77417 0.80177
vt 0.77202 0.80607
vt 0.7685 0.80498
vt 0.76734 0.80042
vt 0.76626 0.80964
vt 0.76672 0.7963
vt 0.76744 0.80723
vt 0.76117 0.78583
vt 0.76314 0.7802
vt 0.77673 0.77895
vt 0.76549 0.81958
vt 0.75382 0.81615
vt 0.78011 0.77529
vt 0.76463 0.82373
vt 0.76766 0.77033
vt 0.75543 0.82125
vt 0.76175 0.77194
vt 0.77288 0.76919
vt 0.75884 0.77446
vt 0.75753 0.78804
vt 0.75868 0.79127
vt 0.75428 0.80066
vt 0.75646 0.8081
vt 0.75501 0.79562
vt 0.74772 0.80284
vt 0.75169 0.77786
vt 0.74472 0.77224
vt 0.73383 0.77507
vt 0.74269 0.76635
vt 0.74305 0.81955
vt 0.73987 0.81472
vt 0.75478 0.76387
vt 0.76233 0.76265
vt 0.73165 0.81839
vt 0.73357 0.81464
vt 0.75225 0.75734
vt 0.74314 0.76085
vt 0.74734 0.78747
vt 0.74599 0.78228
vt 0.73803 0.78153
vt 0.74174 0.80585
vt 0.74734 0.79723
vt 0.73333 0.80015
vt 0.60258 0.11296
vt 0.61331 0.08937
vt 0.61549 0.10145
vt 0.60989 0.11182
vt 0.63098 0.08241
vt 0.6355 0.0783
vt 0.26616 0.78923
vt 0.26743 0.78805
vt 0.26366 0.78356
vt 0.26433 0.78998
vt 0.25836 0.79532
vt 0.25501 0.79808
vt 0.27896 0.78724
vt 0.24975 0.79802
vt 0.28737 0.78825
vt 0.63643 0.10012
vt 0.65043 0.09391
vt 0.26869 0.80339
vt 0.27089 0.80313
vt 0.27395 0.80608
vt 0.26674 0.8084
vt 0.271 0.80876
vt 0.26214 0.80933
vt 0.27706 0.8066
vt 0.28041 0.8047
vt 0.2602 0.82252
vt 0.28756 0.80193
vt 0.25041 0.81691
vt 0.73112 0.76823
vt 0.73215 0.75934
vt 0.72444 0.76551
vt 0.73748 0.75486
vt 0.72063 0.8115
vt 0.71972 0.81627
vt 0.74215 0.75067
vt 0.71632 0.81463
vt 0.27169 0.82066
vt 0.27548 0.82383
vt 0.27441 0.83566
vt 0.26363 0.82229
vt 0.28233 0.8173
vt 0.27882 0.83055
vt 0.26508 0.83585
vt 0.72812 0.78279
vt 0.72906 0.77753
vt 0.72439 0.79457
vt 0.71966 0.76857
vt 0.71728 0.78174
vt 0.71793 0.77268
vt 0.73107 0.80426
vt 0.71623 0.80428
vt 0.71759 0.79883
vt 0.71386 0.793
vt 0.2769 0.83363
vt 0.68743 0.81175
vt 0.69484 0.81794
vt 0.69356 0.82053
vt 0.69219 0.8235
vt 0.28445 0.82721
vt 0.69633 0.80634
vt 0.7014 0.8127
vt 0.68776 0.80819
vt 0.68602 0.81477
vt 0.56659 0.13797
vt 0.59018 0.13038
vt 0.3588 0.76864
vt 0.34196 0.77968
vt 0.59728 0.12134
vt 0.32932 0.77252
vt 0.30613 0.77178
vt 0.31709 0.77729
vt 0.30827 0.78128
vt 0.29746 0.78565
vt 0.59053 0.15318
vt 0.37311 0.77956
vt 0.36755 0.7862
vt 0.35798 0.7849
vt 0.60134 0.13714
vt 0.60485 0.155
vt 0.34633 0.78585
vt 0.35114 0.79624
vt 0.62312 0.12787
vt 0.61036 0.14804
vt 0.3316 0.78722
vt 0.33516 0.79606
vt 0.63831 0.11256
vt 0.32537 0.78341
vt 0.31455 0.79072
vt 0.32632 0.79759
vt 0.29626 0.79724
vt 0.30288 0.80667
vt 0.2954 0.80907
vt 0.31401 0.80747
vt 0.61052 0.16594
vt 0.3666 0.7936
vt 0.36862 0.79959
vt 0.36796 0.80624
vt 0.62325 0.1525
vt 0.357 0.80386
vt 0.35286 0.80842
vt 0.35486 0.81968
vt 0.63025 0.13639
vt 0.63608 0.1401
vt 0.6322 0.16127
vt 0.33548 0.80569
vt 0.33125 0.8019
vt 0.34775 0.81162
vt 0.3399 0.81265
vt 0.65012 0.11347
vt 0.6464 0.12158
vt 0.648 0.10745
vt 0.63733 0.12403
vt 0.6435 0.13374
vt 0.31752 0.81892
vt 0.66055 0.10134
vt 0.25186 0.82777
vt 0.74165 0.74695
vt 0.65736 0.10501
vt 0.71254 0.81463
vt 0.30053 0.81976
vt 0.28911 0.81607
vt 0.25474 0.83635
vt 0.2925 0.82597
vt 0.62042 0.1763
vt 0.63269 0.17457
vt 0.64141 0.15165
vt 0.64359 0.14096
vt 0.64836 0.14392
vt 0.645 0.15539
vt 0.65171 0.15017
vt 0.64254 0.16868
vt 0.65754 0.16128
vt 0.33602 0.82023
vt 0.64807 0.17195
vt 0.65924 0.13997
vt 0.66173 0.14961
vt 0.67366 0.13633
vt 0.67712 0.14686
vt 0.66025 0.83231
vt 0.66062 0.84194
vt 0.64421 0.84544
vt 0.66391 0.83728
vt 0.6701 0.15938
vt 0.64351 0.83771
vt 0.64242 0.82938
vt 0.65451 0.8223
vt 0.7112 0.7974
vt 0.70888 0.8072
vt 0.70646 0.79561
vt 0.70417 0.80298
vt 0.69422 0.14325
vt 0.68399 0.13808
vt 0.68871 0.12961
vt 0.68085 0.8298
vt 0.67518 0.83699
vt 0.66987 0.82593
vt 0.70404 0.13347
vt 0.68177 0.153
vt 0.6643 0.81923
vt 0.68772 0.82725
vt 0.67961 0.82171
vt 0.69925 0.12724
vt 0.7104 0.12624
vt 0.67302 0.81449
vt 0.71337 0.11805
vt 0.72989 0.11871
vt 0.72491 0.12405
vt 0.71747 0.12604
vt 0.66628 0.17427
vt 0.68684 0.16447
vt 0.69958 0.15483
vt 0.71141 0.12183
vt 0.71868 0.13451
vt 0.7186 0.14002
vt 0.71116 0.14546
vt 0.72407 0.14151
vt 0.72696 0.13896
vt 0.7229 0.14565
vt 0.73433 0.1419
vt 0.7181 0.15599
vt 0.74151 0.13522
vt 0.76789 0.14648
vt 0.77717 0.14521
vt 0.77201 0.16091
vt 0.7197 0.16652
vt 0.73201 0.15542
vt 0.72935 0.15714
vt 0.73538 0.16825
vt 0.73837 0.16611
vt 0.72554 0.16915
vt 0.36959 0.81134
vt 0.38542 0.81411
vt 0.37568 0.81581
vt 0.3791 0.82634
vt 0.36463 0.8255
vt 0.34772 0.82789
vt 0.6323 0.84124
vt 0.62965 0.83104
vt 0.61797 0.8469
vt 0.38496 0.82725
vt 0.60193 0.84144
vt 0.59968 0.84904
vt 0.57974 0.8549
vt 0.60502 0.84891
vt 0.6003 0.8357
vt 0.64944 0.18469
vt 0.61239 0.83694
vt 0.64766 0.19801
vt 0.66253 0.18977
vt 0.61082 0.82877
vt 0.67931 0.18167
vt 0.62768 0.82609
vt 0.64404 0.81873
vt 0.81172 0.15069
vt 0.82759 0.15312
vt 0.81096 0.16093
vt 0.69972 0.16886
vt 0.79278 0.16047
vt 0.79491 0.15228
vt 0.79584 0.16751
vt 0.71451 0.17032
vt 0.78682 0.14573
vt 0.77851 0.1611
vt 0.78134 0.1711
vt 0.64114 0.21656
vt 0.84961 0.16224
vt 0.65555 0.20767
vt 0.83897 0.14977
vt 0.83244 0.16035
vt 0.66615 0.22015
vt 0.67652 0.21158
vt 0.83248 0.16657
vt 0.67578 0.19621
vt 0.81791 0.16848
vt 0.70651 0.17721
vt 0.69539 0.18754
vt 0.80063 0.17289
vt 0.77707 0.17101
vt 0.71482 0.18853
vt 0.72365 0.17956
vt 0.78696 0.17422
vt 0.70292 0.20075
vt 0.78292 0.18492
vt 0.79004 0.1839
vt 0.80265 0.18248
vt 0.74665 0.14854
vt 0.74198 0.16329
vt 0.74667 0.15855
vt 0.77215 0.1715
vt 0.77576 0.18323
vt 0.76933 0.17846
vt 0.77238 0.18984
vt 0.72503 0.19704
vt 0.73996 0.17672
vt 0.74611 0.18299
vt 0.73331 0.18721
vt 0.7615 0.18124
vt 0.76464 0.18023
vt 0.76585 0.19677
vt 0.76367 0.1951
vt 0.7435 0.18664
vt 0.76277 0.19771
vt 0.76538 0.20334
vt 0.77005 0.19947
vt 0.7553 0.19768
vt 0.76881 0.20656
vt 0.77638 0.19398
vt 0.7603 0.20944
vt 0.85203 0.17586
vt 0.83895 0.17816
vt 0.82651 0.18005
vt 0.81572 0.18326
vt 0.79034 0.19263
vt 0.66012 0.23023
vt 0.86456 0.17971
vt 0.67024 0.25122
vt 0.66946 0.23531
vt 0.84886 0.18672
vt 0.82776 0.18616
vt 0.68601 0.21917
vt 0.68774 0.22782
vt 0.82821 0.20055
vt 0.67584 0.25622
vt 0.70817 0.21089
vt 0.80274 0.19046
vt 0.79926 0.19664
vt 0.80846 0.20494
vt 0.70979 0.2253
vt 0.69887 0.24084
vt 0.8215 0.20295
vt 0.78608 0.20045
vt 0.78216 0.19385
vt 0.72465 0.21472
vt 0.73377 0.20995
vt 0.79944 0.20575
vt 0.78977 0.21088
vt 0.77957 0.20281
vt 0.77318 0.20447
vt 0.75432 0.21467
vt 0.78335 0.21569
vt 0.72881 0.22849
vt 0.74719 0.21742
vt 0.75896 0.22467
vt 0.74925 0.2279
vt 0.76878 0.21424
vt 0.77195 0.21613
vt 0.76644 0.22432
vt 0.76324 0.22267
vt 0.77741 0.22282
vt 0.77212 0.22441
vt 0.77435 0.22561
vt 0.78634 0.22622
vt 0.77399 0.23168
vt 0.77837 0.22812
vt 0.86363 0.19414
vt 0.84715 0.19769
vt 0.85117 0.20699
vt 0.66825 0.26762
vt 0.83737 0.21791
vt 0.68677 0.27102
vt 0.86226 0.21302
vt 0.69808 0.24884
vt 0.82947 0.20855
vt 0.70545 0.26566
vt 0.71909 0.24224
vt 0.8103 0.21761
vt 0.81636 0.22745
vt 0.80627 0.22952
vt 0.79895 0.22103
vt 0.75431 0.23331
vt 0.74099 0.23731
vt 0.79125 0.21884
vt 0.76504 0.23635
vt 0.75286 0.24171
vt 0.79708 0.23265
vt 0.80599 0.2374
vt 0.79061 0.23187
vt 0.78335 0.23166
vt 0.66976 0.28059
vt 0.72972 0.25395
vt 0.74609 0.25117
vt 0.76807 0.24613
vt 0.76042 0.252
vt 0.77804 0.23535
vt 0.77219 0.24389
vt 0.77828 0.24378
vt 0.78003 0.24218
vt 0.79014 0.24162
vt 0.78436 0.24448
vt 0.78287 0.24955
vt 0.85215 0.2197
vt 0.83259 0.22994
vt 0.81649 0.23554
vt 0.67223 0.29024
vt 0.66312 0.30246
vt 0.68882 0.30157
vt 0.69745 0.2828
vt 0.85705 0.23187
vt 0.84263 0.23484
vt 0.72361 0.26654
vt 0.73791 0.26177
vt 0.73623 0.27342
vt 0.82485 0.23462
vt 0.71767 0.28069
vt 0.74879 0.25946
vt 0.75389 0.27447
vt 0.82121 0.24328
vt 0.83605 0.24444
vt 0.80103 0.2422
vt 0.79413 0.24449
vt 0.76861 0.26787
vt 0.80652 0.25321
vt 0.77259 0.25732
vt 0.75867 0.27312
vt 0.7983 0.25428
vt 0.79127 0.25341
vt 0.77678 0.2591
vt 0.78066 0.2524
vt 0.77711 0.27203
vt 0.78405 0.25711
vt 0.78432 0.26391
vt 0.78664 0.26017
vt 0.79604 0.26362
vt 0.78774 0.26671
vt 0.7814 0.27382
vt 0.78713 0.27699
vt 0.87047 0.23575
vt 0.85517 0.24287
vt 0.70315 0.29424
vt 0.72016 0.28828
vt 0.86715 0.24797
vt 0.85168 0.25394
vt 0.73683 0.28183
vt 0.84139 0.25437
vt 0.8234 0.25215
vt 0.82552 0.26146
vt 0.80401 0.26144
vt 0.81336 0.26153
vt 0.67558 0.33316
vt 0.71159 0.30377
vt 0.73046 0.29951
vt 0.74684 0.29328
vt 0.75762 0.28806
vt 0.76767 0.27504
vt 0.81036 0.27168
vt 0.80594 0.27066
vt 0.82735 0.26678
vt 0.81885 0.27304
vt 0.77489 0.28617
vt 0.79058 0.2695
vt 0.79746 0.26904
vt 0.78836 0.27153
vt 0.8023 0.26885
vt 0.79161 0.27904
vt 0.79119 0.28273
vt 0.79718 0.27921
vt 0.78143 0.28369
vt 0.80287 0.27886
vt 0.79427 0.28292
vt 0.88525 0.25043
vt 0.86755 0.25488
vt 0.84173 0.26482
vt 0.66698 0.3433
vt 0.70725 0.31271
vt 0.85779 0.26377
vt 0.73097 0.3164
vt 0.85724 0.26741
vt 0.71823 0.32228
vt 0.74532 0.3025
vt 0.83041 0.27373
vt 0.74678 0.31126
vt 0.84514 0.27808
vt 0.86406 0.26983
vt 0.7615 0.29312
vt 0.76464 0.3074
vt 0.81317 0.2811
vt 0.80702 0.2827
vt 0.78006 0.3014
vt 0.78394 0.29004
vt 0.82028 0.28473
vt 0.82725 0.28048
vt 0.78808 0.29231
vt 0.80395 0.29072
vt 0.79904 0.29338
vt 0.81376 0.29315
vt 0.80952 0.29586
vt 0.78754 0.30354
vt 0.79515 0.28859
vt 0.79241 0.29315
vt 0.7959 0.29471
vt 0.70073 0.32735
vt 0.87253 0.27386
vt 0.72091 0.33362
vt 0.87284 0.27811
vt 0.73478 0.32688
vt 0.85702 0.27866
vt 0.85003 0.28632
vt 0.75226 0.32115
vt 0.86708 0.28953
vt 0.85527 0.29547
vt 0.83588 0.28932
vt 0.84927 0.30003
vt 0.83514 0.29754
vt 0.76852 0.32118
vt 0.75371 0.32774
vt 0.81858 0.29216
vt 0.81875 0.29968
vt 0.78446 0.30757
vt 0.77624 0.32523
vt 0.81189 0.30323
vt 0.81702 0.30376
vt 0.7874 0.31772
vt 0.80513 0.29988
vt 0.79054 0.30088
vt 0.79802 0.30449
vt 0.8002 0.30325
vt 0.7941 0.31113
vt 0.79373 0.3186
vt 0.80214 0.31077
vt 0.80376 0.30965
vt 0.80157 0.31276
vt 0.72594 0.34113
vt 0.88671 0.29821
vt 0.73203 0.3537
vt 0.73757 0.33611
vt 0.87008 0.29773
vt 0.74477 0.34676
vt 0.87503 0.30488
vt 0.85382 0.30852
vt 0.7606 0.34352
vt 0.84037 0.30442
vt 0.82828 0.30672
vt 0.83652 0.31325
vt 0.82188 0.31033
vt 0.83163 0.31649
vt 0.82132 0.31714
vt 0.77412 0.33756
vt 0.78737 0.33683
vt 0.79227 0.33434
vt 0.80075 0.31813
vt 0.81249 0.3145
vt 0.80972 0.31787
vt 0.79971 0.32818
vt 0.80752 0.32629
vt 0.80929 0.32601
vt 0.80592 0.3279
vt 0.82025 0.32444
vt 0.79843 0.33346
vt 0.81771 0.3318
vt 0.81405 0.33291
vt 0.8891 0.30655
vt 0.72822 0.3687
vt 0.89496 0.31365
vt 0.88082 0.3167
vt 0.74408 0.36494
vt 0.8608 0.31424
vt 0.86486 0.3224
vt 0.84426 0.32463
vt 0.83141 0.33074
vt 0.8399 0.32906
vt 0.74948 0.35341
vt 0.7502 0.36491
vt 0.76542 0.35792
vt 0.77974 0.35394
vt 0.82655 0.33027
vt 0.79754 0.34764
vt 0.80767 0.33096
vt 0.8054 0.34498
vt 0.81014 0.33152
vt 0.80957 0.33323
vt 0.80845 0.3399
vt 0.81427 0.34948
vt 0.81756 0.34938
vt 0.81489 0.34851
vt 0.34232 0.19292
vt 0.33866 0.19137
vt 0.37344 0.23053
vt 0.36848 0.22819
vt 0.36969 0.22892
vt 0.3707 0.23254
vt 0.36425 0.22061
vt 0.3608 0.2178
vt 0.36575 0.2276
vt 0.3549 0.21174
vt 0.35737 0.21614
vt 0.3542 0.20813
vt 0.48603 0.5515
vt 0.48429 0.54536
vt 0.49026 0.55297
vt 0.49333 0.5554
vt 0.47498 0.53602
vt 0.35068 0.21281
vt 0.34162 0.20506
vt 0.47689 0.54177
vt 0.33642 0.20031
vt 0.47091 0.52436
vt 0.46203 0.51934
vt 0.33236 0.19769
vt 0.44821 0.51721
vt 0.45086 0.5063
vt 0.38219 0.23396
vt 0.37543 0.23588
vt 0.37186 0.23601
vt 0.37264 0.24429
vt 0.48577 0.56499
vt 0.49104 0.57352
vt 0.49609 0.55784
vt 0.49283 0.56249
vt 0.49577 0.56977
vt 0.50077 0.57338
vt 0.38362 0.24522
vt 0.5017 0.58237
vt 0.51023 0.57612
vt 0.38845 0.25061
vt 0.39269 0.25662
vt 0.50289 0.58871
vt 0.50862 0.58518
vt 0.51728 0.59859
vt 0.39913 0.25762
vt 0.52104 0.61262
vt 0.41012 0.26651
vt 0.39671 0.26319
vt 0.52735 0.62274
vt 0.53178 0.61572
vt 0.52436 0.6071
vt 0.41526 0.27132
vt 0.41551 0.27887
vt 0.40855 0.27048
vt 0.53574 0.63099
vt 0.53831 0.62781
vt 0.4189 0.28828
vt 0.42514 0.28612
vt 0.54185 0.64472
vt 0.54608 0.63992
vt 0.43361 0.29285
vt 0.54834 0.65742
vt 0.55189 0.6512
vt 0.55756 0.65647
vt 0.56221 0.67881
vt 0.56343 0.66845
vt 0.325 0.18914
vt 0.36798 0.23382
vt 0.36989 0.23486
vt 0.36701 0.23734
vt 0.36293 0.23591
vt 0.3586 0.22946
vt 0.35587 0.22712
vt 0.35871 0.23407
vt 0.35206 0.22408
vt 0.34908 0.21946
vt 0.49428 0.54035
vt 0.50059 0.54276
vt 0.48087 0.53103
vt 0.33848 0.20901
vt 0.34476 0.22015
vt 0.48849 0.5345
vt 0.49811 0.53248
vt 0.33363 0.21441
vt 0.48662 0.52128
vt 0.3304 0.20479
vt 0.47302 0.51218
vt 0.32667 0.20313
vt 0.47872 0.51558
vt 0.32509 0.20807
vt 0.48125 0.50787
vt 0.46821 0.5039
vt 0.31724 0.19389
vt 0.14681 0.05087
vt 0.14111 0.0407
vt 0.16033 0.03477
vt 0.31427 0.20005
vt 0.36715 0.23853
vt 0.36727 0.24209
vt 0.36452 0.24229
vt 0.36881 0.24432
vt 0.50622 0.56194
vt 0.50731 0.56687
vt 0.50509 0.5518
vt 0.50909 0.55575
vt 0.51436 0.56529
vt 0.37811 0.25498
vt 0.37286 0.25078
vt 0.51506 0.57931
vt 0.51981 0.57703
vt 0.52937 0.5634
vt 0.38618 0.26133
vt 0.52238 0.58915
vt 0.53169 0.58287
vt 0.39132 0.27053
vt 0.53233 0.60257
vt 0.53606 0.59655
vt 0.39925 0.27493
vt 0.40433 0.27626
vt 0.54115 0.60982
vt 0.40884 0.28448
vt 0.54673 0.62503
vt 0.54778 0.61828
vt 0.55866 0.63694
vt 0.42347 0.29463
vt 0.42154 0.30271
vt 0.41564 0.2945
vt 0.56091 0.64703
vt 0.56954 0.65131
vt 0.56932 0.64332
vt 0.43893 0.30716
vt 0.43239 0.30973
vt 0.57185 0.66342
vt 0.5944 0.6462
vt 0.36179 0.24234
vt 0.34868 0.23616
vt 0.34702 0.2317
vt 0.35252 0.23813
vt 0.35206 0.24206
vt 0.3565 0.24577
vt 0.35942 0.24107
vt 0.34983 0.24212
vt 0.34292 0.22819
vt 0.5083 0.52927
vt 0.51337 0.53824
vt 0.34157 0.23852
vt 0.33709 0.23683
vt 0.339 0.22703
vt 0.49624 0.52206
vt 0.32959 0.22146
vt 0.50516 0.5182
vt 0.4984 0.50167
vt 0.32121 0.21482
vt 0.49064 0.50809
vt 0.49144 0.49888
vt 0.32543 0.22707
vt 0.1395 0.05865
vt 0.12565 0.03958
vt 0.3088 0.20771
vt 0.11832 0.05328
vt 0.15044 0.08393
vt 0.31516 0.22341
vt 0.36299 0.24271
vt 0.36284 0.24891
vt 0.36397 0.25275
vt 0.36043 0.24795
vt 0.52239 0.55639
vt 0.52432 0.54789
vt 0.52382 0.55151
vt 0.50951 0.54456
vt 0.51849 0.5468
vt 0.37251 0.25797
vt 0.3629 0.25864
vt 0.38007 0.27069
vt 0.53606 0.57155
vt 0.53114 0.56762
vt 0.38609 0.28052
vt 0.54288 0.5906
vt 0.54714 0.58835
vt 0.39775 0.28048
vt 0.55611 0.6042
vt 0.39778 0.28778
vt 0.40093 0.29311
vt 0.55823 0.61566
vt 0.56164 0.61126
vt 0.40566 0.29878
vt 0.40749 0.30188
vt 0.56874 0.62185
vt 0.41376 0.30855
vt 0.58214 0.64197
vt 0.57887 0.63449
vt 0.42335 0.31259
vt 0.41705 0.32474
vt 0.3436 0.24389
vt 0.33775 0.24736
vt 0.33948 0.25491
vt 0.33412 0.23502
vt 0.51684 0.52207
vt 0.32271 0.23242
vt 0.32934 0.24625
vt 0.51133 0.50838
vt 0.10797 0.06606
vt 0.09312 0.05235
vt 0.10976 0.05336
vt 0.31454 0.22987
vt 0.31816 0.2423
vt 0.12845 0.07363
vt 0.29803 0.21119
vt 0.30225 0.22174
vt 0.35766 0.24843
vt 0.3572 0.25251
vt 0.35953 0.25613
vt 0.35771 0.25406
vt 0.35205 0.25401
vt 0.35453 0.25516
vt 0.35464 0.25996
vt 0.35502 0.25751
vt 0.35024 0.25181
vt 0.34575 0.25094
vt 0.52362 0.54165
vt 0.52956 0.53364
vt 0.52432 0.52705
vt 0.53506 0.54045
vt 0.53584 0.54342
vt 0.52776 0.52123
vt 0.52227 0.5055
vt 0.53444 0.50775
vt 0.10129 0.07283
vt 0.51543 0.4895
vt 0.11324 0.08736
vt 0.36855 0.26441
vt 0.35668 0.26185
vt 0.53337 0.55182
vt 0.54368 0.55385
vt 0.54039 0.56102
vt 0.53792 0.54663
vt 0.37206 0.27588
vt 0.54851 0.57288
vt 0.54805 0.55839
vt 0.37376 0.28258
vt 0.55585 0.58535
vt 0.55435 0.5706
vt 0.56118 0.5783
vt 0.38603 0.28965
vt 0.37377 0.29261
vt 0.56744 0.60256
vt 0.56762 0.58853
vt 0.38981 0.29887
vt 0.57534 0.60072
vt 0.39243 0.30649
vt 0.40055 0.30791
vt 0.58255 0.62583
vt 0.58588 0.6162
vt 0.39706 0.3106
vt 0.40835 0.31674
vt 0.4035 0.31598
vt 0.58901 0.63185
vt 0.41282 0.32091
vt 0.6029 0.6427
vt 0.59553 0.63194
vt 0.29848 0.23197
vt 0.34881 0.26101
vt 0.35262 0.26102
vt 0.35277 0.26475
vt 0.35053 0.26738
vt 0.34437 0.25682
vt 0.3461 0.26126
vt 0.34093 0.26214
vt 0.54005 0.5241
vt 0.53873 0.53173
vt 0.3348 0.25464
vt 0.5447 0.53922
vt 0.32766 0.25475
vt 0.3242 0.25189
vt 0.54951 0.5342
vt 0.55633 0.53082
vt 0.5378 0.51888
vt 0.54565 0.50268
vt 0.31324 0.24697
vt 0.55633 0.51784
vt 0.06676 0.08181
vt 0.07149 0.06841
vt 0.0851 0.08937
vt 0.09827 0.09268
vt 0.10248 0.10428
vt 0.29311 0.23883
vt 0.3594 0.2682
vt 0.35454 0.26911
vt 0.35548 0.27365
vt 0.34629 0.2682
vt 0.3505 0.27144
vt 0.54802 0.54421
vt 0.55622 0.54446
vt 0.55653 0.55028
vt 0.5606 0.53928
vt 0.36086 0.27549
vt 0.36527 0.2805
vt 0.35687 0.27514
vt 0.56182 0.55925
vt 0.56656 0.56434
vt 0.36716 0.29075
vt 0.57207 0.57076
vt 0.37541 0.29646
vt 0.57751 0.58129
vt 0.38055 0.30637
vt 0.58212 0.59671
vt 0.58768 0.59395
vt 0.3845 0.31913
vt 0.59735 0.61094
vt 0.60011 0.60284
vt 0.38682 0.32336
vt 0.39945 0.32324
vt 0.60199 0.61845
vt 0.40887 0.32814
vt 0.38846 0.32968
vt 0.60538 0.63279
vt 0.61376 0.6345
vt 0.60696 0.62349
vt 0.61613 0.62822
vt 0.33434 0.26161
vt 0.33935 0.26768
vt 0.32219 0.25718
vt 0.32898 0.26965
vt 0.31864 0.26135
vt 0.31062 0.25506
vt 0.31355 0.26511
vt 0.30824 0.25975
vt 0.30112 0.24823
vt 0.08924 0.11081
vt 0.28604 0.24773
vt 0.27661 0.24053
vt 0.2949 0.25842
vt 0.27604 0.25164
vt 0.34853 0.27215
vt 0.34928 0.27606
vt 0.35278 0.27586
vt 0.34442 0.2741
vt 0.34612 0.28086
vt 0.35105 0.28273
vt 0.34784 0.28222
vt 0.34254 0.282
vt 0.34341 0.26952
vt 0.33359 0.27123
vt 0.33777 0.27411
vt 0.34122 0.27666
vt 0.5614 0.54233
vt 0.56767 0.53176
vt 0.56819 0.52392
vt 0.55841 0.52341
vt 0.57424 0.5385
vt 0.56077 0.50549
vt 0.57062 0.51989
vt 0.57209 0.50547
vt 0.06961 0.10388
vt 0.55936 0.48881
vt 0.57002 0.49164
vt 0.07865 0.12389
vt 0.05977 0.11181
vt 0.35354 0.28699
vt 0.56611 0.547
vt 0.57588 0.55499
vt 0.56847 0.54333
vt 0.57786 0.54694
vt 0.57977 0.54106
vt 0.35472 0.29078
vt 0.36112 0.29762
vt 0.58325 0.5633
vt 0.36883 0.30889
vt 0.36111 0.3086
vt 0.59774 0.5857
vt 0.59316 0.57659
vt 0.5882 0.56317
vt 0.59862 0.57884
vt 0.61248 0.60581
vt 0.60949 0.59431
vt 0.61956 0.61667
vt 0.39455 0.341
vt 0.62655 0.62586
vt 0.62996 0.62015
vt 0.33063 0.28438
vt 0.33569 0.28309
vt 0.33902 0.28531
vt 0.33275 0.28675
vt 0.32793 0.27586
vt 0.57965 0.53322
vt 0.31921 0.27458
vt 0.3264 0.28572
vt 0.31762 0.28124
vt 0.58433 0.51126
vt 0.30631 0.26976
vt 0.31387 0.27641
vt 0.3048 0.27362
vt 0.30272 0.27878
vt 0.29141 0.26551
vt 0.032 0.11293
vt 0.0601 0.12088
vt 0.29097 0.27147
vt 0.29268 0.27641
vt 0.08448 0.14156
vt 0.05193 0.14415
vt 0.27269 0.2649
vt 0.34751 0.28713
vt 0.34992 0.29191
vt 0.34542 0.28687
vt 0.3463 0.29013
vt 0.34124 0.2919
vt 0.3468 0.29357
vt 0.34534 0.29385
vt 0.3345 0.29047
vt 0.33835 0.29351
vt 0.58505 0.5371
vt 0.59 0.54475
vt 0.59224 0.54119
vt 0.59435 0.53328
vt 0.58969 0.52711
vt 0.59611 0.51421
vt 0.03913 0.1327
vt 0.06556 0.15706
vt 0.35314 0.29967
vt 0.34945 0.30173
vt 0.34654 0.29895
vt 0.58529 0.5491
vt 0.59709 0.55379
vt 0.59927 0.54508
vt 0.35324 0.30521
vt 0.60193 0.57129
vt 0.36116 0.31129
vt 0.36523 0.31881
vt 0.37553 0.32122
vt 0.61113 0.58514
vt 0.61231 0.56942
vt 0.61928 0.57939
vt 0.3682 0.32173
vt 0.37696 0.33232
vt 0.62411 0.59188
vt 0.3835 0.33919
vt 0.61909 0.60844
vt 0.62931 0.60217
vt 0.63367 0.60543
vt 0.63897 0.59586
vt 0.38821 0.35591
vt 0.63617 0.61224
vt 0.64202 0.61785
vt 0.31943 0.28438
vt 0.31031 0.28319
vt 0.30009 0.28115
vt 0.27567 0.27464
vt 0.34102 0.30012
vt 0.32904 0.29958
vt 0.33676 0.30078
vt 0.32461 0.29281
vt 0.31325 0.29156
vt 0.32426 0.30143
vt 0.31767 0.30301
vt 0.60012 0.53244
vt 0.60375 0.52253
vt 0.2992 0.28872
vt 0.30732 0.30208
vt 0.59858 0.49956
vt 0.60752 0.49846
vt 0.61976 0.50165
vt 0.28698 0.28454
vt 0.61346 0.52012
vt 0.28537 0.30082
vt 0.03746 0.1429
vt 0.26441 0.27967
vt 0.05428 0.16566
vt 0.26256 0.28624
vt 0.26624 0.29768
vt 0.34463 0.30012
vt 0.34577 0.30649
vt 0.34652 0.30459
vt 0.34958 0.30972
vt 0.34407 0.30877
vt 0.34107 0.30987
vt 0.3324 0.30275
vt 0.33825 0.30781
vt 0.33381 0.30919
vt 0.32926 0.30926
vt 0.60073 0.55095
vt 0.59964 0.54069
vt 0.60441 0.55046
vt 0.61054 0.54815
vt 0.60988 0.53941
vt 0.60582 0.53253
vt 0.61379 0.53547
vt 0.62039 0.52989
vt 0.6281 0.51161
vt 0.29565 0.30093
vt 0.04202 0.17186
vt 0.03034 0.15557
vt 0.6312 0.50817
vt 0.03424 0.17705
vt 0.02024 0.16671
vt 0.3542 0.31294
vt 0.34698 0.31137
vt 0.34733 0.31609
vt 0.35048 0.31967
vt 0.34617 0.31419
vt 0.34192 0.31665
vt 0.60795 0.55822
vt 0.6117 0.56204
vt 0.61464 0.55347
vt 0.62062 0.56025
vt 0.35633 0.32491
vt 0.61933 0.56447
vt 0.62521 0.57459
vt 0.62872 0.56937
vt 0.37078 0.33452
vt 0.36216 0.3313
vt 0.35614 0.32772
vt 0.37735 0.34437
vt 0.37132 0.34521
vt 0.64559 0.60012
vt 0.63368 0.58247
vt 0.64452 0.58721
vt 0.65083 0.5966
vt 0.38091 0.35847
vt 0.65167 0.60876
vt 0.6495 0.61962
vt 0.32538 0.31095
vt 0.31542 0.3124
vt 0.30581 0.30747
vt 0.29689 0.3133
vt 0.29065 0.30647
vt 0.28243 0.31322
vt 0.27303 0.30534
vt 0.34602 0.3183
vt 0.34351 0.32504
vt 0.33915 0.318
vt 0.33443 0.31644
vt 0.33035 0.31946
vt 0.33592 0.32726
vt 0.3289 0.32554
vt 0.62439 0.54552
vt 0.62445 0.55331
vt 0.632 0.55042
vt 0.62757 0.55786
vt 0.31948 0.31952
vt 0.31473 0.33044
vt 0.62807 0.53814
vt 0.64025 0.52387
vt 0.63743 0.53218
vt 0.639 0.54667
vt 0.30651 0.32224
vt 0.30293 0.33189
vt 0.65083 0.5351
vt 0.29165 0.32423
vt 0.28427 0.32416
vt 0.02463 0.19106
vt 0.64572 0.5168
vt 0.6521 0.50259
vt 0.65412 0.52446
vt 0.66965 0.51126
vt 0.26624 0.32417
vt 0.34955 0.32573
vt 0.35237 0.32677
vt 0.34646 0.32478
vt 0.34867 0.32938
vt 0.34582 0.33389
vt 0.35126 0.33321
vt 0.34992 0.33378
vt 0.34135 0.32802
vt 0.33261 0.33394
vt 0.33869 0.33827
vt 0.63065 0.56571
vt 0.63728 0.565
vt 0.63961 0.55779
vt 0.32681 0.33288
vt 0.6443 0.55379
vt 0.65443 0.55246
vt 0.66056 0.53888
vt 0.66144 0.52796
vt 0.67134 0.52593
vt 0.66593 0.53901
vt 0.67946 0.52479
vt 0.36371 0.34082
vt 0.35488 0.33403
vt 0.36002 0.34077
vt 0.35465 0.34254
vt 0.35799 0.3445
vt 0.35175 0.33969
vt 0.34742 0.33925
vt 0.3503 0.34697
vt 0.3424 0.3447
vt 0.63939 0.5796
vt 0.64363 0.57718
vt 0.64496 0.57474
vt 0.64626 0.56316
vt 0.64917 0.57317
vt 0.65324 0.55835
vt 0.6555 0.56535
vt 0.65495 0.57461
vt 0.66796 0.54242
vt 0.66148 0.553
vt 0.68383 0.52988
vt 0.36688 0.34623
vt 0.36375 0.34681
vt 0.36318 0.35279
vt 0.35806 0.3498
vt 0.35402 0.34752
vt 0.3559 0.3481
vt 0.64961 0.58484
vt 0.65159 0.59209
vt 0.65451 0.58774
vt 0.6564 0.58472
vt 0.66024 0.58308
vt 0.37288 0.35696
vt 0.36965 0.35654
vt 0.37799 0.3683
vt 0.36768 0.35974
vt 0.36905 0.36726
vt 0.65688 0.60547
vt 0.65991 0.6018
vt 0.66332 0.59921
vt 0.66737 0.59601
vt 0.28294 0.33485
vt 0.2736 0.33143
vt 0.31294 0.33535
vt 0.31975 0.34388
vt 0.32976 0.34352
vt 0.30463 0.34684
vt 0.29652 0.33823
vt 0.28845 0.34961
vt 0.27268 0.34329
vt 0.27493 0.35316
vt 0.34793 0.35158
vt 0.33649 0.34711
vt 0.34233 0.353
vt 0.32302 0.35197
vt 0.33371 0.35464
vt 0.66485 0.55916
vt 0.66288 0.5695
vt 0.31485 0.35072
vt 0.29985 0.35623
vt 0.31711 0.36102
vt 0.30504 0.36273
vt 0.32784 0.36079
vt 0.67502 0.54713
vt 0.67119 0.5622
vt 0.28861 0.36833
vt 0.68562 0.53538
vt 0.27896 0.36354
vt 0.2776 0.37774
vt 0.35374 0.35388
vt 0.3609 0.35731
vt 0.36037 0.35896
vt 0.35664 0.35933
vt 0.35004 0.36197
vt 0.34194 0.36035
vt 0.3361 0.36518
vt 0.66504 0.58145
vt 0.67246 0.57768
vt 0.31994 0.36498
vt 0.30629 0.37013
vt 0.32415 0.37409
vt 0.67506 0.56727
vt 0.68506 0.55096
vt 0.68894 0.56459
vt 0.29671 0.3749
vt 0.31011 0.37935
vt 0.29961 0.38606
vt 0.69927 0.5634
vt 0.70534 0.55286
vt 0.28378 0.3931
vt 0.36381 0.37035
vt 0.36697 0.36907
vt 0.35538 0.36505
vt 0.35689 0.37236
vt 0.34871 0.36683
vt 0.35227 0.37407
vt 0.34154 0.37093
vt 0.6726 0.59468
vt 0.33227 0.37871
vt 0.34535 0.37833
vt 0.67668 0.58853
vt 0.6911 0.58111
vt 0.32396 0.3846
vt 0.69759 0.57426
vt 0.30666 0.39611
vt 0.32015 0.39137
vt 0.3098 0.40083
vt 0.71231 0.56279
vt 0.29005 0.40461
vt 0.32117 0.16883
vt 0.31623 0.18047
vt 0.31142 0.1657
vt 0.30564 0.17236
vt 0.29827 0.15891
vt 0.29095 0.15354
vt 0.28586 0.14468
vt 0.2769 0.1388
vt 0.26899 0.13361
vt 0.26746 0.1222
vt 0.26206 0.12165
vt 0.2556 0.11976
vt 0.25521 0.12206
vt 0.24473 0.10838
vt 0.24949 0.12539
vt 0.26088 0.13156
vt 0.2384 0.11982
vt 0.25522 0.12376
vt 0.25059 0.13573
vt 0.25213 0.12738
vt 0.43196 0.50337
vt 0.18208 0.03698
vt 0.1722 0.04972
vt 0.19957 0.05327
vt 0.20496 0.06084
vt 0.19016 0.06232
vt 0.20429 0.0706
vt 0.22485 0.08094
vt 0.22906 0.08976
vt 0.22334 0.09231
vt 0.23807 0.09402
vt 0.237 0.10606
vt 0.28037 0.1511
vt 0.27206 0.1621
vt 0.26003 0.14245
vt 0.26374 0.15598
vt 0.25235 0.14841
vt 0.24576 0.12127
vt 0.23568 0.11538
vt 0.2366 0.12706
vt 0.24579 0.13479
vt 0.25251 0.13808
vt 0.24516 0.13191
vt 0.24109 0.13234
vt 0.24678 0.14669
vt 0.16912 0.06201
vt 0.29716 0.18463
vt 0.15682 0.06103
vt 0.18142 0.06564
vt 0.30022 0.1775
vt 0.28509 0.17072
vt 0.19129 0.08153
vt 0.20421 0.08487
vt 0.19634 0.09115
vt 0.16956 0.07446
vt 0.2158 0.09324
vt 0.22961 0.11706
vt 0.22225 0.11659
vt 0.20917 0.11113
vt 0.22238 0.1238
vt 0.22885 0.1283
vt 0.23963 0.13875
vt 0.23703 0.14433
vt 0.23357 0.14067
vt 0.22824 0.13676
vt 0.23527 0.14317
vt 0.23795 0.15007
vt 0.23389 0.15868
vt 0.22445 0.14706
vt 0.22762 0.1516
vt 0.16381 0.08545
vt 0.29766 0.19935
vt 0.28779 0.19041
vt 0.17372 0.10065
vt 0.28335 0.19666
vt 0.28085 0.20248
vt 0.28014 0.1775
vt 0.18101 0.09035
vt 0.18971 0.10133
vt 0.27182 0.1856
vt 0.18049 0.10792
vt 0.20259 0.11684
vt 0.26309 0.16959
vt 0.2091 0.13608
vt 0.19681 0.12423
vt 0.25674 0.17758
vt 0.21579 0.1297
vt 0.24547 0.16177
vt 0.21764 0.13386
vt 0.25244 0.17634
vt 0.22049 0.13907
vt 0.24085 0.15704
vt 0.22826 0.15547
vt 0.22325 0.15893
vt 0.2167 0.16486
vt 0.1489 0.09465
vt 0.14082 0.09765
vt 0.29 0.21649
vt 0.27558 0.20718
vt 0.28568 0.22402
vt 0.26897 0.1963
vt 0.16064 0.10829
vt 0.17422 0.1121
vt 0.17033 0.12064
vt 0.1621 0.1231
vt 0.26203 0.19956
vt 0.18354 0.13696
vt 0.1897 0.12939
vt 0.24721 0.18795
vt 0.18358 0.14546
vt 0.20427 0.14278
vt 0.23839 0.17126
vt 0.20649 0.14726
vt 0.19676 0.15254
vt 0.23286 0.17706
vt 0.20212 0.15627
vt 0.2147 0.14753
vt 0.23121 0.16763
vt 0.22612 0.16949
vt 0.20717 0.15931
vt 0.21557 0.17069
vt 0.21271 0.16313
vt 0.13018 0.09778
vt 0.27095 0.21644
vt 0.25548 0.20739
vt 0.2357 0.20543
vt 0.23788 0.19329
vt 0.22342 0.19589
vt 0.19707 0.16504
vt 0.21975 0.18365
vt 0.19446 0.17197
vt 0.21818 0.18001
vt 0.20847 0.17659
vt 0.20817 0.18121
vt 0.20383 0.1745
vt 0.19039 0.17893
vt 0.2088 0.19376
vt 0.12242 0.10382
vt 0.11595 0.11279
vt 0.28059 0.23163
vt 0.13119 0.1232
vt 0.1121 0.12524
vt 0.14415 0.11636
vt 0.13926 0.1319
vt 0.2646 0.22486
vt 0.15539 0.13628
vt 0.25238 0.21516
vt 0.15391 0.1448
vt 0.13669 0.14863
vt 0.17474 0.14584
vt 0.16874 0.15292
vt 0.15931 0.16355
vt 0.18862 0.16137
vt 0.18471 0.16763
vt 0.18761 0.17065
vt 0.21479 0.19582
vt 0.20388 0.18223
vt 0.20018 0.19462
vt 0.19706 0.18586
vt 0.19914 0.19164
vt 0.19408 0.20107
vt 0.09741 0.13792
vt 0.12192 0.13882
vt 0.26275 0.23405
vt 0.24459 0.22933
vt 0.25097 0.23826
vt 0.24876 0.2221
vt 0.14762 0.15634
vt 0.23235 0.21702
vt 0.15002 0.17816
vt 0.17134 0.17693
vt 0.13381 0.16782
vt 0.18249 0.17939
vt 0.22584 0.21354
vt 0.21677 0.20855
vt 0.17239 0.19063
vt 0.20863 0.2051
vt 0.16725 0.18854
vt 0.21407 0.22514
vt 0.18437 0.188
vt 0.19324 0.19673
vt 0.18719 0.19702
vt 0.20049 0.20698
vt 0.20194 0.21719
vt 0.17424 0.20238
vt 0.10599 0.15063
vt 0.12731 0.16222
vt 0.25737 0.24451
vt 0.23962 0.23831
vt 0.19019 0.2029
vt 0.19267 0.21653
vt 0.18894 0.2067
vt 0.18531 0.2049
vt 0.19386 0.22576
vt 0.18387 0.21614
vt 0.18185 0.21562
vt 0.1736 0.2158
vt 0.26942 0.25674
vt 0.26626 0.26218
vt 0.2635 0.26869
vt 0.25291 0.25343
vt 0.10075 0.16696
vt 0.11677 0.16698
vt 0.24855 0.2646
vt 0.23674 0.25042
vt 0.12511 0.17927
vt 0.12469 0.18829
vt 0.23187 0.26273
vt 0.14045 0.18439
vt 0.22705 0.24408
vt 0.14337 0.19346
vt 0.13464 0.19998
vt 0.11929 0.19295
vt 0.16214 0.19863
vt 0.16307 0.20652
vt 0.20306 0.23295
vt 0.15153 0.21089
vt 0.18884 0.24268
vt 0.20893 0.25551
vt 0.1684 0.20934
vt 0.15933 0.21997
vt 0.18295 0.23504
vt 0.08707 0.17163
vt 0.10203 0.18079
vt 0.14662 0.21636
vt 0.18013 0.22046
vt 0.26435 0.27334
vt 0.24734 0.27283
vt 0.19617 0.25098
vt 0.17403 0.22392
vt 0.15863 0.23268
vt 0.17448 0.2294
vt 0.15317 0.22662
vt 0.17689 0.25752
vt 0.16534 0.2363
vt 0.16929 0.24037
vt 0.17059 0.25466
vt 0.16709 0.23842
vt 0.15883 0.25084
vt 0.07918 0.17721
vt 0.0682 0.18763
vt 0.08569 0.1854
vt 0.24371 0.28289
vt 0.10902 0.20051
vt 0.09481 0.19696
vt 0.2268 0.26975
vt 0.08649 0.20692
vt 0.22377 0.2761
vt 0.23734 0.29524
vt 0.12815 0.20848
vt 0.11947 0.21578
vt 0.13016 0.22514
vt 0.20047 0.26646
vt 0.19104 0.26101
vt 0.09745 0.22062
vt 0.22067 0.28596
vt 0.19248 0.27863
vt 0.13804 0.23352
vt 0.13234 0.24034
vt 0.12535 0.23528
vt 0.17457 0.27559
vt 0.14528 0.23874
vt 0.1506 0.24235
vt 0.14598 0.24535
vt 0.17066 0.25637
vt 0.1536 0.24657
vt 0.1694 0.26163
vt 0.13773 0.24948
vt 0.05566 0.18872
vt 0.06287 0.19949
vt 0.07286 0.21049
vt 0.10874 0.23409
vt 0.11264 0.24408
vt 0.15848 0.25726
vt 0.14976 0.24392
vt 0.16886 0.26569
vt 0.16679 0.26236
vt 0.17078 0.26142
vt 0.15192 0.24215
vt 0.15344 0.24654
vt 0.14496 0.25912
vt 0.16711 0.27394
vt 0.15863 0.25082
vt 0.14848 0.26393
vt 0.15636 0.27249
vt 0.15985 0.26213
vt 0.15904 0.25594
vt 0.15334 0.27154
vt 0.04601 0.20758
vt 0.25111 0.30009
vt 0.25191 0.31148
vt 0.23655 0.30881
vt 0.22289 0.29974
vt 0.08071 0.22694
vt 0.20616 0.2892
vt 0.21525 0.30463
vt 0.10234 0.24632
vt 0.19333 0.29977
vt 0.20698 0.3203
vt 0.18939 0.316
vt 0.11926 0.25527
vt 0.1864 0.28634
vt 0.1699 0.28478
vt 0.17858 0.29864
vt 0.16791 0.29768
vt 0.12307 0.2576
vt 0.13388 0.26334
vt 0.12741 0.26173
vt 0.16224 0.28745
vt 0.15106 0.29094
vt 0.13883 0.27374
vt 0.11423 0.27799
vt 0.12481 0.28348
vt 0.03923 0.20434
vt 0.02731 0.21622
vt 0.01407 0.21082
vt 0.24763 0.32371
vt 0.23959 0.33231
vt 0.06037 0.22598
vt 0.03695 0.21736
vt 0.05077 0.23425
vt 0.07934 0.23727
vt 0.07298 0.24373
vt 0.22352 0.31727
vt 0.06294 0.25232
vt 0.21816 0.32959
vt 0.22888 0.33507
vt 0.09115 0.2576
vt 0.08473 0.26226
vt 0.2024 0.32709
vt 0.1873 0.32373
vt 0.09604 0.27434
vt 0.11156 0.27086
vt 0.09452 0.28403
vt 0.18023 0.32367
vt 0.16301 0.30924
vt 0.02977 0.22769
vt 0.01533 0.22798
vt 0.68465 0.51093
vt 0.02475 0.24437
vt 0.04737 0.2442
vt 0.03568 0.24612
vt 0.01343 0.23705
vt 0.05474 0.25777
vt 0.04755 0.266
vt 0.03328 0.25852
vt 0.07865 0.27376
vt 0.06114 0.26677
vt 0.08113 0.28325
vt 0.69244 0.51313
vt 0.14945 0.28676
vt 0.13957 0.27686
vt 0.12607 0.28984
vt 0.13892 0.2813
vt 0.23455 0.34081
vt 0.19258 0.33392
vt 0.16384 0.32198
vt 0.17904 0.3314
vt 0.15544 0.31388
vt 0.10812 0.28585
vt 0.15735 0.32599
vt 0.14669 0.31149
vt 0.12437 0.29684
vt 0.11585 0.30111
vt 0.10459 0.29734
vt 0.99196 0.66823
vt 0.9995 0.67502
vt 0.9943 0.6793
vt 0.11539 0.30664
vt 0.11021 0.30645
vt 0.25591 0.34402
vt 0.23894 0.34675
vt 0.23565 0.3587
vt 0.2275 0.35364
vt 0.25169 0.36063
vt 0.20733 0.34654
vt 0.22818 0.34359
vt 0.20938 0.35428
vt 0.20977 0.36653
vt 0.06929 0.28133
vt 0.0528 0.27261
vt 0.18733 0.33947
vt 0.19786 0.34533
vt 0.00809 0.56777
vt 0.00278 0.56058
vt 0.01082 0.55169
vt 0.19787 0.35329
vt 0.20217 0.35636
vt 0.19953 0.36343
vt 0.0005 0.56798
vt 0.16825 0.3339
vt 0.09003 0.28965
vt 0.06797 0.29367
vt 0.17957 0.33975
vt 0.17226 0.33884
vt 0.97261 0.6732
vt 0.97671 0.67887
vt 0.97211 0.67974
vt 0.96827 0.67467
vt 0.96663 0.66804
vt 0.97218 0.68488
vt 0.9642 0.68112
vt 0.96373 0.6774
vt 0.96146 0.67035
vt 0.01461 0.58035
vt 0.95831 0.68675
vt 0.0981 0.29509
vt 0.08685 0.30637
vt 0.08158 0.30188
vt 0.98379 0.66644
vt 0.98608 0.67541
vt 0.98011 0.6684
vt 0.89672 0.65917
vt 0.88791 0.66014
vt 0.885 0.65118
vt 0.89089 0.64368
vt 0.09303 0.31053
vt 0.90088 0.65927
vt 0.8963 0.6462
vt 0.10221 0.31506
vt 0.70181 0.51791
vt 0.69757 0.52434
vt 0.25436 0.37099
vt 0.01814 0.25862
vt 0.00891 0.24819
vt 0.71207 0.51136
vt 0.71594 0.52708
vt 0.03261 0.28136
vt 0.0008 0.27386
vt 0.02627 0.27141
vt 0.23877 0.37502
vt 0.26182 0.3846
vt 0.04242 0.27655
vt 0.22676 0.36919
vt 0.21016 0.37315
vt 0.21872 0.3832
vt 0.21114 0.38645
vt 0.05218 0.29469
vt 0.0382 0.30689
vt 0.19589 0.3766
vt 0.19718 0.3829
vt 0.18344 0.38516
vt 0.19273 0.39243
vt 0.18941 0.36972
vt 0.0745 0.30294
vt 0.05331 0.30645
vt 0.92743 0.62089
vt 0.92355 0.63629
vt 0.9179 0.62912
vt 0.88221 0.65481
vt 0.17095 0.38648
vt 0.17403 0.38113
vt 0.18141 0.37851
vt 0.18053 0.39667
vt 0.18693 0.39225
vt 0.16379 0.39722
vt 0.96154 0.66503
vt 0.91777 0.64382
vt 0.9115 0.63547
vt 0.91336 0.64714
vt 0.70205 0.53589
vt 0.72165 0.53751
vt 0.72327 0.52812
vt 0.73206 0.52991
vt 0.24552 0.38902
vt 0.25093 0.40042
vt 0.02296 0.29063
vt 0.02547 0.29559
vt 0.0005 0.28413
vt 0.02208 0.30084
vt 0.23301 0.3852
vt 0.21959 0.40074
vt 0.22847 0.4104
vt 0.22162 0.41805
vt 0.93194 0.61066
vt 0.92161 0.61097
vt 0.94137 0.60209
vt 0.9295 0.60418
vt 0.2054 0.40884
vt 0.1977 0.41177
vt 0.91522 0.61429
vt 0.91068 0.61744
vt 0.90889 0.62316
vt 0.91185 0.60963
vt 0.18724 0.41212
vt 0.72324 0.54492
vt 0.72541 0.55443
vt 0.73066 0.54998
vt 0.27314 0.40108
vt 0.27845 0.41195
vt 0.7455 0.53918
vt 0.25531 0.41644
vt 0.23496 0.41899
vt 0.75003 0.51428
vt 0.75977 0.52988
vt 0.26274 0.42969
vt 0.24022 0.43485
vt 0.92407 0.58909
vt 0.93705 0.58705
vt 0.91616 0.59282
vt 0.92401 0.57844
vt 0.93264 0.57093
vt 0.23321 0.44407
vt 0.90869 0.59844
vt 0.01886 0.55114
vt 0.02722 0.56885
vt 0.03134 0.55821
vt 0.02084 0.54622
vt 0.02794 0.544
vt 0.02795 0.56225
vt 0.0393 0.55335
vt 0.03861 0.57265
vt 0.03637 0.57501
vt 0.04318 0.56346
vt 0.04804 0.56149
vt 0.03346 0.57956
vt 0.9554 0.68346
vt 0.95565 0.67906
vt 0.94775 0.67413
vt 0.94826 0.68222
vt 0.94343 0.68776
vt 0.1051 0.31661
vt 0.90657 0.65463
vt 0.90689 0.66506
vt 0.90204 0.64558
vt 0.90816 0.65266
vt 0.9051 0.64896
vt 0.03973 0.54337
vt 0.04801 0.5533
vt 0.94915 0.65934
vt 0.9584 0.6568
vt 0.95613 0.66435
vt 0.05439 0.55515
vt 0.1695 0.40671
vt 0.94632 0.67095
vt 0.94558 0.66279
vt 0.94562 0.66728
vt 0.93769 0.67362
vt 0.90479 0.64039
vt 0.89153 0.63352
vt 0.16358 0.41077
vt 0.9046 0.62289
vt 0.90031 0.62699
vt 0.90229 0.64094
vt 0.89798 0.63505
vt 0.89996 0.63323
vt 0.89598 0.62631
vt 0.21216 0.4276
vt 0.19971 0.43013
vt 0.17448 0.41654
vt 0.1902 0.43099
vt 0.9015 0.60411
vt 0.17389 0.43722
vt 0.17767 0.43861
vt 0.89843 0.61057
vt 0.8964 0.6218
vt 0.89431 0.61047
vt 0.89414 0.62597
vt 0.88281 0.61473
vt 0.88874 0.61413
vt 0.89315 0.61937
vt 0.88862 0.60224
vt 0.88653 0.5999
vt 0.22193 0.44495
vt 0.20881 0.44362
vt 0.90563 0.6034
vt 0.19799 0.45236
vt 0.9007 0.58768
vt 0.18384 0.44938
vt 0.89273 0.5915
vt 0.17784 0.44883
vt 0.88901 0.59384
vt 0.87987 0.60586
vt 0.88398 0.60043
vt 0.88653 0.60373
vt 0.04706 0.59264
vt 0.04939 0.5855
vt 0.05644 0.58268
vt 0.05257 0.59335
vt 0.9336 0.68447
vt 0.93206 0.67854
vt 0.0368 0.59463
vt 0.02568 0.59711
vt 0.93153 0.68905
vt 0.03951 0.60636
vt 0.05631 0.60892
vt 0.05611 0.56899
vt 0.06524 0.57184
vt 0.06743 0.58215
vt 0.93336 0.6689
vt 0.93084 0.66383
vt 0.91873 0.67418
vt 0.06118 0.59746
vt 0.06857 0.60584
vt 0.03544 0.61002
vt 0.05386 0.61875
vt 0.06626 0.61016
vt 0.05722 0.62529
vt 0.06381 0.62175
vt 0.91726 0.69009
vt 0.92202 0.68025
vt 0.91623 0.68238
vt 0.91307 0.69604
vt 0.07381 0.59049
vt 0.07774 0.5863
vt 0.91677 0.66583
vt 0.90901 0.66855
vt 0.90996 0.67695
vt 0.07972 0.6003
vt 0.08484 0.59753
vt 0.08747 0.59164
vt 0.90425 0.67457
vt 0.90683 0.68477
vt 0.07443 0.61853
vt 0.07733 0.60781
vt 0.07655 0.61469
vt 0.07065 0.62806
vt 0.08381 0.61808
vt 0.07734 0.63557
vt 0.08057 0.62959
vt 0.084 0.62176
vt 0.90377 0.69487
vt 0.06581 0.63463
vt 0.90073 0.67856
vt 0.90226 0.66967
vt 0.09582 0.5984
vt 0.09657 0.59101
vt 0.8993 0.67311
vt 0.09153 0.60878
vt 0.1075 0.59931
vt 0.09148 0.61568
vt 0.10551 0.6141
vt 0.89898 0.68915
vt 0.89709 0.68255
vt 0.88413 0.67843
vt 0.88728 0.68509
vt 0.89229 0.69402
vt 0.89639 0.69894
vt 0.11173 0.59493
vt 0.89058 0.66415
vt 0.8874 0.6663
vt 0.89462 0.66078
vt 0.88115 0.65101
vt 0.1358 0.59406
vt 0.12416 0.59818
vt 0.10797 0.60632
vt 0.12386 0.60516
vt 0.1275 0.61134
vt 0.88569 0.66875
vt 0.88051 0.66876
vt 0.87212 0.67099
vt 0.87355 0.6497
vt 0.87013 0.65051
vt 0.8736 0.64528
vt 0.13353 0.59136
vt 0.14612 0.58944
vt 0.14326 0.59549
vt 0.14106 0.60122
vt 0.15096 0.60378
vt 0.17415 0.59668
vt 0.8676 0.65314
vt 0.86505 0.65628
vt 0.86453 0.6618
vt 0.09352 0.61727
vt 0.08784 0.62046
vt 0.08858 0.63181
vt 0.08794 0.62326
vt 0.12259 0.62605
vt 0.12111 0.61649
vt 0.12 0.61941
vt 0.88843 0.69524
vt 0.8883 0.69998
vt 0.86817 0.68274
vt 0.87633 0.67892
vt 0.12034 0.6145
vt 0.87058 0.67863
vt 0.13058 0.61969
vt 0.1296 0.63076
vt 0.86792 0.67639
vt 0.86787 0.67133
vt 0.14901 0.61085
vt 0.14503 0.60903
vt 0.14227 0.61689
vt 0.14074 0.61375
vt 0.14126 0.62894
vt 0.15088 0.62372
vt 0.15405 0.61199
vt 0.1499 0.61628
vt 0.8558 0.65984
vt 0.86131 0.67052
vt 0.85479 0.66308
vt 0.45058 0.31082
vt 0.57672 0.69
vt 0.4609 0.31507
vt 0.45722 0.32003
vt 0.5725 0.69606
vt 0.57651 0.7055
vt 0.58171 0.69639
vt 0.4667 0.3281
vt 0.58626 0.71289
vt 0.59022 0.71132
vt 0.47216 0.33527
vt 0.59148 0.72523
vt 0.59912 0.71626
vt 0.59953 0.72371
vt 0.48073 0.33598
vt 0.47849 0.34512
vt 0.59514 0.73808
vt 0.60448 0.7465
vt 0.61187 0.73337
vt 0.60864 0.74236
vt 0.60608 0.76045
vt 0.5037 0.36107
vt 0.61691 0.78179
vt 0.61839 0.75952
vt 0.62916 0.77307
vt 0.51681 0.37354
vt 0.51103 0.37414
vt 0.50373 0.36692
vt 0.63585 0.78429
vt 0.52188 0.38311
vt 0.51963 0.37904
vt 0.63777 0.78956
vt 0.6466 0.79391
vt 0.65227 0.79553
vt 0.97469 0.30511
vt 0.97756 0.30425
vt 0.96736 0.29881
vt 0.52674 0.38574
vt 0.53268 0.38766
vt 0.53113 0.38562
vt 0.53764 0.38441
vt 0.52958 0.39273
vt 0.53567 0.39476
vt 0.53813 0.40246
vt 0.96066 0.30643
vt 0.55222 0.41331
vt 0.54364 0.40682
vt 0.96679 0.30775
vt 0.94806 0.31308
vt 0.69308 0.39823
vt 0.95424 0.30808
vt 0.56481 0.42155
vt 0.67869 0.40156
vt 0.92598 0.31123
vt 0.70618 0.39768
vt 0.93482 0.31577
vt 0.92902 0.31732
vt 0.72018 0.37978
vt 0.91234 0.31518
vt 0.71133 0.39713
vt 0.91287 0.32357
vt 0.7254 0.38762
vt 0.43643 0.31536
vt 0.57913 0.67355
vt 0.44627 0.32802
vt 0.44042 0.31885
vt 0.58321 0.68581
vt 0.59152 0.69089
vt 0.59003 0.68201
vt 0.45723 0.33808
vt 0.59896 0.70807
vt 0.60313 0.70099
vt 0.46396 0.34489
vt 0.61095 0.71898
vt 0.61105 0.70941
vt 0.47388 0.35186
vt 0.62312 0.73417
vt 0.4858 0.36702
vt 0.6186 0.74142
vt 0.62523 0.75059
vt 0.6344 0.74639
vt 0.49096 0.37578
vt 0.63861 0.76335
vt 0.64599 0.76283
vt 0.50839 0.38303
vt 0.50054 0.38238
vt 0.4916 0.37886
vt 0.64879 0.77382
vt 0.52098 0.38945
vt 0.50693 0.39016
vt 0.52188 0.39274
vt 0.52009 0.39946
vt 0.50971 0.39249
vt 0.51263 0.39512
vt 0.51251 0.397
vt 0.51021 0.40087
vt 0.64886 0.78255
vt 0.65448 0.78824
vt 0.97817 0.3153
vt 0.66258 0.78072
vt 0.5277 0.40331
vt 0.5333 0.41173
vt 0.53727 0.42197
vt 0.55414 0.43045
vt 0.54275 0.43717
vt 0.96647 0.32514
vt 0.97391 0.3219
vt 0.68143 0.41109
vt 0.95896 0.31755
vt 0.69657 0.41187
vt 0.9393 0.3299
vt 0.68339 0.4208
vt 0.69816 0.41911
vt 0.92974 0.32896
vt 0.71037 0.41051
vt 0.93324 0.33211
vt 0.91731 0.32784
vt 0.72672 0.39483
vt 0.71524 0.40694
vt 0.91638 0.33618
vt 0.91155 0.34265
vt 0.43031 0.32913
vt 0.59087 0.66272
vt 0.60814 0.66537
vt 0.59743 0.67042
vt 0.43519 0.33921
vt 0.60482 0.676
vt 0.60135 0.68918
vt 0.61773 0.68987
vt 0.4467 0.33982
vt 0.44785 0.34815
vt 0.61407 0.69719
vt 0.44835 0.35984
vt 0.62431 0.70209
vt 0.45712 0.36322
vt 0.46251 0.36914
vt 0.63816 0.72262
vt 0.62954 0.71145
vt 0.47156 0.37796
vt 0.63349 0.73462
vt 0.65056 0.73837
vt 0.48375 0.38318
vt 0.6533 0.75182
vt 0.66294 0.7545
vt 0.49431 0.39347
vt 0.48682 0.3881
vt 0.66294 0.76723
vt 0.50801 0.40667
vt 0.49766 0.39955
vt 0.50265 0.40078
vt 0.50417 0.40201
vt 0.49237 0.3973
vt 0.51932 0.41184
vt 0.67038 0.78327
vt 0.98189 0.32246
vt 0.66494 0.77361
vt 0.67352 0.77444
vt 0.67693 0.77658
vt 0.97994 0.338
vt 0.98428 0.32996
vt 0.97098 0.33663
vt 0.6755 0.76391
vt 0.51981 0.4206
vt 0.52833 0.42629
vt 0.52904 0.44575
vt 0.5189 0.43025
vt 0.95074 0.32727
vt 0.96062 0.33133
vt 0.68757 0.43207
vt 0.70642 0.42676
vt 0.9394 0.33625
vt 0.71566 0.42096
vt 0.95554 0.34213
vt 0.94642 0.34836
vt 0.934 0.35335
vt 0.71785 0.4343
vt 0.72738 0.41063
vt 0.73033 0.40223
vt 0.92345 0.34636
vt 0.73199 0.42326
vt 0.73648 0.41545
vt 0.91683 0.35784
vt 0.42139 0.33758
vt 0.60255 0.65729
vt 0.61098 0.65241
vt 0.61672 0.65754
vt 0.61851 0.67675
vt 0.6203 0.66469
vt 0.44024 0.35405
vt 0.4264 0.34637
vt 0.62654 0.68813
vt 0.62611 0.67237
vt 0.63195 0.68224
vt 0.63267 0.69528
vt 0.64411 0.69853
vt 0.45034 0.37237
vt 0.63882 0.70668
vt 0.649 0.71608
vt 0.65647 0.71402
vt 0.46487 0.38461
vt 0.65508 0.72528
vt 0.66784 0.72585
vt 0.48092 0.38641
vt 0.47063 0.39121
vt 0.66549 0.74222
vt 0.66953 0.73811
vt 0.48144 0.39925
vt 0.47003 0.39831
vt 0.67824 0.75174
vt 0.68429 0.75419
vt 0.6756 0.73757
vt 0.68096 0.74618
vt 0.49116 0.4071
vt 0.49644 0.40705
vt 0.49187 0.40503
vt 0.49395 0.41214
vt 0.47937 0.40522
vt 0.48338 0.41558
vt 0.4821 0.40787
vt 0.48415 0.41161
vt 0.49894 0.42287
vt 0.48795 0.43354
vt 0.50222 0.42871
vt 0.48652 0.42098
vt 0.68379 0.76502
vt 0.98958 0.34015
vt 0.97733 0.34826
vt 0.98638 0.35505
vt 0.69229 0.74591
vt 0.49911 0.43681
vt 0.96844 0.34376
vt 0.97041 0.35939
vt 0.95371 0.35246
vt 0.94153 0.35726
vt 0.9261 0.36198
vt 0.93417 0.36912
vt 0.50748 0.43483
vt 0.50952 0.45343
vt 0.70719 0.43817
vt 0.5209 0.47201
vt 0.50592 0.46786
vt 0.7244 0.43367
vt 0.72299 0.44442
vt 0.70436 0.44921
vt 0.41128 0.33667
vt 0.413 0.34316
vt 0.6231 0.64672
vt 0.41933 0.3539
vt 0.62815 0.65837
vt 0.62502 0.65077
vt 0.64062 0.67261
vt 0.64213 0.67742
vt 0.63633 0.66485
vt 0.64608 0.68757
vt 0.65334 0.6865
vt 0.65624 0.6767
vt 0.43552 0.37007
vt 0.44129 0.38118
vt 0.66651 0.70076
vt 0.65855 0.703
vt 0.45573 0.38934
vt 0.44713 0.38118
vt 0.66546 0.70597
vt 0.67531 0.71294
vt 0.6692 0.71453
vt 0.45937 0.40204
vt 0.68082 0.72758
vt 0.68966 0.72529
vt 0.4708 0.4065
vt 0.47487 0.40966
vt 0.47029 0.41074
vt 0.47614 0.4116
vt 0.46508 0.413
vt 0.46849 0.41814
vt 0.46062 0.40669
vt 0.46332 0.41103
vt 0.68527 0.74529
vt 0.69273 0.73319
vt 0.99761 0.35598
vt 0.9995 0.36476
vt 0.69756 0.73678
vt 0.48333 0.42815
vt 0.48019 0.43318
vt 0.4778 0.42323
vt 0.4754 0.43877
vt 0.47067 0.42884
vt 0.98302 0.36307
vt 0.49537 0.45546
vt 0.4799 0.44528
vt 0.48174 0.46033
vt 0.49489 0.48183
vt 0.97437 0.36513
vt 0.94728 0.37086
vt 0.95148 0.37635
vt 0.71612 0.45545
vt 0.73332 0.44844
vt 0.97274 0.37291
vt 0.48018 0.48294
vt 0.71923 0.46596
vt 0.92552 0.38013
vt 0.94472 0.38317
vt 0.40258 0.35073
vt 0.63403 0.63659
vt 0.64118 0.64724
vt 0.63599 0.63255
vt 0.64137 0.6356
vt 0.41215 0.35993
vt 0.64221 0.65905
vt 0.42218 0.36821
vt 0.64891 0.66647
vt 0.65686 0.6681
vt 0.64994 0.65631
vt 0.65599 0.66361
vt 0.43065 0.3776
vt 0.42282 0.3774
vt 0.66047 0.68375
vt 0.66414 0.67645
vt 0.66734 0.68161
vt 0.6648 0.66792
vt 0.42985 0.38748
vt 0.437 0.39028
vt 0.66938 0.69172
vt 0.67799 0.68988
vt 0.43988 0.39687
vt 0.68459 0.70126
vt 0.68922 0.70637
vt 0.6832 0.69127
vt 0.44654 0.40261
vt 0.4505 0.40725
vt 0.43885 0.40247
vt 0.69267 0.71904
vt 0.69692 0.70329
vt 0.698 0.71671
vt 0.7015 0.70678
vt 0.451 0.41822
vt 0.45775 0.41315
vt 0.45084 0.41101
vt 0.44999 0.41288
vt 0.4642 0.4253
vt 0.4635 0.43293
vt 0.45318 0.42813
vt 0.44341 0.42163
vt 0.45925 0.43658
vt 0.99602 0.37092
vt 0.99058 0.37729
vt 0.6972 0.7267
vt 0.70527 0.73325
vt 0.70673 0.71615
vt 0.71461 0.73025
vt 0.71654 0.71629
vt 0.45684 0.44747
vt 0.46554 0.44363
vt 0.97816 0.37547
vt 0.98633 0.38312
vt 0.97811 0.38384
vt 0.72219 0.72644
vt 0.72897 0.71919
vt 0.96635 0.38337
vt 0.95125 0.38889
vt 0.96366 0.40083
vt 0.97491 0.39507
vt 0.98367 0.3911
vt 0.94047 0.40394
vt 0.93332 0.39342
vt 0.94864 0.39911
vt 0.94633 0.40919
vt 0.47095 0.45793
vt 0.46741 0.47853
vt 0.45847 0.46239
vt 0.4688 0.49573
vt 0.45257 0.48068
vt 0.75141 0.45533
vt 0.74505 0.4655
vt 0.73089 0.47058
vt 0.74566 0.47394
vt 0.75813 0.46817
vt 0.73923 0.48204
vt 0.45021 0.50029
vt 0.6501 0.62843
vt 0.3983 0.36174
vt 0.40032 0.36907
vt 0.64739 0.6452
vt 0.66009 0.6323
vt 0.66296 0.64609
vt 0.40663 0.37746
vt 0.664 0.66044
vt 0.67079 0.65248
vt 0.41362 0.38341
vt 0.67613 0.66727
vt 0.67795 0.6599
vt 0.42477 0.39831
vt 0.4196 0.39573
vt 0.67995 0.67388
vt 0.6913 0.67977
vt 0.68731 0.66536
vt 0.43729 0.40618
vt 0.4269 0.40355
vt 0.43363 0.40897
vt 0.42801 0.40737
vt 0.43189 0.41078
vt 0.69201 0.69893
vt 0.69193 0.68567
vt 0.69634 0.69152
vt 0.69978 0.69659
vt 0.69888 0.68795
vt 0.44097 0.41191
vt 0.43942 0.40973
vt 0.43937 0.41665
vt 0.42725 0.41454
vt 0.42603 0.42125
vt 0.44026 0.42564
vt 0.43756 0.43058
vt 0.42848 0.42732
vt 0.7067 0.69654
vt 0.71449 0.69463
vt 0.70538 0.68958
vt 0.72257 0.71212
vt 0.72079 0.69356
vt 0.73543 0.70737
vt 0.73884 0.69006
vt 0.98222 0.40242
vt 0.97273 0.4217
vt 0.96868 0.40817
vt 0.75193 0.68849
vt 0.96236 0.42691
vt 0.44937 0.43745
vt 0.43488 0.43457
vt 0.43869 0.44702
vt 0.44535 0.45737
vt 0.43756 0.48119
vt 0.42853 0.45738
vt 0.43416 0.49607
vt 0.7547 0.48908
vt 0.75966 0.47735
vt 0.95292 0.41626
vt 0.74127 0.49412
vt 0.417 0.48865
vt 0.38719 0.36598
vt 0.66022 0.62064
vt 0.66246 0.61282
vt 0.66528 0.62693
vt 0.66623 0.61891
vt 0.39327 0.3736
vt 0.66989 0.6359
vt 0.6714 0.62445
vt 0.40181 0.38446
vt 0.39394 0.38116
vt 0.39749 0.38625
vt 0.67887 0.645
vt 0.68108 0.63912
vt 0.41125 0.39234
vt 0.40451 0.39462
vt 0.68648 0.65464
vt 0.68995 0.6485
vt 0.69486 0.66284
vt 0.41861 0.40057
vt 0.42177 0.40512
vt 0.41088 0.40082
vt 0.4124 0.40287
vt 0.40664 0.39909
vt 0.41166 0.40869
vt 0.40349 0.40475
vt 0.40631 0.40118
vt 0.41371 0.40506
vt 0.69432 0.6769
vt 0.69307 0.66792
vt 0.6968 0.67244
vt 0.70104 0.6709
vt 0.69933 0.65773
vt 0.42327 0.40832
vt 0.42374 0.40671
vt 0.41939 0.41178
vt 0.42145 0.41567
vt 0.41757 0.4204
vt 0.4158 0.42674
vt 0.40701 0.41627
vt 0.70361 0.6815
vt 0.71399 0.68379
vt 0.71164 0.6739
vt 0.40974 0.43097
vt 0.41981 0.43465
vt 0.70939 0.66103
vt 0.41436 0.44267
vt 0.7276 0.68287
vt 0.72692 0.67629
vt 0.71696 0.66476
vt 0.7286 0.66148
vt 0.40614 0.44697
vt 0.41934 0.45095
vt 0.39837 0.45415
vt 0.40496 0.46539
vt 0.74844 0.65809
vt 0.3927 0.48929
vt 0.38878 0.47512
vt 0.7608 0.67444
vt 0.74596 0.6789
vt 0.76362 0.66472
vt 0.43129 0.44138
vt 0.4225 0.47458
vt 0.41452 0.47073
vt 0.39704 0.5085
vt 0.96743 0.43468
vt 0.95908 0.43354
vt 0.76082 0.50243
vt 0.74209 0.50763
vt 0.96615 0.44325
vt 0.95651 0.44103
vt 0.76374 0.50867
vt 0.37934 0.5144
vt 0.38086 0.36679
vt 0.37366 0.36738
vt 0.66893 0.61388
vt 0.67248 0.61236
vt 0.67858 0.6109
vt 0.38431 0.37299
vt 0.38702 0.37808
vt 0.38411 0.37963
vt 0.37778 0.37762
vt 0.38321 0.38269
vt 0.37612 0.38442
vt 0.36983 0.3776
vt 0.37648 0.38027
vt 0.38176 0.38527
vt 0.37756 0.37919
vt 0.67738 0.62572
vt 0.68033 0.62125
vt 0.69132 0.62183
vt 0.68787 0.62769
vt 0.39276 0.38682
vt 0.38915 0.38836
vt 0.39342 0.39081
vt 0.38702 0.38895
vt 0.38336 0.39139
vt 0.37664 0.38904
vt 0.38292 0.39735
vt 0.68552 0.63666
vt 0.69011 0.63428
vt 0.69551 0.6481
vt 0.69674 0.62869
vt 0.70259 0.62476
vt 0.70589 0.63457
vt 0.71261 0.61756
vt 0.72903 0.61526
vt 0.71555 0.62627
vt 0.73139 0.61746
vt 0.3997 0.39508
vt 0.39984 0.3975
vt 0.39498 0.39973
vt 0.39381 0.39368
vt 0.39261 0.40754
vt 0.38244 0.40647
vt 0.3789 0.39916
vt 0.39471 0.41684
vt 0.70368 0.64635
vt 0.37999 0.41414
vt 0.39073 0.42102
vt 0.37782 0.42759
vt 0.70971 0.64439
vt 0.7221 0.63849
vt 0.72046 0.6338
vt 0.72591 0.64234
vt 0.74218 0.62495
vt 0.73416 0.62145
vt 0.75076 0.63287
vt 0.75908 0.62222
vt 0.75423 0.61135
vt 0.75661 0.61667
vt 0.39624 0.40991
vt 0.40384 0.42322
vt 0.40144 0.42571
vt 0.38539 0.43036
vt 0.39566 0.43459
vt 0.71392 0.65411
vt 0.73033 0.65247
vt 0.72449 0.64596
vt 0.38815 0.44425
vt 0.38091 0.45613
vt 0.37358 0.44906
vt 0.36933 0.44075
vt 0.73511 0.64487
vt 0.36158 0.45171
vt 0.74974 0.64939
vt 0.75068 0.64061
vt 0.35654 0.47296
vt 0.36903 0.47897
vt 0.35242 0.48459
vt 0.34579 0.46885
vt 0.40314 0.43877
vt 0.37982 0.47074
vt 0.37431 0.4997
vt 0.36949 0.36965
vt 0.36252 0.37487
vt 0.36198 0.38059
vt 0.35693 0.38301
vt 0.36738 0.39245
vt 0.68224 0.60611
vt 0.34938 0.38489
vt 0.3375 0.39083
vt 0.34883 0.39431
vt 0.69047 0.60231
vt 0.69642 0.5872
vt 0.33286 0.3992
vt 0.70275 0.58931
vt 0.32451 0.40484
vt 0.31597 0.41357
vt 0.71401 0.57192
vt 0.70932 0.58721
vt 0.72061 0.58131
vt 0.29992 0.41856
vt 0.37095 0.38907
vt 0.69523 0.61686
vt 0.35989 0.39624
vt 0.35732 0.40347
vt 0.69524 0.60729
vt 0.70529 0.6158
vt 0.70431 0.60683
vt 0.34545 0.40731
vt 0.3372 0.41747
vt 0.71032 0.59712
vt 0.71426 0.60585
vt 0.32289 0.42074
vt 0.32335 0.43126
vt 0.73499 0.60282
vt 0.733 0.5933
vt 0.7246 0.58874
vt 0.73531 0.57748
vt 0.30826 0.43418
vt 0.31583 0.44699
vt 0.37469 0.40283
vt 0.3665 0.40282
vt 0.36138 0.41643
vt 0.35527 0.41322
vt 0.37254 0.40961
vt 0.36991 0.42076
vt 0.3387 0.43037
vt 0.35648 0.42567
vt 0.72091 0.61164
vt 0.33516 0.44461
vt 0.73682 0.60674
vt 0.33178 0.4544
vt 0.32275 0.45479
vt 0.36941 0.4297
vt 0.3614 0.4411
vt 0.35277 0.44462
vt 0.34063 0.46552
vt 0.73666 0.37496
vt 0.89585 0.32739
vt 0.74899 0.37689
vt 0.87814 0.32622
vt 0.8833 0.33415
vt 0.86492 0.33593
vt 0.85968 0.33478
vt 0.84991 0.3371
vt 0.85366 0.34496
vt 0.85649 0.35436
vt 0.83485 0.34231
vt 0.84367 0.34145
vt 0.84674 0.35697
vt 0.76766 0.36987
vt 0.78335 0.36522
vt 0.83152 0.34522
vt 0.80133 0.35922
vt 0.80469 0.35156
vt 0.82713 0.3443
vt 0.82278 0.34736
vt 0.81464 0.3583
vt 0.81756 0.35271
vt 0.8105 0.35657
vt 0.82097 0.3588
vt 0.8331 0.35202
vt 0.82875 0.35568
vt 0.81738 0.35674
vt 0.9107 0.33258
vt 0.75423 0.38544
vt 0.75547 0.39527
vt 0.9031 0.34031
vt 0.89901 0.33713
vt 0.88738 0.34523
vt 0.87156 0.34166
vt 0.77279 0.38961
vt 0.77779 0.37939
vt 0.87782 0.35266
vt 0.88277 0.35666
vt 0.86146 0.361
vt 0.78975 0.38407
vt 0.83823 0.3583
vt 0.84146 0.36536
vt 0.8495 0.36547
vt 0.83432 0.36528
vt 0.80719 0.37191
vt 0.81003 0.38619
vt 0.81174 0.36509
vt 0.82784 0.3611
vt 0.82053 0.36596
vt 0.81615 0.37095
vt 0.82598 0.3663
vt 0.82306 0.36651
vt 0.81532 0.37688
vt 0.82212 0.37194
vt 0.91226 0.35132
vt 0.75848 0.40413
vt 0.75882 0.41154
vt 0.89126 0.3582
vt 0.89474 0.3609
vt 0.77962 0.4048
vt 0.87754 0.36853
vt 0.88446 0.3764
vt 0.79484 0.39845
vt 0.8662 0.37286
vt 0.85788 0.37158
vt 0.85715 0.38187
vt 0.86842 0.37941
vt 0.84339 0.3732
vt 0.84853 0.37808
vt 0.84645 0.38373
vt 0.81284 0.39606
vt 0.83904 0.37499
vt 0.83477 0.37682
vt 0.819 0.39202
vt 0.8423 0.38401
vt 0.82124 0.38959
vt 0.83796 0.38645
vt 0.83103 0.37875
vt 0.8263 0.37814
vt 0.82561 0.38276
vt 0.8218 0.38498
vt 0.82911 0.38363
vt 0.82914 0.39235
vt 0.91747 0.36781
vt 0.91052 0.38482
vt 0.90143 0.37612
vt 0.89009 0.38661
vt 0.8873 0.38103
vt 0.75118 0.42472
vt 0.75018 0.43592
vt 0.90238 0.36552
vt 0.76357 0.41967
vt 0.7707 0.42643
vt 0.78187 0.41518
vt 0.87276 0.39162
vt 0.78534 0.42321
vt 0.79834 0.40987
vt 0.80148 0.42256
vt 0.85422 0.39035
vt 0.85871 0.39736
vt 0.84948 0.39212
vt 0.81418 0.40613
vt 0.8543 0.40495
vt 0.82039 0.41338
vt 0.84439 0.39414
vt 0.83853 0.39686
vt 0.82295 0.40442
vt 0.82555 0.40146
vt 0.83183 0.39312
vt 0.83219 0.40184
vt 0.83475 0.40041
vt 0.84931 0.40513
vt 0.83007 0.41485
vt 0.82911 0.38786
vt 0.76511 0.43844
vt 0.91627 0.39747
vt 0.90197 0.39695
vt 0.89246 0.39429
vt 0.77023 0.45162
vt 0.87959 0.40308
vt 0.78513 0.43163
vt 0.79023 0.44337
vt 0.90087 0.40609
vt 0.8742 0.39987
vt 0.86169 0.41112
vt 0.80875 0.4365
vt 0.81726 0.42457
vt 0.88156 0.41157
vt 0.85576 0.41526
vt 0.86486 0.4178
vt 0.82185 0.4337
vt 0.83146 0.43282
vt 0.82763 0.42228
vt 0.86217 0.42435
vt 0.83383 0.4258
vt 0.83633 0.40482
vt 0.84428 0.41097
vt 0.83664 0.41209
vt 0.84013 0.41479
vt 0.85142 0.41692
vt 0.84759 0.42137
vt 0.8416 0.42585
vt 0.92687 0.40203
vt 0.92649 0.41115
vt 0.91322 0.40611
vt 0.92607 0.41631
vt 0.91955 0.41821
vt 0.90698 0.41422
vt 0.91158 0.4239
vt 0.89726 0.41637
vt 0.90049 0.42227
vt 0.90321 0.42713
vt 0.88721 0.43019
vt 0.88566 0.43671
vt 0.8731 0.42564
vt 0.86999 0.43056
vt 0.77033 0.4711
vt 0.77615 0.45553
vt 0.77924 0.46215
vt 0.7925 0.45319
vt 0.7984 0.46611
vt 0.80328 0.46097
vt 0.81021 0.44683
vt 0.88318 0.42134
vt 0.81425 0.45846
vt 0.82551 0.44341
vt 0.83234 0.44092
vt 0.82811 0.45209
vt 0.86768 0.43904
vt 0.85739 0.42711
vt 0.86393 0.43963
vt 0.83836 0.44
vt 0.85327 0.43789
vt 0.84804 0.43403
vt 0.84711 0.439
vt 0.84192 0.44722
vt 0.844 0.4277
vt 0.93865 0.42223
vt 0.9476 0.43267
vt 0.92777 0.42634
vt 0.92551 0.44207
vt 0.92062 0.43353
vt 0.91858 0.44892
vt 0.90595 0.44593
vt 0.90341 0.45549
vt 0.89178 0.45182
vt 0.76822 0.48618
vt 0.77465 0.49798
vt 0.78216 0.47193
vt 0.78492 0.48179
vt 0.802 0.47519
vt 0.80417 0.4903
vt 0.89769 0.43827
vt 0.81699 0.47319
vt 0.82248 0.48325
vt 0.88334 0.44286
vt 0.87553 0.4438
vt 0.87289 0.44501
vt 0.83249 0.4677
vt 0.83776 0.45698
vt 0.88143 0.45363
vt 0.87662 0.46547
vt 0.87376 0.45198
vt 0.84216 0.47972
vt 0.88687 0.46468
vt 0.87032 0.46334
vt 0.87087 0.45215
vt 0.83446 0.48056
vt 0.86635 0.44485
vt 0.84634 0.45509
vt 0.84487 0.46309
vt 0.8648 0.44969
vt 0.86554 0.45894
vt 0.85893 0.46151
vt 0.86581 0.46727
vt 0.851 0.45484
vt 0.84591 0.46737
vt 0.84375 0.45934
vt 0.85836 0.44387
vt 0.8434 0.45094
vt 0.86192 0.44302
vt 0.84336 0.45099
vt 0.86157 0.44424
vt 0.86225 0.44572
vt 0.85281 0.44739
vt 0.85207 0.45095
vt 0.95241 0.45225
vt 0.94222 0.44599
vt 0.96458 0.45596
vt 0.95726 0.46002
vt 0.76694 0.64996
vt 0.93416 0.45977
vt 0.92486 0.45592
vt 0.93887 0.46765
vt 0.91508 0.46927
vt 0.92371 0.47261
vt 0.91086 0.45865
vt 0.90494 0.48761
vt 0.89379 0.49535
vt 0.89461 0.48331
vt 0.88592 0.49249
vt 0.78743 0.49427
vt 0.78809 0.50336
vt 0.81062 0.50054
vt 0.7934 0.51098
vt 0.77587 0.51536
vt 0.79674 0.51782
vt 0.82843 0.50286
vt 0.90345 0.47631
vt 0.89706 0.47133
vt 0.82412 0.49408
vt 0.88617 0.47262
vt 0.87794 0.47866
vt 0.87435 0.48231
vt 0.83841 0.49154
vt 0.87992 0.48882
vt 0.84517 0.4955
vt 0.83817 0.50079
vt 0.86879 0.47915
vt 0.85089 0.48603
vt 0.84696 0.48478
vt 0.84746 0.47149
vt 0.8586 0.48027
vt 0.87216 0.48724
vt 0.85211 0.49512
vt 0.86298 0.48713
vt 0.85552 0.46591
vt 0.85391 0.47047
vt 0.84907 0.48131
vt 0.85563 0.4729
vt 0.8555 0.47968
vt 0.75582 0.59785
vt 0.92677 0.53492
vt 0.92217 0.53685
vt 0.91898 0.53323
vt 0.76544 0.62909
vt 0.76413 0.61267
vt 0.76106 0.60713
vt 0.77164 0.62426
vt 0.77867 0.61191
vt 0.78347 0.60251
vt 0.77826 0.59661
vt 0.77001 0.59426
vt 0.79322 0.59452
vt 0.79545 0.60325
vt 0.78735 0.58606
vt 0.92355 0.5268
vt 0.312 0.51627
vt 0.31205 0.49751
vt 0.32456 0.49622
vt 0.30362 0.52752
vt 0.3081 0.50368
vt 0.82505 0.54324
vt 0.82268 0.54704
vt 0.81261 0.5468
vt 0.92346 0.51915
vt 0.9002 0.52347
vt 0.90306 0.51606
vt 0.90764 0.53279
vt 0.88971 0.52678
vt 0.89755 0.53542
vt 0.77331 0.63521
vt 0.77343 0.64056
vt 0.34894 0.5061
vt 0.33683 0.49346
vt 0.95924 0.46424
vt 0.94361 0.47547
vt 0.7838 0.62219
vt 0.79177 0.62731
vt 0.34099 0.51922
vt 0.32339 0.52185
vt 0.9283 0.47888
vt 0.79956 0.61645
vt 0.93684 0.4846
vt 0.92272 0.50743
vt 0.90961 0.50514
vt 0.91564 0.49999
vt 0.91559 0.51242
vt 0.80936 0.53792
vt 0.79834 0.53067
vt 0.81301 0.52589
vt 0.82523 0.5357
vt 0.89768 0.51156
vt 0.89591 0.50296
vt 0.82443 0.52527
vt 0.83384 0.5238
vt 0.83793 0.54096
vt 0.88412 0.50368
vt 0.88604 0.51688
vt 0.87833 0.51312
vt 0.84856 0.52048
vt 0.84435 0.53157
vt 0.87864 0.52177
vt 0.85474 0.54034
vt 0.85451 0.5289
vt 0.8731 0.50947
vt 0.77009 0.52536
vt 0.78753 0.53422
vt 0.81993 0.51442
vt 0.91256 0.49285
vt 0.83267 0.51065
vt 0.88074 0.49809
vt 0.8414 0.511
vt 0.84892 0.51108
vt 0.87453 0.49994
vt 0.8716 0.49933
vt 0.8549 0.50407
vt 0.85615 0.51211
vt 0.86856 0.51471
vt 0.8571 0.48996
vt 0.8525 0.50754
vt 0.85149 0.4995
vt 0.86431 0.5005
vt 0.86038 0.5074
vt 0.85887 0.48723
vt 0.8604 0.49891
vt 0.8603 0.52581
vt 0.8626 0.50726
vt 0.84927 0.49031
vt 0.73756 0.57075
vt 0.74245 0.56726
vt 0.28519 0.42285
vt 0.75669 0.55597
vt 0.7572 0.56405
vt 0.26947 0.44106
vt 0.25947 0.45022
vt 0.29056 0.4417
vt 0.76564 0.54903
vt 0.76991 0.54676
vt 0.24465 0.45796
vt 0.91986 0.569
vt 0.23513 0.46068
vt 0.90826 0.57734
vt 0.90405 0.58487
vt 0.90023 0.57102
vt 0.89338 0.57474
vt 0.8951 0.58514
vt 0.7541 0.58938
vt 0.74851 0.58359
vt 0.74561 0.57328
vt 0.28848 0.46609
vt 0.76068 0.58045
vt 0.77674 0.57405
vt 0.27564 0.45499
vt 0.77678 0.56193
vt 0.78128 0.57207
vt 0.25382 0.48221
vt 0.25552 0.4747
vt 0.27199 0.4731
vt 0.24666 0.47078
vt 0.93027 0.557
vt 0.91785 0.55821
vt 0.90705 0.56445
vt 0.91949 0.55263
vt 0.2262 0.48541
vt 0.21893 0.46632
vt 0.9074 0.55503
vt 0.89232 0.56276
vt 0.21214 0.48643
vt 0.2103 0.47145
vt 0.21085 0.50055
vt 0.23102 0.49894
vt 0.88623 0.56337
vt 0.8867 0.56842
vt 0.31053 0.46502
vt 0.31302 0.47466
vt 0.76488 0.58863
vt 0.77322 0.58367
vt 0.29096 0.48245
vt 0.92314 0.54661
vt 0.92873 0.54771
vt 0.27841 0.5
vt 0.29921 0.49443
vt 0.27777 0.48578
vt 0.26276 0.49196
vt 0.25073 0.49735
vt 0.27379 0.50945
vt 0.26213 0.50991
vt 0.90512 0.5427
vt 0.90909 0.53741
vt 0.90919 0.5477
vt 0.2439 0.50566
vt 0.22342 0.50515
vt 0.24211 0.51516
vt 0.22948 0.5123
vt 0.25037 0.5265
vt 0.89344 0.54662
vt 0.89481 0.55354
vt 0.89088 0.53925
vt 0.21098 0.5134
vt 0.21726 0.5126
vt 0.85644 0.5643
vt 0.85955 0.56417
vt 0.85587 0.56683
vt 0.20431 0.51203
vt 0.20055 0.50209
vt 0.88441 0.5444
vt 0.88603 0.55495
vt 0.87825 0.54801
vt 0.86455 0.56425
vt 0.85609 0.55063
vt 0.88079 0.55788
vt 0.19554 0.50823
vt 0.1956 0.51463
vt 0.8708 0.56162
vt 0.86766 0.5567
vt 0.32001 0.48531
vt 0.29016 0.51127
vt 0.29385 0.52828
vt 0.28241 0.52077
vt 0.27155 0.51997
vt 0.29864 0.54575
vt 0.28466 0.5331
vt 0.29072 0.54782
vt 0.26337 0.54105
vt 0.83737 0.54813
vt 0.84512 0.54703
vt 0.85129 0.55511
vt 0.83909 0.55449
vt 0.84525 0.55845
vt 0.83773 0.56845
vt 0.85305 0.57082
vt 0.84529 0.56633
vt 0.88031 0.5304
vt 0.86424 0.54878
vt 0.8617 0.53886
vt 0.8738 0.53078
vt 0.86776 0.54009
vt 0.86149 0.54372
vt 0.85871 0.53388
vt 0.87174 0.54161
vt 0.86853 0.5311
vt 0.87108 0.54936
vt 0.86405 0.55197
vt 0.86984 0.54066
vt 0.86668 0.51969
vt 0.86261 0.51458
vt 0.86379 0.52073
vt 0.85717 0.52091
vt 0.86481 0.52576
vt 0.1889 0.46834
vt 0.20203 0.47518
vt 0.89015 0.58363
vt 0.18469 0.46731
vt 0.88303 0.58331
vt 0.87483 0.59193
vt 0.88061 0.58927
vt 0.87137 0.57692
vt 0.88041 0.58261
vt 0.19615 0.48742
vt 0.19017 0.48758
vt 0.8797 0.57043
vt 0.87925 0.56468
vt 0.88048 0.57659
vt 0.87674 0.57547
vt 0.87398 0.56527
vt 0.87759 0.57125
vt 0.25729 0.52936
vt 0.23976 0.52947
vt 0.22849 0.53105
vt 0.23476 0.54339
vt 0.24183 0.54685
vt 0.22316 0.51635
vt 0.85581 0.57153
vt 0.85147 0.58621
vt 0.21637 0.53501
vt 0.84689 0.58733
vt 0.84016 0.58559
vt 0.87378 0.55136
vt 0.86727 0.56178
vt 0.87549 0.56189
vt 0.86688 0.55715
vt 0.87277 0.55788
vt 0.27583 0.55982
vt 0.25811 0.5385
vt 0.25445 0.55222
vt 0.26035 0.56794
vt 0.24618 0.55357
vt 0.24824 0.55567
vt 0.83941 0.57326
vt 0.83412 0.58287
vt 0.22295 0.55084
vt 0.2255 0.55874
vt 0.21668 0.56744
vt 0.21749 0.54846
vt 0.85104 0.60148
vt 0.84473 0.60023
vt 0.21138 0.55531
vt 0.83815 0.6004
vt 0.8433 0.61084
vt 0.84043 0.60627
vt 0.24563 0.56547
vt 0.23897 0.57901
vt 0.23237 0.56314
vt 0.23461 0.57112
vt 0.23638 0.57298
vt 0.83071 0.57933
vt 0.83522 0.58912
vt 0.82666 0.60373
vt 0.83306 0.59965
vt 0.24262 0.59602
vt 0.23623 0.59015
vt 0.22447 0.56842
vt 0.21452 0.58119
vt 0.22322 0.58184
vt 0.20602 0.57545
vt 0.1987 0.57251
vt 0.84777 0.61743
vt 0.84214 0.62028
vt 0.84736 0.62412
vt 0.19714 0.57997
vt 0.21784 0.58866
vt 0.83449 0.61775
vt 0.22713 0.5847
vt 0.82609 0.61346
vt 0.22891 0.60329
vt 0.22425 0.59502
vt 0.83105 0.61101
vt 0.8635 0.64117
vt 0.8655 0.63869
vt 0.85367 0.63247
vt 0.1581 0.59121
vt 0.15999 0.5874
vt 0.8605 0.64283
vt 0.1687 0.59176
vt 0.85391 0.64066
vt 0.17555 0.59945
vt 0.85121 0.64425
vt 0.84866 0.64813
vt 0.1869 0.58158
vt 0.17615 0.57956
vt 0.18945 0.57508
vt 0.84714 0.62957
vt 0.84292 0.63033
vt 0.1915 0.58764
vt 0.18963 0.58503
vt 0.18651 0.59681
vt 0.19085 0.6033
vt 0.15595 0.60791
vt 0.8388 0.63336
vt 0.83618 0.63776
vt 0.20123 0.5847
vt 0.20912 0.59215
vt 0.19818 0.59429
vt 0.21051 0.60122
vt 0.20273 0.6004
vt 0.82715 0.62393
vt 0.8302 0.63066
vt 0.82278 0.63066
vt 0.82146 0.62429
vt 0.21902 0.59416
vt 0.23608 0.60723
vt 0.21927 0.6001
vt 0.22399 0.60922
vt 0.22267 0.61511
vt 0.21308 0.60549
vt 0.21562 0.61348
vt 0.17373 0.61157
vt 0.15432 0.62935
vt 0.18224 0.61663
vt 0.17378 0.62502
vt 0.84342 0.64894
vt 0.18905 0.62612
vt 0.83607 0.64551
vt 0.19515 0.60477
vt 0.19572 0.60685
vt 0.20166 0.61863
vt 0.19961 0.60943
vt 0.82842 0.6366
vt 0.20641 0.60504
vt 0.20842 0.60877
vt 0.21515 0.61992
vt 0.20797 0.62027
vt 0.20483 0.62456
usemtl mat0
f 1/1/1 2/2/2 3/3/3
f 4/4/4 3/3/3 5/5/5
f 6/6/6 7/7/7 8/8/8
f 7/7/7 9/9/9 8/8/8
f 6/6/6 10/10/10 11/11/11
f 11/11/11 10/10/10 12/12/12
f 6/6/6 8/8/8 10/10/10
f 11/11/11 12/12/12 1/1/1
f 8/8/8 13/13/13 10/10/10
f 6/6/6 11/11/11 14/14/14
f 14/14/14 11/11/11 15/15/15
f 1/1/1 3/3/3 11/11/11
f 11/11/11 3/3/3 16/16/16
f 17/17/17 15/15/15 18/18/18
f 15/15/15 11/11/11 16/16/16
f 18/18/18 15/15/15 16/16/16
f 16/16/16 4/4/4 18/18/18
f 4/4/4 16/16/16 3/3/3
f 18/18/18 4/4/4 19/19/19
f 20/20/20 21/21/21 22/22/22
f 23/23/23 7/7/7 24/24/24
f 25/25/25 7/7/7 23/23/23
f 26/26/26 9/9/9 7/7/7
f 25/25/25 26/26/26 7/7/7
f 25/25/25 27/27/27 26/26/26
f 28/28/28 27/27/27 25/25/25
f 24/24/24 14/14/14 29/29/29
f 30/30/30 24/24/24 29/29/29
f 14/14/14 24/24/24 6/6/6
f 7/7/7 6/6/6 24/24/24
f 29/29/29 14/14/14 31/31/31
f 14/14/14 15/15/15 31/31/31
f 32/32/32 33/33/33 34/34/34
f 32/32/32 34/34/34 35/35/35
f 33/33/33 36/36/36 34/34/34
f 35/35/35 34/34/34 37/37/37
f 31/31/31 15/15/15 38/38/38
f 31/31/31 38/38/38 39/39/39
f 40/40/40 31/31/31 39/39/39
f 15/15/15 17/17/17 38/38/38
f 41/41/41 42/42/42 32/32/32
f 43/43/43 41/41/41 32/32/32
f 42/42/42 44/44/44 33/33/33
f 42/42/42 33/33/33 32/32/32
f 45/45/45 36/36/36 33/33/33
f 44/44/44 45/45/45 33/33/33
f 39/39/39 46/46/46 47/47/47
f 46/46/46 38/38/38 48/48/48
f 39/39/39 38/38/38 46/46/46
f 17/17/17 49/49/49 48/48/48
f 48/48/48 38/38/38 17/17/17
f 50/50/50 51/51/51 42/42/42
f 52/52/52 44/44/44 42/42/42
f 51/51/51 52/52/52 42/42/42
f 52/52/52 45/45/45 44/44/44
f 53/53/53 20/20/20 22/22/22
f 54/54/54 20/20/20 53/53/53
f 55/55/55 23/23/23 56/56/56
f 57/57/57 55/55/55 56/56/56
f 55/55/55 25/25/25 23/23/23
f 55/55/55 57/57/57 58/58/58
f 55/55/55 28/28/28 25/25/25
f 58/58/58 28/28/28 55/55/55
f 30/30/30 29/29/29 59/59/59
f 23/23/23 30/30/30 60/60/60
f 60/60/60 30/30/30 59/59/59
f 61/61/61 23/23/23 60/60/60
f 24/24/24 30/30/30 23/23/23
f 62/62/62 35/35/35 63/63/63
f 62/62/62 63/63/63 64/64/64
f 65/65/65 59/59/59 40/40/40
f 65/65/65 40/40/40 66/66/66
f 29/29/29 31/31/31 40/40/40
f 40/40/40 59/59/59 29/29/29
f 43/43/43 32/32/32 67/67/67
f 68/68/68 43/43/43 67/67/67
f 69/69/69 67/67/67 62/62/62
f 68/68/68 67/67/67 69/69/69
f 67/67/67 32/32/32 35/35/35
f 67/67/67 35/35/35 62/62/62
f 70/70/70 40/40/40 39/39/39
f 71/71/71 72/72/72 68/68/68
f 50/50/50 42/42/42 41/41/41
f 50/50/50 41/41/41 72/72/72
f 68/68/68 41/41/41 43/43/43
f 72/72/72 41/41/41 68/68/68
f 70/70/70 39/39/39 47/47/47
f 70/70/70 47/47/47 73/73/73
f 74/74/74 70/70/70 73/73/73
f 75/75/75 76/76/76 72/72/72
f 76/76/76 50/50/50 72/72/72
f 77/77/77 22/22/22 58/58/58
f 22/22/22 28/28/28 58/58/58
f 53/53/53 22/22/22 77/77/77
f 53/53/53 77/77/77 78/78/78
f 79/79/79 53/53/53 78/78/78
f 77/77/77 58/58/58 80/80/80
f 78/78/78 77/77/77 80/80/80
f 81/81/81 54/54/54 53/53/53
f 82/82/82 83/83/83 81/81/81
f 83/83/83 54/54/54 81/81/81
f 81/81/81 53/53/53 79/79/79
f 56/56/56 23/23/23 61/61/61
f 84/84/84 56/56/56 61/61/61
f 85/85/85 84/84/84 61/61/61
f 84/84/84 57/57/57 56/56/56
f 86/86/86 57/57/57 84/84/84
f 58/58/58 57/57/57 86/86/86
f 60/60/60 59/59/59 65/65/65
f 87/87/87 60/60/60 65/65/65
f 88/88/88 60/60/60 87/87/87
f 61/61/61 60/60/60 88/88/88
f 61/61/61 88/88/88 89/89/89
f 90/90/90 64/64/64 91/91/91
f 62/62/62 64/64/64 90/90/90
f 91/91/91 64/64/64 92/92/92
f 87/87/87 66/66/66 93/93/93
f 87/87/87 65/65/65 66/66/66
f 94/94/94 87/87/87 93/93/93
f 95/95/95 68/68/68 69/69/69
f 69/69/69 62/62/62 90/90/90
f 96/96/96 69/69/69 90/90/90
f 93/93/93 66/66/66 74/74/74
f 93/93/93 74/74/74 97/97/97
f 40/40/40 70/70/70 66/66/66
f 66/66/66 70/70/70 74/74/74
f 71/71/71 68/68/68 95/95/95
f 98/98/98 71/71/71 99/99/99
f 99/99/99 71/71/71 95/95/95
f 74/74/74 73/73/73 100/100/100
f 74/74/74 100/100/100 97/97/97
f 101/101/101 98/98/98 102/102/102
f 75/75/75 72/72/72 71/71/71
f 98/98/98 75/75/75 71/71/71
f 101/101/101 75/75/75 98/98/98
f 103/103/103 104/104/104 13/13/13
f 105/105/105 103/103/103 13/13/13
f 103/103/103 105/105/105 106/106/106
f 105/105/105 107/107/107 106/106/106
f 108/108/108 109/109/109 110/110/110
f 104/104/104 109/109/109 108/108/108
f 13/13/13 104/104/104 108/108/108
f 111/111/111 109/109/109 104/104/104
f 109/109/109 112/112/112 110/110/110
f 111/111/111 112/112/112 109/109/109
f 111/111/111 113/113/113 112/112/112
f 110/110/110 112/112/112 114/114/114
f 114/114/114 115/115/115 116/116/116
f 114/114/114 112/112/112 115/115/115
f 112/112/112 113/113/113 115/115/115
f 117/117/117 118/118/118 119/119/119
f 116/116/116 115/115/115 120/120/120
f 120/120/120 115/115/115 121/121/121
f 121/121/121 115/115/115 122/122/122
f 122/122/122 123/123/123 121/121/121
f 124/124/124 125/125/125 126/126/126
f 124/124/124 126/126/126 119/119/119
f 125/125/125 124/124/124 127/127/127
f 128/128/128 129/129/129 130/130/130
f 128/128/128 131/131/131 132/132/132
f 132/132/132 129/129/129 128/128/128
f 13/13/13 8/8/8 9/9/9
f 133/133/133 13/13/13 9/9/9
f 13/13/13 133/133/133 105/105/105
f 133/133/133 134/134/134 105/105/105
f 130/130/130 134/134/134 133/133/133
f 135/135/135 130/130/130 133/133/133
f 134/134/134 107/107/107 105/105/105
f 136/136/136 107/107/107 134/134/134
f 137/137/137 136/136/136 134/134/134
f 130/130/130 137/137/137 134/134/134
f 138/138/138 2/2/2 1/1/1
f 13/13/13 12/12/12 10/10/10
f 12/12/12 138/138/138 1/1/1
f 13/13/13 108/108/108 138/138/138
f 13/13/13 138/138/138 12/12/12
f 2/2/2 138/138/138 108/108/108
f 108/108/108 110/110/110 2/2/2
f 139/139/139 140/140/140 141/141/141
f 110/110/110 114/114/114 2/2/2
f 5/5/5 2/2/2 114/114/114
f 142/142/142 140/140/140 143/143/143
f 142/142/142 143/143/143 144/144/144
f 144/144/144 117/117/117 142/142/142
f 144/144/144 118/118/118 117/117/117
f 142/142/142 117/117/117 145/145/145
f 2/2/2 5/5/5 3/3/3
f 5/5/5 114/114/114 116/116/116
f 146/146/146 144/144/144 147/147/147
f 146/146/146 118/118/118 144/144/144
f 124/124/124 119/119/119 118/118/118
f 4/4/4 5/5/5 148/148/148
f 4/4/4 148/148/148 19/19/19
f 5/5/5 120/120/120 148/148/148
f 5/5/5 116/116/116 120/120/120
f 149/149/149 146/146/146 150/150/150
f 151/151/151 149/149/149 152/152/152
f 127/127/127 146/146/146 149/149/149
f 153/153/153 127/127/127 149/149/149
f 124/124/124 146/146/146 127/127/127
f 124/124/124 118/118/118 146/146/146
f 154/154/154 128/128/128 135/135/135
f 155/155/155 154/154/154 135/135/135
f 155/155/155 156/156/156 154/154/154
f 157/157/157 154/154/154 156/156/156
f 156/156/156 158/158/158 157/157/157
f 135/135/135 128/128/128 130/130/130
f 154/154/154 157/157/157 128/128/128
f 131/131/131 128/128/128 157/157/157
f 159/159/159 131/131/131 157/157/157
f 159/159/159 157/157/157 158/158/158
f 160/160/160 159/159/159 158/158/158
f 160/160/160 158/158/158 161/161/161
f 133/133/133 9/9/9 26/26/26
f 26/26/26 135/135/135 133/133/133
f 37/37/37 162/162/162 163/163/163
f 143/143/143 163/163/163 162/162/162
f 139/139/139 163/163/163 143/143/143
f 139/139/139 141/141/141 163/163/163
f 163/163/163 164/164/164 165/165/165
f 163/163/163 141/141/141 164/164/164
f 165/165/165 164/164/164 166/166/166
f 141/141/141 167/167/167 164/164/164
f 36/36/36 168/168/168 162/162/162
f 162/162/162 168/168/168 143/143/143
f 144/144/144 143/143/143 168/168/168
f 143/143/143 140/140/140 139/139/139
f 36/36/36 147/147/147 168/168/168
f 45/45/45 147/147/147 36/36/36
f 169/169/169 147/147/147 45/45/45
f 170/170/170 169/169/169 45/45/45
f 169/169/169 146/146/146 147/147/147
f 150/150/150 146/146/146 169/169/169
f 147/147/147 144/144/144 168/168/168
f 171/171/171 152/152/152 170/170/170
f 171/171/171 170/170/170 45/45/45
f 171/171/171 45/45/45 52/52/52
f 152/152/152 169/169/169 170/170/170
f 150/150/150 169/169/169 152/152/152
f 152/152/152 149/149/149 150/150/150
f 21/21/21 155/155/155 27/27/27
f 172/172/172 155/155/155 21/21/21
f 21/21/21 27/27/27 22/22/22
f 28/28/28 22/22/22 27/27/27
f 172/172/172 21/21/21 20/20/20
f 27/27/27 155/155/155 135/135/135
f 156/156/156 155/155/155 172/172/172
f 172/172/172 173/173/173 156/156/156
f 173/173/173 158/158/158 156/156/156
f 174/174/174 173/173/173 175/175/175
f 161/161/161 158/158/158 173/173/173
f 174/174/174 161/161/161 173/173/173
f 176/176/176 161/161/161 174/174/174
f 177/177/177 161/161/161 176/176/176
f 27/27/27 135/135/135 26/26/26
f 63/63/63 35/35/35 178/178/178
f 35/35/35 37/37/37 178/178/178
f 178/178/178 37/37/37 163/163/163
f 178/178/178 163/163/163 165/165/165
f 165/165/165 179/179/179 178/178/178
f 179/179/179 165/165/165 180/180/180
f 165/165/165 181/181/181 180/180/180
f 165/165/165 166/166/166 181/181/181
f 181/181/181 182/182/182 183/183/183
f 180/180/180 181/181/181 183/183/183
f 36/36/36 162/162/162 37/37/37
f 34/34/34 36/36/36 37/37/37
f 184/184/184 172/172/172 20/20/20
f 184/184/184 20/20/20 54/54/54
f 175/175/175 172/172/172 184/184/184
f 83/83/83 175/175/175 184/184/184
f 185/185/185 175/175/175 83/83/83
f 175/175/175 173/173/173 172/172/172
f 185/185/185 174/174/174 175/175/175
f 176/176/176 174/174/174 185/185/185
f 186/186/186 176/176/176 185/185/185
f 178/178/178 179/179/179 63/63/63
f 63/63/63 179/179/179 187/187/187
f 63/63/63 187/187/187 188/188/188
f 187/187/187 179/179/179 180/180/180
f 180/180/180 183/183/183 187/187/187
f 188/188/188 187/187/187 189/189/189
f 189/189/189 190/190/190 188/188/188
f 183/183/183 189/189/189 187/187/187
f 83/83/83 184/184/184 54/54/54
f 82/82/82 185/185/185 83/83/83
f 191/191/191 185/185/185 82/82/82
f 191/191/191 186/186/186 185/185/185
f 64/64/64 63/63/63 92/92/92
f 63/63/63 188/188/188 92/92/92
f 92/92/92 188/188/188 192/192/192
f 92/92/92 192/192/192 193/193/193
f 192/192/192 188/188/188 190/190/190
f 193/193/193 192/192/192 194/194/194
f 195/195/195 196/196/196 197/197/197
f 106/106/106 198/198/198 199/199/199
f 200/200/200 201/201/201 198/198/198
f 202/202/202 111/111/111 104/104/104
f 202/202/202 203/203/203 111/111/111
f 104/104/104 199/199/199 202/202/202
f 202/202/202 204/204/204 203/203/203
f 205/205/205 204/204/204 202/202/202
f 199/199/199 206/206/206 202/202/202
f 206/206/206 205/205/205 202/202/202
f 207/207/207 208/208/208 209/209/209
f 208/208/208 210/210/210 209/209/209
f 211/211/211 212/212/212 113/113/113
f 203/203/203 211/211/211 111/111/111
f 113/113/113 111/111/111 211/211/211
f 211/211/211 213/213/213 212/212/212
f 203/203/203 214/214/214 211/211/211
f 211/211/211 214/214/214 213/213/213
f 215/215/215 208/208/208 216/216/216
f 215/215/215 217/217/217 208/208/208
f 115/115/115 113/113/113 122/122/122
f 122/122/122 113/113/113 212/212/212
f 213/213/213 196/196/196 212/212/212
f 213/213/213 218/218/218 196/196/196
f 218/218/218 197/197/197 196/196/196
f 219/219/219 220/220/220 221/221/221
f 222/222/222 219/219/219 221/221/221
f 213/213/213 214/214/214 218/218/218
f 222/222/222 223/223/223 219/219/219
f 219/219/219 215/215/215 220/220/220
f 219/219/219 223/223/223 217/217/217
f 219/219/219 217/217/217 215/215/215
f 217/217/217 223/223/223 224/224/224
f 122/122/122 212/212/212 225/225/225
f 123/123/123 122/122/122 225/225/225
f 212/212/212 196/196/196 225/225/225
f 196/196/196 195/195/195 226/226/226
f 227/227/227 222/222/222 228/228/228
f 227/227/227 223/223/223 222/222/222
f 229/229/229 230/230/230 137/137/137
f 231/231/231 232/232/232 233/233/233
f 232/232/232 229/229/229 233/233/233
f 137/137/137 230/230/230 234/234/234
f 232/232/232 230/230/230 229/229/229
f 230/230/230 235/235/235 234/234/234
f 230/230/230 236/236/236 235/235/235
f 232/232/232 236/236/236 230/230/230
f 231/231/231 236/236/236 232/232/232
f 103/103/103 106/106/106 199/199/199
f 198/198/198 106/106/106 107/107/107
f 200/200/200 198/198/198 107/107/107
f 136/136/136 200/200/200 107/107/107
f 137/137/137 234/234/234 136/136/136
f 234/234/234 200/200/200 136/136/136
f 234/234/234 237/237/237 200/200/200
f 199/199/199 104/104/104 103/103/103
f 238/238/238 239/239/239 207/207/207
f 238/238/238 207/207/207 240/240/240
f 207/207/207 209/209/209 240/240/240
f 240/240/240 241/241/241 238/238/238
f 241/241/241 240/240/240 242/242/242
f 240/240/240 243/243/243 242/242/242
f 117/117/117 216/216/216 145/145/145
f 145/145/145 216/216/216 239/239/239
f 220/220/220 215/215/215 216/216/216
f 239/239/239 208/208/208 207/207/207
f 216/216/216 208/208/208 239/239/239
f 119/119/119 220/220/220 117/117/117
f 221/221/221 220/220/220 119/119/119
f 221/221/221 119/119/119 126/126/126
f 117/117/117 220/220/220 216/216/216
f 222/222/222 221/221/221 126/126/126
f 125/125/125 228/228/228 126/126/126
f 228/228/228 222/222/222 126/126/126
f 132/132/132 229/229/229 129/129/129
f 129/129/129 137/137/137 130/130/130
f 244/244/244 132/132/132 131/131/131
f 159/159/159 244/244/244 131/131/131
f 129/129/129 229/229/229 137/137/137
f 233/233/233 229/229/229 132/132/132
f 233/233/233 132/132/132 244/244/244
f 245/245/245 244/244/244 159/159/159
f 231/231/231 233/233/233 244/244/244
f 246/246/246 231/231/231 244/244/244
f 245/245/245 246/246/246 244/244/244
f 145/145/145 238/238/238 142/142/142
f 141/141/141 140/140/140 247/247/247
f 141/141/141 247/247/247 167/167/167
f 238/238/238 140/140/140 142/142/142
f 140/140/140 238/238/238 247/247/247
f 238/238/238 241/241/241 247/247/247
f 247/247/247 241/241/241 248/248/248
f 248/248/248 249/249/249 167/167/167
f 248/248/248 167/167/167 247/247/247
f 241/241/241 242/242/242 248/248/248
f 248/248/248 242/242/242 249/249/249
f 249/249/249 250/250/250 251/251/251
f 145/145/145 239/239/239 238/238/238
f 252/252/252 160/160/160 161/161/161
f 160/160/160 245/245/245 159/159/159
f 252/252/252 245/245/245 160/160/160
f 252/252/252 253/253/253 245/245/245
f 164/164/164 167/167/167 254/254/254
f 166/166/166 164/164/164 254/254/254
f 167/167/167 249/249/249 254/254/254
f 254/254/254 249/249/249 251/251/251
f 166/166/166 254/254/254 251/251/251
f 166/166/166 251/251/251 182/182/182
f 177/177/177 252/252/252 161/161/161
f 255/255/255 252/252/252 177/177/177
f 183/183/183 182/182/182 256/256/256
f 181/181/181 166/166/166 182/182/182
f 177/177/177 176/176/176 186/186/186
f 257/257/257 177/177/177 186/186/186
f 257/257/257 255/255/255 177/177/177
f 183/183/183 256/256/256 189/189/189
f 189/189/189 258/258/258 190/190/190
f 189/189/189 256/256/256 258/258/258
f 258/258/258 256/256/256 259/259/259
f 256/256/256 260/260/260 259/259/259
f 261/261/261 186/186/186 191/191/191
f 262/262/262 186/186/186 261/261/261
f 257/257/257 186/186/186 262/262/262
f 192/192/192 190/190/190 263/263/263
f 194/194/194 192/192/192 263/263/263
f 190/190/190 258/258/258 263/263/263
f 263/263/263 264/264/264 265/265/265
f 266/266/266 206/206/206 267/267/267
f 266/266/266 268/268/268 206/206/206
f 267/267/267 269/269/269 266/266/266
f 270/270/270 271/271/271 204/204/204
f 205/205/205 270/270/270 204/204/204
f 206/206/206 270/270/270 205/205/205
f 206/206/206 268/268/268 270/270/270
f 271/271/271 270/270/270 272/272/272
f 270/270/270 273/273/273 272/272/272
f 270/270/270 268/268/268 273/273/273
f 274/274/274 275/275/275 276/276/276
f 204/204/204 271/271/271 214/214/214
f 203/203/203 204/204/204 214/214/214
f 214/214/214 271/271/271 277/277/277
f 278/278/278 279/279/279 280/280/280
f 280/280/280 281/281/281 278/278/278
f 272/272/272 282/282/282 271/271/271
f 282/282/282 277/277/277 271/271/271
f 278/278/278 275/275/275 279/279/279
f 275/275/275 283/283/283 276/276/276
f 278/278/278 283/283/283 275/275/275
f 218/218/218 284/284/284 197/197/197
f 214/214/214 277/277/277 218/218/218
f 218/218/218 277/277/277 284/284/284
f 277/277/277 285/285/285 284/284/284
f 224/224/224 286/286/286 287/287/287
f 287/287/287 281/281/281 224/224/224
f 286/286/286 288/288/288 287/287/287
f 289/289/289 197/197/197 284/284/284
f 284/284/284 290/290/290 289/289/289
f 285/285/285 290/290/290 284/284/284
f 290/290/290 291/291/291 289/289/289
f 292/292/292 286/286/286 224/224/224
f 293/293/293 286/286/286 292/292/292
f 235/235/235 237/237/237 234/234/234
f 294/294/294 295/295/295 235/235/235
f 236/236/236 294/294/294 235/235/235
f 235/235/235 295/295/295 237/237/237
f 296/296/296 294/294/294 236/236/236
f 295/295/295 297/297/297 237/237/237
f 295/295/295 298/298/298 297/297/297
f 294/294/294 298/298/298 295/295/295
f 297/297/297 299/299/299 237/237/237
f 300/300/300 301/301/301 296/296/296
f 301/301/301 294/294/294 296/296/296
f 302/302/302 300/300/300 296/296/296
f 297/297/297 303/303/303 299/299/299
f 304/304/304 298/298/298 294/294/294
f 301/301/301 304/304/304 294/294/294
f 206/206/206 199/199/199 267/267/267
f 198/198/198 267/267/267 199/199/199
f 237/237/237 201/201/201 200/200/200
f 201/201/201 267/267/267 198/198/198
f 299/299/299 201/201/201 237/237/237
f 269/269/269 267/267/267 201/201/201
f 299/299/299 269/269/269 201/201/201
f 303/303/303 269/269/269 299/299/299
f 240/240/240 209/209/209 305/305/305
f 275/275/275 210/210/210 279/279/279
f 210/210/210 275/275/275 274/274/274
f 274/274/274 209/209/209 210/210/210
f 209/209/209 274/274/274 305/305/305
f 306/306/306 307/307/307 308/308/308
f 309/309/309 305/305/305 274/274/274
f 305/305/305 309/309/309 310/310/310
f 310/310/310 307/307/307 306/306/306
f 310/310/310 306/306/306 305/305/305
f 217/217/217 280/280/280 208/208/208
f 280/280/280 279/279/279 208/208/208
f 279/279/279 210/210/210 208/208/208
f 224/224/224 280/280/280 217/217/217
f 280/280/280 224/224/224 281/281/281
f 223/223/223 292/292/292 224/224/224
f 296/296/296 236/236/236 231/231/231
f 302/302/302 296/296/296 231/231/231
f 246/246/246 302/302/302 231/231/231
f 311/311/311 302/302/302 246/246/246
f 312/312/312 302/302/302 311/311/311
f 312/312/312 300/300/300 302/302/302
f 240/240/240 306/306/306 243/243/243
f 242/242/242 243/243/243 313/313/313
f 240/240/240 305/305/305 306/306/306
f 306/306/306 308/308/308 243/243/243
f 313/313/313 243/243/243 314/314/314
f 314/314/314 243/243/243 308/308/308
f 314/314/314 308/308/308 315/315/315
f 316/316/316 246/246/246 245/245/245
f 253/253/253 316/316/316 245/245/245
f 311/311/311 246/246/246 316/316/316
f 317/317/317 311/311/311 316/316/316
f 318/318/318 316/316/316 253/253/253
f 249/249/249 242/242/242 313/313/313
f 249/249/249 313/313/313 250/250/250
f 313/313/313 314/314/314 250/250/250
f 250/250/250 314/314/314 319/319/319
f 314/314/314 315/315/315 320/320/320
f 321/321/321 253/253/253 252/252/252
f 318/318/318 253/253/253 321/321/321
f 182/182/182 251/251/251 322/322/322
f 251/251/251 250/250/250 322/322/322
f 250/250/250 319/319/319 322/322/322
f 322/322/322 319/319/319 323/323/323
f 255/255/255 321/321/321 252/252/252
f 324/324/324 321/321/321 255/255/255
f 325/325/325 321/321/321 324/324/324
f 256/256/256 182/182/182 260/260/260
f 182/182/182 322/322/322 260/260/260
f 260/260/260 322/322/322 326/326/326
f 324/324/324 255/255/255 257/257/257
f 327/327/327 324/324/324 257/257/257
f 258/258/258 259/259/259 264/264/264
f 260/260/260 326/326/326 328/328/328
f 260/260/260 328/328/328 259/259/259
f 264/264/264 259/259/259 328/328/328
f 328/328/328 326/326/326 329/329/329
f 327/327/327 257/257/257 262/262/262
f 330/330/330 327/327/327 262/262/262
f 263/263/263 258/258/258 264/264/264
f 265/265/265 264/264/264 331/331/331
f 264/264/264 328/328/328 331/331/331
f 332/332/332 333/333/333 334/334/334
f 334/334/334 335/335/335 332/332/332
f 273/273/273 336/336/336 272/272/272
f 273/273/273 332/332/332 336/336/336
f 336/336/336 337/337/337 272/272/272
f 335/335/335 336/336/336 332/332/332
f 337/337/337 336/336/336 338/338/338
f 272/272/272 339/339/339 282/282/282
f 282/282/282 339/339/339 277/277/277
f 339/339/339 272/272/272 337/337/337
f 339/339/339 337/337/337 340/340/340
f 337/337/337 341/341/341 340/340/340
f 341/341/341 337/337/337 338/338/338
f 277/277/277 339/339/339 285/285/285
f 285/285/285 339/339/339 340/340/340
f 290/290/290 285/285/285 340/340/340
f 342/342/342 343/343/343 344/344/344
f 290/290/290 340/340/340 345/345/345
f 290/290/290 345/345/345 346/346/346
f 345/345/345 340/340/340 341/341/341
f 347/347/347 343/343/343 342/342/342
f 341/341/341 348/348/348 345/345/345
f 349/349/349 343/343/343 347/347/347
f 298/298/298 350/350/350 297/297/297
f 297/297/297 350/350/350 303/303/303
f 351/351/351 350/350/350 298/298/298
f 304/304/304 351/351/351 298/298/298
f 352/352/352 351/351/351 304/304/304
f 303/303/303 350/350/350 353/353/353
f 354/354/354 353/353/353 350/350/350
f 352/352/352 355/355/355 351/351/351
f 356/356/356 355/355/355 352/352/352
f 353/353/353 354/354/354 357/357/357
f 266/266/266 333/333/333 268/268/268
f 269/269/269 333/333/333 266/266/266
f 333/333/333 332/332/332 268/268/268
f 303/303/303 353/353/353 269/269/269
f 269/269/269 358/358/358 333/333/333
f 358/358/358 334/334/334 333/333/333
f 353/353/353 358/358/358 269/269/269
f 268/268/268 332/332/332 273/273/273
f 274/274/274 276/276/276 309/309/309
f 309/309/309 276/276/276 359/359/359
f 359/359/359 360/360/360 310/310/310
f 361/361/361 359/359/359 276/276/276
f 359/359/359 361/361/361 362/362/362
f 359/359/359 362/362/362 360/360/360
f 363/363/363 361/361/361 276/276/276
f 363/363/363 276/276/276 283/283/283
f 364/364/364 363/363/363 283/283/283
f 278/278/278 365/365/365 283/283/283
f 365/365/365 278/278/278 281/281/281
f 365/365/365 364/364/364 283/283/283
f 365/365/365 344/344/344 364/364/364
f 344/344/344 365/365/365 342/342/342
f 287/287/287 288/288/288 281/281/281
f 365/365/365 281/281/281 288/288/288
f 347/347/347 342/342/342 288/288/288
f 288/288/288 342/342/342 365/365/365
f 366/366/366 288/288/288 286/286/286
f 347/347/347 288/288/288 366/366/366
f 367/367/367 301/301/301 300/300/300
f 301/301/301 352/352/352 304/304/304
f 367/367/367 352/352/352 301/301/301
f 312/312/312 367/367/367 300/300/300
f 367/367/367 356/356/356 352/352/352
f 368/368/368 367/367/367 312/312/312
f 307/307/307 369/369/369 370/370/370
f 308/308/308 307/307/307 370/370/370
f 307/307/307 310/310/310 369/369/369
f 309/309/309 359/359/359 310/310/310
f 310/310/310 360/360/360 369/369/369
f 369/369/369 371/371/371 370/370/370
f 369/369/369 360/360/360 371/371/371
f 311/311/311 317/317/317 312/312/312
f 372/372/372 317/317/317 373/373/373
f 308/308/308 370/370/370 315/315/315
f 315/315/315 370/370/370 374/374/374
f 320/320/320 315/315/315 374/374/374
f 374/374/374 370/370/370 375/375/375
f 370/370/370 371/371/371 375/375/375
f 375/375/375 371/371/371 376/376/376
f 374/374/374 375/375/375 377/377/377
f 318/318/318 373/373/373 316/316/316
f 373/373/373 317/317/317 316/316/316
f 373/373/373 318/318/318 378/378/378
f 319/319/319 314/314/314 320/320/320
f 319/319/319 320/320/320 323/323/323
f 320/320/320 374/374/374 379/379/379
f 380/380/380 320/320/320 379/379/379
f 320/320/320 380/380/380 381/381/381
f 323/323/323 320/320/320 381/381/381
f 323/323/323 381/381/381 382/382/382
f 383/383/383 318/318/318 321/321/321
f 378/378/378 318/318/318 383/383/383
f 322/322/322 323/323/323 384/384/384
f 384/384/384 323/323/323 382/382/382
f 325/325/325 383/383/383 321/321/321
f 385/385/385 325/325/325 324/324/324
f 385/385/385 383/383/383 325/325/325
f 326/326/326 322/322/322 386/386/386
f 322/322/322 384/384/384 386/386/386
f 387/387/387 386/386/386 384/384/384
f 388/388/388 324/324/324 327/327/327
f 389/389/389 388/388/388 327/327/327
f 388/388/388 385/385/385 324/324/324
f 328/328/328 329/329/329 390/390/390
f 329/329/329 326/326/326 386/386/386
f 329/329/329 386/386/386 391/391/391
f 386/386/386 387/387/387 391/391/391
f 390/390/390 329/329/329 391/391/391
f 392/392/392 327/327/327 330/330/330
f 389/389/389 327/327/327 392/392/392
f 331/331/331 328/328/328 390/390/390
f 331/331/331 390/390/390 393/393/393
f 390/390/390 391/391/391 393/393/393
f 394/394/394 395/395/395 396/396/396
f 397/397/397 394/394/394 396/396/396
f 396/396/396 398/398/398 397/397/397
f 399/399/399 397/397/397 398/398/398
f 399/399/399 400/400/400 348/348/348
f 401/401/401 348/348/348 400/400/400
f 399/399/399 398/398/398 400/400/400
f 402/402/402 403/403/403 404/404/404
f 402/402/402 404/404/404 357/357/357
f 405/405/405 403/403/403 402/402/402
f 334/334/334 406/406/406 335/335/335
f 334/334/334 358/358/358 406/406/406
f 335/335/335 406/406/406 407/407/407
f 358/358/358 408/408/408 406/406/406
f 406/406/406 409/409/409 407/407/407
f 404/404/404 408/408/408 357/357/357
f 336/336/336 335/335/335 394/394/394
f 336/336/336 394/394/394 338/338/338
f 335/335/335 407/407/407 394/394/394
f 364/364/364 410/410/410 363/363/363
f 410/410/410 411/411/411 363/363/363
f 411/411/411 412/412/412 363/363/363
f 394/394/394 407/407/407 395/395/395
f 413/413/413 411/411/411 410/410/410
f 414/414/414 415/415/415 412/412/412
f 414/414/414 412/412/412 411/411/411
f 338/338/338 397/397/397 341/341/341
f 416/416/416 344/344/344 343/343/343
f 416/416/416 410/410/410 344/344/344
f 338/338/338 394/394/394 397/397/397
f 410/410/410 364/364/364 344/344/344
f 417/417/417 410/410/410 416/416/416
f 410/410/410 417/417/417 413/413/413
f 417/417/417 418/418/418 419/419/419
f 397/397/397 399/399/399 341/341/341
f 343/343/343 420/420/420 416/416/416
f 421/421/421 416/416/416 420/420/420
f 416/416/416 418/418/418 417/417/417
f 416/416/416 421/421/421 418/418/418
f 422/422/422 418/418/418 421/421/421
f 349/349/349 423/423/423 420/420/420
f 349/349/349 420/420/420 343/343/343
f 348/348/348 341/341/341 399/399/399
f 423/423/423 424/424/424 420/420/420
f 424/424/424 421/421/421 420/420/420
f 424/424/424 425/425/425 421/421/421
f 422/422/422 421/421/421 425/425/425
f 351/351/351 354/354/354 350/350/350
f 426/426/426 354/354/354 351/351/351
f 427/427/427 426/426/426 355/355/355
f 426/426/426 351/351/351 355/355/355
f 428/428/428 427/427/427 355/355/355
f 356/356/356 428/428/428 355/355/355
f 354/354/354 402/402/402 357/357/357
f 426/426/426 402/402/402 354/354/354
f 426/426/426 405/405/405 402/402/402
f 427/427/427 405/405/405 426/426/426
f 429/429/429 428/428/428 356/356/356
f 357/357/357 408/408/408 358/358/358
f 357/357/357 358/358/358 353/353/353
f 412/412/412 361/361/361 363/363/363
f 362/362/362 361/361/361 430/430/430
f 361/361/361 412/412/412 430/430/430
f 362/362/362 430/430/430 431/431/431
f 412/412/412 415/415/415 430/430/430
f 432/432/432 367/367/367 368/368/368
f 429/429/429 356/356/356 367/367/367
f 429/429/429 367/367/367 432/432/432
f 371/371/371 360/360/360 376/376/376
f 360/360/360 362/362/362 433/433/433
f 360/360/360 433/433/433 376/376/376
f 433/433/433 362/362/362 431/431/431
f 433/433/433 431/431/431 434/434/434
f 376/376/376 433/433/433 434/434/434
f 435/435/435 376/376/376 434/434/434
f 368/368/368 312/312/312 317/317/317
f 372/372/372 368/368/368 317/317/317
f 372/372/372 432/432/432 368/368/368
f 374/374/374 377/377/377 379/379/379
f 376/376/376 435/435/435 375/375/375
f 377/377/377 375/375/375 435/435/435
f 377/377/377 435/435/435 436/436/436
f 377/377/377 436/436/436 437/437/437
f 438/438/438 372/372/372 373/373/373
f 378/378/378 438/438/438 373/373/373
f 381/381/381 380/380/380 439/439/439
f 379/379/379 377/377/377 380/380/380
f 381/381/381 439/439/439 440/440/440
f 380/380/380 377/377/377 437/437/437
f 439/439/439 380/380/380 437/437/437
f 441/441/441 378/378/378 383/383/383
f 382/382/382 381/381/381 440/440/440
f 382/382/382 440/440/440 442/442/442
f 443/443/443 442/442/442 440/440/440
f 441/441/441 383/383/383 385/385/385
f 444/444/444 441/441/441 385/385/385
f 445/445/445 444/444/444 385/385/385
f 384/384/384 382/382/382 442/442/442
f 387/387/387 384/384/384 442/442/442
f 387/387/387 442/442/442 443/443/443
f 446/446/446 387/387/387 443/443/443
f 447/447/447 385/385/385 388/388/388
f 447/447/447 388/388/388 389/389/389
f 445/445/445 385/385/385 447/447/447
f 391/391/391 387/387/387 446/446/446
f 391/391/391 446/446/446 448/448/448
f 449/449/449 391/391/391 448/448/448
f 392/392/392 450/450/450 389/389/389
f 451/451/451 447/447/447 389/389/389
f 451/451/451 389/389/389 450/450/450
f 393/393/393 391/391/391 452/452/452
f 452/452/452 391/391/391 449/449/449
f 452/452/452 449/449/449 453/453/453
f 452/452/452 453/453/453 454/454/454
f 395/395/395 409/409/409 455/455/455
f 409/409/409 456/456/456 457/457/457
f 409/409/409 457/457/457 455/455/455
f 395/395/395 458/458/458 396/396/396
f 455/455/455 458/458/458 395/395/395
f 458/458/458 459/459/459 396/396/396
f 398/398/398 396/396/396 459/459/459
f 459/459/459 460/460/460 398/398/398
f 460/460/460 459/459/459 461/461/461
f 462/462/462 463/463/463 464/464/464
f 464/464/464 465/465/465 462/462/462
f 466/466/466 398/398/398 460/460/460
f 467/467/467 465/465/465 468/468/468
f 460/460/460 461/461/461 469/469/469
f 466/466/466 460/460/460 469/469/469
f 470/470/470 465/465/465 467/467/467
f 398/398/398 466/466/466 400/400/400
f 400/400/400 466/466/466 471/471/471
f 472/472/472 467/467/467 468/468/468
f 473/473/473 467/467/467 472/472/472
f 471/471/471 466/466/466 469/469/469
f 474/474/474 405/405/405 427/427/427
f 403/403/403 475/475/475 404/404/404
f 405/405/405 475/475/475 403/403/403
f 476/476/476 405/405/405 474/474/474
f 405/405/405 477/477/477 475/475/475
f 476/476/476 477/477/477 405/405/405
f 478/478/478 476/476/476 474/474/474
f 404/404/404 475/475/475 479/479/479
f 409/409/409 395/395/395 407/407/407
f 480/480/480 409/409/409 406/406/406
f 480/480/480 406/406/406 408/408/408
f 404/404/404 480/480/480 408/408/408
f 456/456/456 409/409/409 480/480/480
f 479/479/479 480/480/480 404/404/404
f 479/479/479 456/456/456 480/480/480
f 411/411/411 481/481/481 414/414/414
f 413/413/413 463/463/463 411/411/411
f 414/414/414 482/482/482 415/415/415
f 415/415/415 482/482/482 483/483/483
f 462/462/462 411/411/411 463/463/463
f 462/462/462 481/481/481 411/411/411
f 484/484/484 414/414/414 481/481/481
f 414/414/414 484/484/484 482/482/482
f 417/417/417 419/419/419 463/463/463
f 417/417/417 463/463/463 413/413/413
f 464/464/464 463/463/463 419/419/419
f 418/418/418 464/464/464 419/419/419
f 468/468/468 418/418/418 422/422/422
f 468/468/468 465/465/465 418/418/418
f 465/465/465 464/464/464 418/418/418
f 468/468/468 422/422/422 425/425/425
f 485/485/485 472/472/472 468/468/468
f 485/485/485 468/468/468 425/425/425
f 486/486/486 427/427/427 428/428/428
f 486/486/486 428/428/428 429/429/429
f 474/474/474 427/427/427 486/486/486
f 429/429/429 487/487/487 486/486/486
f 488/488/488 474/474/474 486/486/486
f 488/488/488 478/478/478 474/474/474
f 488/488/488 486/486/486 487/487/487
f 431/431/431 430/430/430 489/489/489
f 431/431/431 489/489/489 434/434/434
f 489/489/489 430/430/430 490/490/490
f 430/430/430 415/415/415 490/490/490
f 434/434/434 489/489/489 491/491/491
f 490/490/490 415/415/415 483/483/483
f 492/492/492 429/429/429 432/432/432
f 492/492/492 432/432/432 372/372/372
f 492/492/492 493/493/493 429/429/429
f 493/493/493 487/487/487 429/429/429
f 435/435/435 434/434/434 436/436/436
f 434/434/434 491/491/491 436/436/436
f 492/492/492 372/372/372 438/438/438
f 494/494/494 492/492/492 438/438/438
f 436/436/436 495/495/495 437/437/437
f 436/436/436 491/491/491 495/495/495
f 496/496/496 438/438/438 378/378/378
f 496/496/496 494/494/494 438/438/438
f 497/497/497 494/494/494 496/496/496
f 439/439/439 498/498/498 440/440/440
f 439/439/439 437/437/437 498/498/498
f 437/437/437 499/499/499 498/498/498
f 437/437/437 495/495/495 499/499/499
f 500/500/500 496/496/496 378/378/378
f 441/441/441 500/500/500 378/378/378
f 500/500/500 441/441/441 501/501/501
f 501/501/501 441/441/441 444/444/444
f 440/440/440 502/502/502 443/443/443
f 502/502/502 440/440/440 503/503/503
f 440/440/440 498/498/498 503/503/503
f 498/498/498 499/499/499 503/503/503
f 502/502/502 503/503/503 504/504/504
f 505/505/505 444/444/444 445/445/445
f 501/501/501 444/444/444 505/505/505
f 446/446/446 443/443/443 506/506/506
f 443/443/443 502/502/502 506/506/506
f 506/506/506 502/502/502 504/504/504
f 506/506/506 504/504/504 507/507/507
f 451/451/451 508/508/508 447/447/447
f 508/508/508 445/445/445 447/447/447
f 509/509/509 508/508/508 451/451/451
f 449/449/449 448/448/448 510/510/510
f 448/448/448 446/446/446 510/510/510
f 446/446/446 506/506/506 510/510/510
f 510/510/510 506/506/506 511/511/511
f 511/511/511 506/506/506 507/507/507
f 510/510/510 511/511/511 512/512/512
f 513/513/513 451/451/451 450/450/450
f 513/513/513 450/450/450 514/514/514
f 515/515/515 513/513/513 514/514/514
f 513/513/513 509/509/509 451/451/451
f 516/516/516 513/513/513 515/515/515
f 453/453/453 449/449/449 517/517/517
f 454/454/454 453/453/453 518/518/518
f 517/517/517 449/449/449 512/512/512
f 449/449/449 510/510/510 512/512/512
f 518/518/518 453/453/453 517/517/517
f 518/518/518 517/517/517 519/519/519
f 517/517/517 512/512/512 519/519/519
f 520/520/520 521/521/521 522/522/522
f 457/457/457 523/523/523 455/455/455
f 457/457/457 524/524/524 523/523/523
f 525/525/525 457/457/457 456/456/456
f 526/526/526 523/523/523 524/524/524
f 457/457/457 525/525/525 524/524/524
f 458/458/458 455/455/455 527/527/527
f 527/527/527 459/459/459 458/458/458
f 455/455/455 523/523/523 528/528/528
f 528/528/528 527/527/527 455/455/455
f 527/527/527 528/528/528 529/529/529
f 530/530/530 484/484/484 531/531/531
f 532/532/532 462/462/462 465/465/465
f 459/459/459 527/527/527 461/461/461
f 532/532/532 531/531/531 462/462/462
f 461/461/461 527/527/527 533/533/533
f 527/527/527 529/529/529 533/533/533
f 534/534/534 532/532/532 470/470/470
f 532/532/532 535/535/535 531/531/531
f 534/534/534 536/536/536 532/532/532
f 536/536/536 535/535/535 532/532/532
f 470/470/470 532/532/532 465/465/465
f 469/469/469 461/461/461 537/537/537
f 534/534/534 470/470/470 538/538/538
f 537/537/537 461/461/461 533/533/533
f 534/534/534 539/539/539 536/536/536
f 538/538/538 539/539/539 534/534/534
f 540/540/540 536/536/536 539/539/539
f 470/470/470 467/467/467 473/473/473
f 541/541/541 470/470/470 473/473/473
f 542/542/542 469/469/469 537/537/537
f 541/541/541 538/538/538 470/470/470
f 542/542/542 537/537/537 543/543/543
f 544/544/544 538/538/538 541/541/541
f 538/538/538 545/545/545 539/539/539
f 545/545/545 538/538/538 544/544/544
f 539/539/539 545/545/545 546/546/546
f 546/546/546 547/547/547 539/539/539
f 478/478/478 548/548/548 476/476/476
f 477/477/477 549/549/549 475/475/475
f 476/476/476 548/548/548 477/477/477
f 475/475/475 549/549/549 479/479/479
f 477/477/477 520/520/520 549/549/549
f 549/549/549 520/520/520 479/479/479
f 550/550/550 548/548/548 478/478/478
f 479/479/479 520/520/520 522/522/522
f 551/551/551 550/550/550 478/478/478
f 477/477/477 552/552/552 520/520/520
f 550/550/550 553/553/553 548/548/548
f 522/522/522 525/525/525 456/456/456
f 522/522/522 456/456/456 479/479/479
f 483/483/483 554/554/554 555/555/555
f 462/462/462 531/531/531 481/481/481
f 482/482/482 554/554/554 483/483/483
f 482/482/482 484/484/484 556/556/556
f 481/481/481 531/531/531 484/484/484
f 482/482/482 556/556/556 554/554/554
f 557/557/557 483/483/483 555/555/555
f 558/558/558 556/556/556 484/484/484
f 484/484/484 530/530/530 558/558/558
f 551/551/551 478/478/478 488/488/488
f 551/551/551 488/488/488 487/487/487
f 559/559/559 551/551/551 487/487/487
f 559/559/559 487/487/487 560/560/560
f 490/490/490 561/561/561 489/489/489
f 490/490/490 483/483/483 557/557/557
f 562/562/562 489/489/489 561/561/561
f 490/490/490 557/557/557 561/561/561
f 561/561/561 557/557/557 563/563/563
f 493/493/493 560/560/560 487/487/487
f 564/564/564 560/560/560 493/493/493
f 491/491/491 489/489/489 562/562/562
f 491/491/491 562/562/562 565/565/565
f 562/562/562 561/561/561 566/566/566
f 494/494/494 493/493/493 492/492/492
f 564/564/564 493/493/493 494/494/494
f 495/495/495 491/491/491 565/565/565
f 495/495/495 565/565/565 567/567/567
f 499/499/499 495/495/495 567/567/567
f 565/565/565 562/562/562 566/566/566
f 565/565/565 566/566/566 568/568/568
f 565/565/565 568/568/568 569/569/569
f 567/567/567 565/565/565 569/569/569
f 497/497/497 496/496/496 500/500/500
f 570/570/570 497/497/497 500/500/500
f 499/499/499 567/567/567 571/571/571
f 571/571/571 567/567/567 572/572/572
f 567/567/567 569/569/569 572/572/572
f 570/570/570 500/500/500 501/501/501
f 573/573/573 570/570/570 501/501/501
f 503/503/503 499/499/499 571/571/571
f 504/504/504 503/503/503 574/574/574
f 574/574/574 503/503/503 571/571/571
f 571/571/571 572/572/572 575/575/575
f 571/571/571 575/575/575 574/574/574
f 573/573/573 501/501/501 505/505/505
f 576/576/576 573/573/573 505/505/505
f 577/577/577 573/573/573 576/576/576
f 578/578/578 577/577/577 576/576/576
f 504/504/504 579/579/579 580/580/580
f 504/504/504 574/574/574 579/579/579
f 507/507/507 504/504/504 580/580/580
f 579/579/579 574/574/574 575/575/575
f 509/509/509 576/576/576 508/508/508
f 576/576/576 505/505/505 445/445/445
f 576/576/576 445/445/445 508/508/508
f 581/581/581 576/576/576 509/509/509
f 581/581/581 578/578/578 576/576/576
f 511/511/511 507/507/507 582/582/582
f 512/512/512 511/511/511 582/582/582
f 512/512/512 582/582/582 583/583/583
f 507/507/507 580/580/580 582/582/582
f 584/584/584 513/513/513 516/516/516
f 584/584/584 509/509/509 513/513/513
f 584/584/584 581/581/581 509/509/509
f 585/585/585 584/584/584 516/516/516
f 586/586/586 519/519/519 512/512/512
f 586/586/586 512/512/512 583/583/583
f 583/583/583 587/587/587 586/586/586
f 586/586/586 587/587/587 588/588/588
f 521/521/521 589/589/589 590/590/590
f 522/522/522 521/521/521 591/591/591
f 521/521/521 590/590/590 592/592/592
f 521/521/521 592/592/592 591/591/591
f 591/591/591 525/525/525 522/522/522
f 526/526/526 593/593/593 523/523/523
f 594/594/594 526/526/526 524/524/524
f 525/525/525 594/594/594 524/524/524
f 591/591/591 594/594/594 525/525/525
f 595/595/595 526/526/526 594/594/594
f 596/596/596 593/593/593 526/526/526
f 528/528/528 597/597/597 529/529/529
f 593/593/593 528/528/528 523/523/523
f 535/535/535 530/530/530 531/531/531
f 529/529/529 597/597/597 598/598/598
f 535/535/535 599/599/599 530/530/530
f 528/528/528 593/593/593 597/597/597
f 599/599/599 600/600/600 530/530/530
f 601/601/601 598/598/598 597/597/597
f 597/597/597 593/593/593 602/602/602
f 600/600/600 603/603/603 530/530/530
f 529/529/529 598/598/598 604/604/604
f 533/533/533 529/529/529 604/604/604
f 536/536/536 599/599/599 535/535/535
f 536/536/536 605/605/605 599/599/599
f 540/540/540 605/605/605 536/536/536
f 598/598/598 606/606/606 604/604/604
f 606/606/606 598/598/598 601/601/601
f 607/607/607 605/605/605 540/540/540
f 547/547/547 540/540/540 539/539/539
f 537/537/537 533/533/533 608/608/608
f 533/533/533 604/604/604 608/608/608
f 609/609/609 540/540/540 547/547/547
f 608/608/608 604/604/604 610/610/610
f 540/540/540 609/609/609 607/607/607
f 610/610/610 604/604/604 606/606/606
f 537/537/537 608/608/608 543/543/543
f 608/608/608 611/611/611 543/543/543
f 546/546/546 612/612/612 547/547/547
f 612/612/612 609/609/609 547/547/547
f 613/613/613 609/609/609 612/612/612
f 610/610/610 614/614/614 608/608/608
f 552/552/552 521/521/521 520/520/520
f 552/552/552 477/477/477 548/548/548
f 553/553/553 552/552/552 548/548/548
f 615/615/615 553/553/553 550/550/550
f 551/551/551 615/615/615 550/550/550
f 552/552/552 589/589/589 521/521/521
f 553/553/553 616/616/616 552/552/552
f 617/617/617 589/589/589 552/552/552
f 617/617/617 552/552/552 616/616/616
f 615/615/615 616/616/616 553/553/553
f 615/615/615 551/551/551 618/618/618
f 555/555/555 554/554/554 556/556/556
f 530/530/530 603/603/603 558/558/558
f 556/556/556 558/558/558 619/619/619
f 555/555/555 620/620/620 621/621/621
f 603/603/603 619/619/619 558/558/558
f 555/555/555 556/556/556 619/619/619
f 622/622/622 619/619/619 603/603/603
f 555/555/555 619/619/619 620/620/620
f 623/623/623 618/618/618 551/551/551
f 559/559/559 623/623/623 551/551/551
f 555/555/555 621/621/621 557/557/557
f 563/563/563 557/557/557 621/621/621
f 563/563/563 621/621/621 624/624/624
f 623/623/623 559/559/559 560/560/560
f 625/625/625 560/560/560 564/564/564
f 625/625/625 623/623/623 560/560/560
f 561/561/561 563/563/563 566/566/566
f 566/566/566 563/563/563 626/626/626
f 626/626/626 627/627/627 568/568/568
f 563/563/563 624/624/624 626/626/626
f 626/626/626 624/624/624 627/627/627
f 627/627/627 624/624/624 628/628/628
f 629/629/629 564/564/564 494/494/494
f 625/625/625 564/564/564 629/629/629
f 566/566/566 626/626/626 568/568/568
f 569/569/569 568/568/568 630/630/630
f 630/630/630 568/568/568 631/631/631
f 497/497/497 629/629/629 494/494/494
f 632/632/632 629/629/629 497/497/497
f 569/569/569 630/630/630 633/633/633
f 572/572/572 569/569/569 633/633/633
f 633/633/633 630/630/630 631/631/631
f 633/633/633 631/631/631 634/634/634
f 633/633/633 634/634/634 635/635/635
f 632/632/632 497/497/497 570/570/570
f 632/632/632 570/570/570 573/573/573
f 636/636/636 632/632/632 573/573/573
f 636/636/636 637/637/637 632/632/632
f 575/575/575 572/572/572 638/638/638
f 638/638/638 572/572/572 633/633/633
f 633/633/633 635/635/635 638/638/638
f 577/577/577 636/636/636 573/573/573
f 639/639/639 577/577/577 578/578/578
f 639/639/639 636/636/636 577/577/577
f 579/579/579 575/575/575 638/638/638
f 640/640/640 579/579/579 638/638/638
f 579/579/579 640/640/640 641/641/641
f 640/640/640 638/638/638 642/642/642
f 639/639/639 578/578/578 581/581/581
f 643/643/643 639/639/639 581/581/581
f 580/580/580 579/579/579 641/641/641
f 580/580/580 641/641/641 582/582/582
f 583/583/583 582/582/582 644/644/644
f 640/640/640 645/645/645 641/641/641
f 644/644/644 582/582/582 646/646/646
f 582/582/582 641/641/641 646/646/646
f 584/584/584 643/643/643 581/581/581
f 647/647/647 643/643/643 584/584/584
f 647/647/647 648/648/648 643/643/643
f 583/583/583 644/644/644 587/587/587
f 588/588/588 587/587/587 649/649/649
f 587/587/587 644/644/644 649/649/649
f 650/650/650 651/651/651 652/652/652
f 650/650/650 652/652/652 653/653/653
f 614/614/614 610/610/610 650/650/650
f 614/614/614 650/650/650 654/654/654
f 654/654/654 650/650/650 655/655/655
f 650/650/650 653/653/653 655/655/655
f 654/654/654 655/655/655 656/656/656
f 657/657/657 590/590/590 589/589/589
f 617/617/617 657/657/657 589/589/589
f 590/590/590 658/658/658 592/592/592
f 658/658/658 590/590/590 657/657/657
f 658/658/658 659/659/659 592/592/592
f 660/660/660 657/657/657 617/617/617
f 661/661/661 592/592/592 659/659/659
f 596/596/596 526/526/526 595/595/595
f 594/594/594 591/591/591 662/662/662
f 596/596/596 602/602/602 593/593/593
f 661/661/661 662/662/662 591/591/591
f 662/662/662 595/595/595 594/594/594
f 591/591/591 592/592/592 661/661/661
f 596/596/596 663/663/663 664/664/664
f 664/664/664 602/602/602 596/596/596
f 596/596/596 595/595/595 663/663/663
f 595/595/595 665/665/665 663/663/663
f 662/662/662 666/666/666 595/595/595
f 661/661/661 666/666/666 662/662/662
f 595/595/595 666/666/666 665/665/665
f 599/599/599 667/667/667 600/600/600
f 668/668/668 667/667/667 599/599/599
f 600/600/600 667/667/667 603/603/603
f 601/601/601 597/597/597 669/669/669
f 602/602/602 669/669/669 597/597/597
f 664/664/664 669/669/669 602/602/602
f 603/603/603 670/670/670 622/622/622
f 667/667/667 671/671/671 603/603/603
f 603/603/603 671/671/671 670/670/670
f 672/672/672 599/599/599 605/605/605
f 607/607/607 672/672/672 605/605/605
f 606/606/606 601/601/601 673/673/673
f 606/606/606 673/673/673 651/651/651
f 601/601/601 669/669/669 673/673/673
f 674/674/674 675/675/675 672/672/672
f 674/674/674 672/672/672 607/607/607
f 672/672/672 675/675/675 599/599/599
f 651/651/651 673/673/673 652/652/652
f 675/675/675 668/668/668 599/599/599
f 610/610/610 606/606/606 650/650/650
f 606/606/606 651/651/651 650/650/650
f 607/607/607 609/609/609 676/676/676
f 674/674/674 607/607/607 676/676/676
f 677/677/677 674/674/674 676/676/676
f 678/678/678 677/677/677 676/676/676
f 676/676/676 609/609/609 613/613/613
f 679/679/679 676/676/676 613/613/613
f 676/676/676 680/680/680 678/678/678
f 679/679/679 680/680/680 676/676/676
f 681/681/681 615/615/615 618/618/618
f 681/681/681 616/616/616 615/615/615
f 682/682/682 617/617/617 616/616/616
f 681/681/681 682/682/682 616/616/616
f 682/682/682 660/660/660 617/617/617
f 620/620/620 683/683/683 684/684/684
f 621/621/621 620/620/620 685/685/685
f 622/622/622 686/686/686 619/619/619
f 620/620/620 684/684/684 685/685/685
f 620/620/620 619/619/619 686/686/686
f 620/620/620 686/686/686 683/683/683
f 686/686/686 622/622/622 670/670/670
f 687/687/687 688/688/688 623/623/623
f 688/688/688 618/618/618 623/623/623
f 624/624/624 621/621/621 628/628/628
f 628/628/628 621/621/621 685/685/685
f 685/685/685 689/689/689 628/628/628
f 689/689/689 685/685/685 690/690/690
f 687/687/687 623/623/623 625/625/625
f 691/691/691 687/687/687 625/625/625
f 627/627/627 628/628/628 692/692/692
f 627/627/627 692/692/692 693/693/693
f 628/628/628 689/689/689 692/692/692
f 629/629/629 691/691/691 625/625/625
f 691/691/691 629/629/629 694/694/694
f 568/568/568 627/627/627 631/631/631
f 631/631/631 627/627/627 693/693/693
f 631/631/631 693/693/693 695/695/695
f 692/692/692 696/696/696 693/693/693
f 694/694/694 629/629/629 632/632/632
f 694/694/694 632/632/632 697/697/697
f 697/697/697 632/632/632 637/637/637
f 634/634/634 631/631/631 695/695/695
f 635/635/635 634/634/634 698/698/698
f 634/634/634 695/695/695 698/698/698
f 699/699/699 637/637/637 636/636/636
f 635/635/635 700/700/700 701/701/701
f 700/700/700 635/635/635 698/698/698
f 699/699/699 636/636/636 639/639/639
f 702/702/702 699/699/699 639/639/639
f 703/703/703 699/699/699 702/702/702
f 638/638/638 635/635/635 642/642/642
f 640/640/640 642/642/642 645/645/645
f 635/635/635 701/701/701 642/642/642
f 645/645/645 642/642/642 704/704/704
f 704/704/704 642/642/642 701/701/701
f 702/702/702 639/639/639 643/643/643
f 648/648/648 705/705/705 643/643/643
f 705/705/705 702/702/702 643/643/643
f 646/646/646 641/641/641 706/706/706
f 641/641/641 645/645/645 704/704/704
f 646/646/646 706/706/706 707/707/707
f 706/706/706 641/641/641 704/704/704
f 706/706/706 708/708/708 707/707/707
f 709/709/709 648/648/648 647/647/647
f 710/710/710 648/648/648 709/709/709
f 707/707/707 649/649/649 644/644/644
f 644/644/644 646/646/646 707/707/707
f 707/707/707 708/708/708 711/711/711
f 712/712/712 713/713/713 714/714/714
f 714/714/714 713/713/713 715/715/715
f 716/716/716 713/713/713 712/712/712
f 713/713/713 717/717/717 715/715/715
f 718/718/718 717/717/717 713/713/713
f 718/718/718 713/713/713 716/716/716
f 715/715/715 717/717/717 719/719/719
f 714/714/714 715/715/715 720/720/720
f 720/720/720 715/715/715 721/721/721
f 722/722/720 723/723/721 724/724/722
f 724/724/722 723/723/721 725/725/723
f 721/721/721 715/715/715 719/719/719
f 721/721/721 719/719/719 726/726/724
f 723/723/721 727/727/724 725/725/723
f 728/728/725 729/729/718 730/730/716
f 730/730/716 731/731/712 732/732/726
f 732/732/726 731/731/712 733/733/727
f 733/733/727 731/731/712 734/734/714
f 728/728/725 730/730/716 735/735/728
f 735/735/728 730/730/716 732/732/726
f 736/736/729 737/737/730 718/718/718
f 738/738/729 729/729/718 728/728/725
f 739/739/731 738/738/729 728/728/725
f 740/740/732 738/738/729 739/739/731
f 733/733/727 734/734/714 722/722/720
f 733/733/727 722/722/720 741/741/733
f 741/741/733 722/722/720 724/724/722
f 741/741/733 724/724/722 742/742/734
f 742/742/734 724/724/722 743/743/735
f 724/724/722 725/725/723 743/743/735
f 743/743/735 725/725/723 744/744/736
f 745/745/737 728/728/725 735/735/728
f 735/735/728 732/732/726 746/746/738
f 746/746/738 732/732/726 733/733/727
f 746/746/738 733/733/727 747/747/739
f 748/748/740 739/739/731 745/745/737
f 739/739/731 728/728/725 745/745/737
f 749/749/741 748/748/740 745/745/737
f 749/749/741 745/745/737 735/735/728
f 747/747/739 733/733/727 741/741/733
f 742/742/734 743/743/735 750/750/742
f 743/743/735 744/744/736 750/750/742
f 751/751/743 752/752/744 717/717/717
f 717/717/717 752/752/744 719/719/719
f 717/717/717 753/753/745 751/751/743
f 752/752/744 751/751/743 754/754/746
f 753/753/745 755/755/747 756/756/748
f 751/751/743 753/753/745 756/756/748
f 751/751/743 757/757/749 754/754/746
f 756/756/748 757/757/749 751/751/743
f 756/756/748 758/758/750 757/757/749
f 719/719/719 752/752/744 759/759/751
f 759/759/751 752/752/744 754/754/746
f 719/719/719 759/759/751 760/760/752
f 759/759/751 754/754/746 761/761/753
f 759/759/751 761/761/753 762/762/754
f 753/753/745 717/717/717 718/718/718
f 763/763/755 737/737/730 736/736/729
f 764/764/756 753/753/745 718/718/718
f 764/764/756 718/718/718 737/737/730
f 764/764/756 737/737/730 763/763/755
f 765/765/757 755/755/747 753/753/745
f 765/765/757 753/753/745 764/764/756
f 766/766/758 764/764/756 763/763/755
f 765/765/757 764/764/756 766/766/758
f 767/767/759 755/755/747 765/765/757
f 768/768/760 769/769/758 770/770/761
f 771/771/762 772/772/763 765/765/757
f 771/771/762 765/765/757 766/766/758
f 773/773/764 766/766/758 774/774/760
f 719/719/719 760/760/752 775/775/765
f 726/726/724 719/719/719 775/775/765
f 776/776/766 726/726/724 775/775/765
f 776/776/766 775/775/765 777/777/767
f 776/776/766 777/777/767 778/778/768
f 775/775/765 760/760/752 779/779/769
f 775/775/765 779/779/769 777/777/767
f 760/760/752 759/759/751 762/762/754
f 778/778/768 777/777/767 780/780/770
f 740/740/732 781/781/771 738/738/729
f 781/781/771 782/782/755 738/738/729
f 783/783/772 781/781/771 740/740/732
f 770/770/761 769/769/758 782/782/755
f 770/770/761 782/782/755 781/781/771
f 783/783/772 770/770/761 781/781/771
f 784/784/773 770/770/761 783/783/772
f 785/785/774 770/770/761 784/784/773
f 786/786/775 787/787/776 788/788/774
f 789/789/777 787/787/776 786/786/775
f 787/787/776 790/790/768 791/791/760
f 785/785/774 768/768/760 770/770/761
f 787/787/776 791/791/760 788/788/774
f 744/744/736 725/725/723 727/727/724
f 744/744/736 727/727/724 792/792/778
f 792/792/778 727/727/724 793/793/766
f 792/792/778 793/793/766 794/794/779
f 794/794/779 787/787/776 789/789/777
f 793/793/766 790/790/768 787/787/776
f 794/794/779 793/793/766 787/787/776
f 740/740/732 739/739/731 748/748/740
f 740/740/732 748/748/740 795/795/780
f 796/796/781 783/783/772 740/740/732
f 796/796/781 740/740/732 797/797/782
f 797/797/782 740/740/732 795/795/780
f 796/796/781 784/784/773 783/783/772
f 798/798/783 785/785/774 784/784/773
f 786/786/775 788/788/774 799/799/783
f 800/800/784 789/789/777 786/786/775
f 798/798/783 784/784/773 801/801/785
f 744/744/736 792/792/778 802/802/786
f 750/750/742 744/744/736 802/802/786
f 792/792/778 794/794/779 803/803/787
f 802/802/786 792/792/778 803/803/787
f 803/803/787 794/794/779 789/789/777
f 803/803/787 789/789/777 800/800/784
f 767/767/759 804/804/788 755/755/747
f 756/756/748 755/755/747 804/804/788
f 804/804/788 758/758/750 756/756/748
f 761/761/753 754/754/746 805/805/789
f 754/754/746 757/757/749 805/805/789
f 757/757/749 758/758/750 805/805/789
f 761/761/753 805/805/789 806/806/790
f 758/758/750 804/804/788 807/807/791
f 758/758/750 807/807/791 808/808/792
f 809/809/793 807/807/791 804/804/788
f 758/758/750 808/808/792 805/805/789
f 761/761/753 806/806/790 762/762/754
f 772/772/763 767/767/759 765/765/757
f 810/810/794 771/771/762 766/766/758
f 811/811/760 778/778/768 812/812/764
f 766/766/758 773/773/764 810/810/794
f 810/810/794 772/772/763 771/771/762
f 780/780/770 813/813/795 812/812/764
f 814/814/795 810/810/794 773/773/764
f 780/780/770 815/815/796 813/813/795
f 816/816/797 767/767/759 772/772/763
f 813/813/795 815/815/796 817/817/798
f 818/818/799 816/816/797 772/772/763
f 810/810/794 818/818/799 772/772/763
f 819/819/800 810/810/794 814/814/795
f 814/814/795 820/820/798 819/819/800
f 821/821/801 817/817/798 815/815/796
f 760/760/752 762/762/754 779/779/769
f 777/777/767 779/779/769 780/780/770
f 778/778/768 780/780/770 812/812/764
f 779/779/769 762/762/754 822/822/802
f 779/779/769 822/822/802 780/780/770
f 780/780/770 822/822/802 815/815/796
f 823/823/803 809/809/793 804/804/788
f 823/823/803 804/804/788 767/767/759
f 809/809/793 823/823/803 824/824/804
f 824/824/804 807/807/791 809/809/793
f 807/807/791 824/824/804 825/825/805
f 823/823/803 826/826/806 824/824/804
f 827/827/807 826/826/806 823/823/803
f 762/762/754 806/806/790 822/822/802
f 808/808/792 807/807/791 828/828/808
f 805/805/789 808/808/792 829/829/809
f 806/806/790 805/805/789 829/829/809
f 822/822/802 806/806/790 830/830/810
f 806/806/790 829/829/809 830/830/810
f 808/808/792 828/828/808 831/831/811
f 808/808/792 831/831/811 829/829/809
f 832/832/812 828/828/808 825/825/805
f 807/807/791 825/825/805 828/828/808
f 830/830/810 829/829/809 833/833/813
f 830/830/810 833/833/813 821/821/801
f 823/823/803 767/767/759 816/816/797
f 827/827/807 823/823/803 816/816/797
f 818/818/799 810/810/794 819/819/800
f 815/815/796 822/822/802 821/821/801
f 834/834/814 816/816/797 818/818/799
f 821/821/801 822/822/802 830/830/810
f 834/834/814 827/827/807 816/816/797
f 834/834/814 818/818/799 819/819/800
f 835/835/815 817/817/798 821/821/801
f 836/836/816 837/837/817 834/834/814
f 836/836/816 834/834/814 819/819/800
f 820/820/798 838/838/815 819/819/800
f 819/819/800 838/838/815 836/836/816
f 835/835/815 821/821/801 833/833/813
f 839/839/818 840/840/819 841/841/820
f 842/842/821 825/825/805 826/826/806
f 826/826/806 825/825/805 824/824/804
f 843/843/822 826/826/806 827/827/807
f 843/843/822 842/842/821 826/826/806
f 842/842/821 832/832/812 825/825/805
f 844/844/823 842/842/821 843/843/822
f 832/832/812 842/842/821 845/845/824
f 842/842/821 846/846/825 845/845/824
f 844/844/823 846/846/825 842/842/821
f 833/833/813 829/829/809 847/847/826
f 833/833/813 847/847/826 848/848/827
f 828/828/808 832/832/812 849/849/828
f 829/829/809 831/831/811 847/847/826
f 828/828/808 849/849/828 831/831/811
f 847/847/826 850/850/829 848/848/827
f 831/831/811 849/849/828 850/850/829
f 847/847/826 831/831/811 850/850/829
f 851/851/830 852/852/831 853/853/832
f 852/852/831 841/841/820 853/853/832
f 852/852/831 839/839/818 841/841/820
f 854/854/833 841/841/820 855/855/834
f 853/853/832 841/841/820 854/854/833
f 856/856/835 852/852/831 851/851/830
f 857/857/836 856/856/835 851/851/830
f 854/854/833 855/855/834 858/858/837
f 859/859/838 843/843/822 827/827/807
f 859/859/838 827/827/807 834/834/814
f 837/837/817 859/859/838 834/834/814
f 860/860/839 861/861/823 862/862/822
f 863/863/840 864/864/838 865/865/817
f 866/866/841 860/860/839 862/862/822
f 866/866/841 862/862/822 864/864/838
f 863/863/840 866/866/841 864/864/838
f 867/867/842 866/866/841 863/863/840
f 848/848/827 835/835/815 833/833/813
f 868/868/815 869/869/843 870/870/816
f 870/870/816 863/863/840 865/865/817
f 835/835/815 848/848/827 871/871/844
f 868/868/815 872/872/844 869/869/843
f 869/869/843 863/863/840 870/870/816
f 863/863/840 869/869/843 867/867/842
f 873/873/845 851/851/830 874/874/846
f 851/851/830 853/853/832 874/874/846
f 873/873/845 874/874/846 875/875/847
f 876/876/848 873/873/845 875/875/847
f 853/853/832 854/854/833 874/874/846
f 877/877/849 878/878/850 873/873/845
f 857/857/836 851/851/830 879/879/851
f 874/874/846 854/854/833 880/880/852
f 879/879/851 851/851/830 873/873/845
f 874/874/846 880/880/852 875/875/847
f 879/879/851 873/873/845 878/878/850
f 854/854/833 858/858/837 880/880/852
f 875/875/847 880/880/852 881/881/853
f 882/882/854 879/879/851 878/878/850
f 883/883/855 857/857/836 879/879/851
f 879/879/851 882/882/854 883/883/855
f 881/881/853 880/880/852 884/884/856
f 885/885/857 883/883/855 886/886/858
f 887/887/859 888/888/860 889/889/861
f 890/890/862 891/891/863 892/892/858
f 893/893/864 894/894/857 891/891/863
f 891/891/863 894/894/857 892/892/858
f 893/893/864 891/891/863 888/888/860
f 890/890/862 888/888/860 891/891/863
f 877/877/849 873/873/845 876/876/848
f 895/895/865 877/877/849 876/876/848
f 895/895/865 876/876/848 896/896/866
f 896/896/866 876/876/848 897/897/867
f 876/876/848 875/875/847 898/898/868
f 897/897/867 876/876/848 898/898/868
f 897/897/867 898/898/868 899/899/869
f 899/899/869 898/898/868 900/900/870
f 878/878/850 877/877/849 895/895/865
f 901/901/871 878/878/850 895/895/865
f 898/898/868 902/902/872 900/900/870
f 898/898/868 875/875/847 902/902/872
f 882/882/854 878/878/850 901/901/871
f 903/903/873 882/882/854 901/901/871
f 902/902/872 881/881/853 904/904/874
f 875/875/847 881/881/853 902/902/872
f 905/905/875 902/902/872 904/904/874
f 903/903/873 886/886/858 882/882/854
f 886/886/858 883/883/855 882/882/854
f 881/881/853 906/906/876 904/904/874
f 907/907/877 908/908/878 909/909/879
f 910/910/880 888/888/860 887/887/859
f 911/911/881 910/910/880 887/887/859
f 907/907/877 911/911/881 887/887/859
f 907/907/877 887/887/859 908/908/878
f 908/908/878 887/887/859 912/912/882
f 889/889/861 888/888/860 890/890/862
f 887/887/859 889/889/861 912/912/882
f 889/889/861 890/890/862 912/912/882
f 913/913/883 890/890/862 914/914/884
f 912/912/882 890/890/862 913/913/883
f 896/896/866 897/897/867 915/915/885
f 916/916/886 896/896/866 917/917/887
f 917/917/887 896/896/866 915/915/885
f 897/897/867 899/899/869 915/915/885
f 916/916/886 895/895/865 896/896/866
f 901/901/871 895/895/865 916/916/886
f 915/915/885 899/899/869 918/918/888
f 919/919/889 901/901/871 916/916/886
f 918/918/888 899/899/869 920/920/890
f 920/920/890 900/900/870 921/921/891
f 920/920/890 899/899/869 900/900/870
f 900/900/870 902/902/872 922/922/892
f 923/923/893 903/903/873 901/901/871
f 921/921/891 900/900/870 922/922/892
f 890/890/862 892/892/858 924/924/873
f 922/922/892 902/902/872 905/905/875
f 890/890/862 924/924/873 914/914/884
f 914/914/884 924/924/873 925/925/893
f 905/905/875 904/904/874 926/926/894
f 922/922/892 905/905/875 927/927/895
f 927/927/895 905/905/875 928/928/896
f 929/929/897 930/930/898 931/931/899
f 932/932/900 929/929/897 931/931/899
f 932/932/900 931/931/899 933/933/901
f 930/930/898 934/934/902 931/931/899
f 930/930/898 929/929/897 935/935/903
f 931/931/899 934/934/902 936/936/904
f 931/931/899 936/936/904 937/937/905
f 930/930/898 938/938/906 939/939/907
f 930/930/898 939/939/907 936/936/904
f 930/930/898 936/936/904 934/934/902
f 940/940/908 930/930/898 941/941/909
f 942/942/910 941/941/909 943/943/911
f 944/944/912 945/945/913 946/946/914
f 947/947/915 945/945/913 944/944/912
f 948/948/916 949/949/917 950/950/918
f 839/839/818 951/951/919 840/840/819
f 841/841/820 840/840/819 952/952/920
f 951/951/919 932/932/900 840/840/819
f 935/935/903 951/951/919 839/839/818
f 953/953/921 935/935/903 839/839/818
f 951/951/919 929/929/897 932/932/900
f 840/840/819 932/932/900 933/933/901
f 952/952/920 840/840/819 933/933/901
f 935/935/903 929/929/897 951/951/919
f 952/952/920 933/933/901 954/954/922
f 954/954/922 933/933/901 955/955/923
f 941/941/909 930/930/898 935/935/903
f 933/933/901 931/931/899 937/937/905
f 941/941/909 935/935/903 953/953/921
f 956/956/924 941/941/909 953/953/921
f 957/957/925 946/946/914 956/956/924
f 955/955/923 933/933/901 958/958/926
f 937/937/905 958/958/926 933/933/901
f 941/941/909 956/956/924 943/943/911
f 946/946/914 943/943/911 956/956/924
f 957/957/925 944/944/912 946/946/914
f 955/955/923 958/958/926 948/948/916
f 958/958/926 959/959/927 960/960/928
f 937/937/905 959/959/927 958/958/926
f 949/949/917 948/948/916 958/958/926
f 49/49/49 17/17/17 961/961/929
f 17/17/17 18/18/18 961/961/929
f 961/961/929 18/18/18 19/19/19
f 961/961/929 19/19/19 962/962/930
f 49/49/49 962/962/930 963/963/931
f 962/962/930 964/964/932 963/963/931
f 964/964/932 965/965/933 963/963/931
f 49/49/49 961/961/929 962/962/930
f 962/962/930 966/966/934 964/964/932
f 967/967/935 968/968/936 969/969/937
f 968/968/936 970/970/825 969/969/937
f 967/967/935 965/965/933 968/968/936
f 963/963/931 965/965/933 967/967/935
f 966/966/934 971/971/938 968/968/936
f 965/965/933 966/966/934 968/968/936
f 964/964/932 966/966/934 965/965/933
f 966/966/934 972/972/939 971/971/938
f 832/832/812 845/845/824 973/973/940
f 849/849/828 832/832/812 973/973/940
f 969/969/937 970/970/825 861/861/823
f 967/967/935 969/969/937 860/860/839
f 969/969/937 861/861/823 860/860/839
f 845/845/824 974/974/941 973/973/940
f 846/846/825 975/975/942 845/845/824
f 974/974/941 845/845/824 975/975/942
f 968/968/936 971/971/938 970/970/825
f 976/976/938 975/975/942 846/846/825
f 975/975/942 976/976/938 977/977/943
f 974/974/941 975/975/942 977/977/943
f 977/977/943 976/976/938 947/947/915
f 978/978/944 979/979/945 980/980/946
f 979/979/945 978/978/944 981/981/947
f 972/972/939 982/982/915 971/971/938
f 978/978/944 980/980/946 983/983/948
f 978/978/944 983/983/948 984/984/949
f 848/848/827 850/850/829 985/985/950
f 850/850/829 849/849/828 973/973/940
f 973/973/940 974/974/941 850/850/829
f 985/985/950 850/850/829 986/986/951
f 987/987/952 985/985/950 986/986/951
f 987/987/952 986/986/951 988/988/953
f 850/850/829 974/974/941 986/986/951
f 986/986/951 944/944/912 988/988/953
f 944/944/912 957/957/925 988/988/953
f 989/989/954 990/990/955 991/991/956
f 986/986/951 974/974/941 977/977/943
f 986/986/951 977/977/943 944/944/912
f 947/947/915 944/944/912 977/977/943
f 992/992/957 948/948/916 989/989/954
f 989/989/954 948/948/916 990/990/955
f 841/841/820 952/952/920 855/855/834
f 856/856/835 953/953/921 839/839/818
f 856/856/835 839/839/818 852/852/831
f 855/855/834 954/954/922 858/858/837
f 988/988/953 856/856/835 857/857/836
f 987/987/952 988/988/953 857/857/836
f 858/858/837 954/954/922 955/955/923
f 858/858/837 955/955/923 993/993/958
f 884/884/856 858/858/837 993/993/958
f 956/956/924 953/953/921 856/856/835
f 855/855/834 952/952/920 954/954/922
f 957/957/925 956/956/924 988/988/953
f 988/988/953 956/956/924 856/856/835
f 993/993/958 955/955/923 992/992/957
f 993/993/958 992/992/957 989/989/954
f 992/992/957 955/955/923 948/948/916
f 48/48/48 994/994/959 46/46/46
f 995/995/960 996/996/961 51/51/51
f 997/997/962 52/52/52 51/51/51
f 996/996/961 997/997/962 51/51/51
f 994/994/959 963/963/931 998/998/963
f 999/999/964 994/994/959 998/998/963
f 994/994/959 48/48/48 49/49/49
f 963/963/931 994/994/959 49/49/49
f 1000/1000/965 996/996/961 995/995/960
f 1001/1001/966 997/997/962 1000/1000/965
f 1000/1000/965 997/997/962 996/996/961
f 997/997/962 1001/1001/966 1002/1002/967
f 1003/1003/968 1004/1004/969 1005/1005/970
f 999/999/964 1003/1003/968 1005/1005/970
f 963/963/931 967/967/935 1003/1003/968
f 998/998/963 963/963/931 1003/1003/968
f 999/999/964 998/998/963 1003/1003/968
f 1006/1006/971 1007/1007/972 1000/1000/965
f 1008/1008/973 1006/1006/971 1000/1000/965
f 1009/1009/974 1007/1007/972 1006/1006/971
f 1010/1010/975 1001/1001/966 1000/1000/965
f 1007/1007/972 1010/1010/975 1000/1000/965
f 984/984/949 1011/1011/976 1001/1001/966
f 1010/1010/975 984/984/949 1001/1001/966
f 1012/1012/977 860/860/839 866/866/841
f 1012/1012/977 866/866/841 867/867/842
f 1013/1013/978 1012/1012/977 867/867/842
f 1005/1005/970 1004/1004/969 1013/1013/978
f 1005/1005/970 1013/1013/978 1014/1014/979
f 1014/1014/979 1013/1013/978 893/893/864
f 1012/1012/977 967/967/935 860/860/839
f 1004/1004/969 967/967/935 1012/1012/977
f 1004/1004/969 1012/1012/977 1013/1013/978
f 1003/1003/968 967/967/935 1004/1004/969
f 1009/1009/974 981/981/947 1007/1007/972
f 1015/1015/980 981/981/947 1009/1009/974
f 981/981/947 978/978/944 1007/1007/972
f 1010/1010/975 1007/1007/972 978/978/944
f 984/984/949 1010/1010/975 978/978/944
f 871/871/844 848/848/827 985/985/950
f 871/871/844 985/985/950 1016/1016/981
f 867/867/842 869/869/843 872/872/844
f 867/867/842 872/872/844 1017/1017/981
f 1016/1016/981 987/987/952 885/885/857
f 867/867/842 1017/1017/981 1013/1013/978
f 885/885/857 857/857/836 883/883/855
f 1013/1013/978 1017/1017/981 894/894/857
f 894/894/857 893/893/864 1013/1013/978
f 1016/1016/981 985/985/950 987/987/952
f 1018/1018/982 993/993/958 991/991/956
f 1018/1018/982 991/991/956 1019/1019/983
f 993/993/958 989/989/954 991/991/956
f 1015/1015/980 991/991/956 981/981/947
f 1019/1019/983 991/991/956 1015/1015/980
f 990/990/955 981/981/947 991/991/956
f 981/981/947 990/990/955 979/979/945
f 884/884/856 880/880/852 858/858/837
f 885/885/857 987/987/952 857/857/836
f 881/881/853 884/884/856 1018/1018/982
f 881/881/853 1018/1018/982 906/906/876
f 1018/1018/982 884/884/856 993/993/958
f 1020/1020/984 906/906/876 1018/1018/982
f 46/46/46 994/994/959 1021/1021/985
f 47/47/47 46/46/46 1021/1021/985
f 47/47/47 1021/1021/985 73/73/73
f 1022/1022/986 76/76/76 75/75/75
f 1022/1022/986 1023/1023/987 76/76/76
f 1024/1024/988 1023/1023/987 1022/1022/986
f 995/995/960 51/51/51 50/50/50
f 76/76/76 995/995/960 50/50/50
f 1023/1023/987 995/995/960 76/76/76
f 73/73/73 1021/1021/985 1025/1025/989
f 1021/1021/985 994/994/959 999/999/964
f 1021/1021/985 999/999/964 1025/1025/989
f 999/999/964 911/911/881 1025/1025/989
f 1026/1026/990 1008/1008/973 1023/1023/987
f 1026/1026/990 1023/1023/987 1024/1024/988
f 1027/1027/991 1026/1026/990 1024/1024/988
f 1008/1008/973 1000/1000/965 995/995/960
f 1008/1008/973 995/995/960 1023/1023/987
f 1005/1005/970 1014/1014/979 1028/1028/992
f 1028/1028/992 1014/1014/979 910/910/880
f 911/911/881 1028/1028/992 910/910/880
f 1028/1028/992 999/999/964 1005/1005/970
f 999/999/964 1028/1028/992 911/911/881
f 1029/1029/993 1030/1030/994 1031/1031/995
f 1031/1031/995 1030/1030/994 1032/1032/996
f 1026/1026/990 1006/1006/971 1008/1008/973
f 1006/1006/971 1026/1026/990 1030/1030/994
f 1030/1030/994 1026/1026/990 1032/1032/996
f 1032/1032/996 1026/1026/990 1027/1027/991
f 1014/1014/979 893/893/864 888/888/860
f 888/888/860 910/910/880 1014/1014/979
f 1033/1033/997 1029/1029/993 1031/1031/995
f 1034/1034/998 1029/1029/993 1033/1033/997
f 1035/1035/999 1034/1034/998 1033/1033/997
f 1029/1029/993 1009/1009/974 1030/1030/994
f 1009/1009/974 1029/1029/993 1034/1034/998
f 1009/1009/974 1006/1006/971 1030/1030/994
f 1020/1020/984 1018/1018/982 1019/1019/983
f 1036/1036/1000 1019/1019/983 1035/1035/999
f 1020/1020/984 1019/1019/983 1036/1036/1000
f 926/926/894 1020/1020/984 1036/1036/1000
f 1035/1035/999 1019/1019/983 1015/1015/980
f 1015/1015/980 1009/1009/974 1034/1034/998
f 1035/1035/999 1015/1015/980 1034/1034/998
f 926/926/894 906/906/876 1020/1020/984
f 904/904/874 906/906/876 926/926/894
f 102/102/102 1022/1022/986 101/101/101
f 1037/1037/1001 1022/1022/986 102/102/102
f 1037/1037/1001 102/102/102 1038/1038/1002
f 1022/1022/986 75/75/75 101/101/101
f 73/73/73 1025/1025/989 100/100/100
f 100/100/100 1025/1025/989 907/907/877
f 100/100/100 907/907/877 909/909/879
f 1037/1037/1001 1024/1024/988 1022/1022/986
f 1039/1039/1003 1024/1024/988 1037/1037/1001
f 1040/1040/1004 1039/1039/1003 1037/1037/1001
f 1027/1027/991 1024/1024/988 1039/1039/1003
f 907/907/877 1025/1025/989 911/911/881
f 1041/1041/1005 1042/1042/1006 1043/1043/1007
f 1032/1032/996 1027/1027/991 1039/1039/1003
f 1031/1031/995 1032/1032/996 1042/1042/1006
f 1042/1042/1006 1032/1032/996 1039/1039/1003
f 1043/1043/1007 1042/1042/1006 1039/1039/1003
f 1042/1042/1006 1033/1033/997 1031/1031/995
f 1041/1041/1005 1033/1033/997 1042/1042/1006
f 1044/1044/1008 1033/1033/997 1041/1041/1005
f 905/905/875 926/926/894 928/928/896
f 1036/1036/1000 1035/1035/999 1033/1033/997
f 1044/1044/1008 1036/1036/1000 1033/1033/997
f 928/928/896 926/926/894 1036/1036/1000
f 928/928/896 1036/1036/1000 1044/1044/1008
f 1045/1045/1009 1046/1046/1010 1047/1047/1011
f 1048/1048/1012 1045/1045/1009 1047/1047/1011
f 1049/1049/910 1050/1050/1013 1051/1051/1014
f 939/939/907 938/938/906 1052/1052/1015
f 1053/1053/1016 936/936/904 939/939/907
f 939/939/907 1052/1052/1015 1053/1053/1016
f 1054/1054/1017 1052/1052/1015 938/938/906
f 1053/1053/1016 1055/1055/1018 936/936/904
f 1054/1054/1017 1056/1056/1009 1052/1052/1015
f 1057/1057/1019 1058/1058/1020 1059/1059/1017
f 1055/1055/1018 1060/1060/1021 1061/1061/1022
f 1053/1053/1016 1060/1060/1021 1055/1055/1018
f 1052/1052/1015 1056/1056/1009 1062/1062/1012
f 1052/1052/1015 1062/1062/1012 1053/1053/1016
f 1058/1058/1020 1045/1045/1009 1059/1059/1017
f 1051/1051/1014 1057/1057/1019 1049/1049/910
f 1053/1053/1016 1062/1062/1012 1060/1060/1021
f 1061/1061/1022 1060/1060/1021 1063/1063/1023
f 1057/1057/1019 1064/1064/1024 1058/1058/1020
f 1051/1051/1014 1064/1064/1024 1057/1057/1019
f 1065/1065/1025 1063/1063/1023 1060/1060/1021
f 1063/1063/1023 1066/1066/1026 1061/1061/1022
f 1067/1067/1027 120/120/120 1068/1068/1028
f 1068/1068/1028 120/120/120 121/121/121
f 123/123/123 1069/1069/1029 121/121/121
f 121/121/121 1069/1069/1029 1068/1068/1028
f 1067/1067/1027 1068/1068/1028 1070/1070/1030
f 1070/1070/1030 1068/1068/1028 1071/1071/1031
f 1068/1068/1028 1072/1072/1032 1071/1071/1031
f 1069/1069/1029 1072/1072/1032 1068/1068/1028
f 1073/1073/1033 1074/1074/1034 1075/1075/1035
f 1070/1070/1030 1071/1071/1031 1076/1076/1036
f 1076/1076/1036 1071/1071/1031 1077/1077/1037
f 1072/1072/1032 1077/1077/1037 1071/1071/1031
f 1073/1073/1033 1078/1078/1038 1079/1079/1039
f 1080/1080/1040 1081/1081/1041 1082/1082/1042
f 1082/1082/1042 1081/1081/1041 1083/1083/1043
f 1081/1081/1041 1076/1076/1036 1083/1083/1043
f 1076/1076/1036 1077/1077/1037 1083/1083/1043
f 1084/1084/1044 1085/1085/1045 1079/1079/1039
f 1086/1086/1046 1085/1085/1045 1084/1084/1044
f 1077/1077/1037 1087/1087/1047 1083/1083/1043
f 1088/1088/1048 1089/1089/1049 1085/1085/1045
f 1090/1090/1042 1091/1091/1050 945/945/913
f 945/945/913 1091/1091/1050 946/946/914
f 1082/1082/1042 1050/1050/1013 1092/1092/1050
f 1093/1093/1051 1094/1094/1052 1095/1095/1053
f 1092/1092/1050 1050/1050/1013 1049/1049/910
f 1082/1082/1042 1083/1083/1043 1050/1050/1013
f 1095/1095/1053 1094/1094/1052 1086/1086/1046
f 1094/1094/1052 1088/1088/1048 1086/1086/1046
f 1087/1087/1047 1051/1051/1014 1083/1083/1043
f 1083/1083/1043 1051/1051/1014 1050/1050/1013
f 1086/1086/1046 1088/1088/1048 1085/1085/1045
f 1094/1094/1052 1066/1066/1026 1088/1088/1048
f 1091/1091/1050 942/942/910 943/943/911
f 942/942/910 940/940/908 941/941/909
f 946/946/914 1091/1091/1050 943/943/911
f 940/940/908 1054/1054/1017 938/938/906
f 930/930/898 940/940/908 938/938/906
f 937/937/905 936/936/904 959/959/927
f 1055/1055/1018 959/959/927 936/936/904
f 1093/1093/1051 960/960/928 959/959/927
f 959/959/927 1055/1055/1018 1093/1093/1051
f 1049/1049/910 1057/1057/1019 1059/1059/1017
f 942/942/910 1054/1054/1017 940/940/908
f 1093/1093/1051 1061/1061/1022 1094/1094/1052
f 1093/1093/1051 1055/1055/1018 1061/1061/1022
f 1061/1061/1022 1066/1066/1026 1094/1094/1052
f 148/148/148 1096/1096/1054 19/19/19
f 962/962/930 19/19/19 1096/1096/1054
f 148/148/148 1067/1067/1027 1096/1096/1054
f 148/148/148 120/120/120 1067/1067/1027
f 151/151/151 153/153/153 149/149/149
f 1097/1097/1055 153/153/153 151/151/151
f 153/153/153 1075/1075/1035 127/127/127
f 1075/1075/1035 125/125/125 127/127/127
f 962/962/930 1096/1096/1054 1098/1098/1056
f 962/962/930 1098/1098/1056 966/966/934
f 1070/1070/1030 1096/1096/1054 1067/1067/1027
f 1099/1099/1057 1097/1097/1055 1100/1100/1058
f 1075/1075/1035 153/153/153 1097/1097/1055
f 1097/1097/1055 1078/1078/1038 1075/1075/1035
f 1099/1099/1057 1078/1078/1038 1097/1097/1055
f 1073/1073/1033 1075/1075/1035 1078/1078/1038
f 1098/1098/1056 1101/1101/1059 972/972/939
f 1098/1098/1056 972/972/939 966/966/934
f 1098/1098/1056 1096/1096/1054 1070/1070/1030
f 1098/1098/1056 1081/1081/1041 1101/1101/1059
f 1070/1070/1030 1076/1076/1036 1081/1081/1041
f 1098/1098/1056 1070/1070/1030 1081/1081/1041
f 1100/1100/1058 1102/1102/1060 1099/1099/1057
f 1102/1102/1060 1084/1084/1044 1078/1078/1038
f 1099/1099/1057 1102/1102/1060 1078/1078/1038
f 1084/1084/1044 1079/1079/1039 1078/1078/1038
f 1101/1101/1059 1080/1080/1040 972/972/939
f 972/972/939 1080/1080/1040 982/982/915
f 1101/1101/1059 1081/1081/1041 1080/1080/1040
f 1103/1103/1061 1104/1104/1062 1102/1102/1060
f 1105/1105/1063 1104/1104/1062 1103/1103/1061
f 1102/1102/1060 983/983/948 980/980/946
f 1102/1102/1060 980/980/946 1103/1103/1061
f 1104/1104/1062 1086/1086/1046 1102/1102/1060
f 1086/1086/1046 1084/1084/1044 1102/1102/1060
f 945/945/913 947/947/915 1106/1106/1040
f 948/948/916 1105/1105/1063 990/990/955
f 948/948/916 950/950/918 1105/1105/1063
f 945/945/913 1106/1106/1040 1090/1090/1042
f 950/950/918 1095/1095/1053 1105/1105/1063
f 1105/1105/1063 1103/1103/1061 979/979/945
f 1105/1105/1063 1095/1095/1053 1104/1104/1062
f 1095/1095/1053 1086/1086/1046 1104/1104/1062
f 960/960/928 950/950/918 949/949/917
f 960/960/928 949/949/917 958/958/926
f 960/960/928 1093/1093/1051 1095/1095/1053
f 960/960/928 1095/1095/1053 950/950/918
f 171/171/171 52/52/52 997/997/962
f 1002/1002/967 171/171/171 997/997/962
f 1002/1002/967 1107/1107/1064 152/152/152
f 1002/1002/967 152/152/152 171/171/171
f 152/152/152 1107/1107/1064 151/151/151
f 1097/1097/1055 151/151/151 1107/1107/1064
f 1001/1001/966 1107/1107/1064 1002/1002/967
f 1001/1001/966 1011/1011/976 1107/1107/1064
f 1011/1011/976 1100/1100/1058 1107/1107/1064
f 1100/1100/1058 1097/1097/1055 1107/1107/1064
f 984/984/949 983/983/948 1011/1011/976
f 983/983/948 1100/1100/1058 1011/1011/976
f 983/983/948 1102/1102/1060 1100/1100/1058
f 979/979/945 1103/1103/1061 980/980/946
f 1105/1105/1063 979/979/945 990/990/955
f 1108/1108/1065 1109/1109/1066 1110/1110/1067
f 195/195/195 1111/1111/1068 226/226/226
f 226/226/226 1111/1111/1068 1112/1112/1069
f 1112/1112/1069 1113/1113/1070 1114/1114/1071
f 1115/1115/1072 1114/1114/1071 1116/1116/1073
f 1114/1114/1071 1113/1113/1070 1116/1116/1073
f 1117/1117/1074 1118/1118/1075 1119/1119/1076
f 1118/1118/1075 1117/1117/1074 1120/1120/1077
f 1121/1121/1078 1116/1116/1073 1117/1117/1074
f 1117/1117/1074 1116/1116/1073 1122/1122/1079
f 1122/1122/1079 1120/1120/1077 1117/1117/1074
f 1123/1123/1080 1124/1124/1081 1125/1125/1082
f 1124/1124/1081 1123/1123/1080 1126/1126/1083
f 1127/1127/1084 1125/1125/1082 1128/1128/1085
f 1129/1129/1086 1046/1046/1010 1045/1045/1009
f 1058/1058/1020 1129/1129/1086 1045/1045/1009
f 1048/1048/1012 1047/1047/1011 1130/1130/1087
f 1046/1046/1010 1131/1131/1088 1047/1047/1011
f 1046/1046/1010 1108/1108/1065 1131/1131/1088
f 1132/1132/1089 1129/1129/1086 1058/1058/1020
f 1118/1118/1075 1132/1132/1089 1058/1058/1020
f 1129/1129/1086 1108/1108/1065 1046/1046/1010
f 1131/1131/1088 1133/1133/1090 1047/1047/1011
f 1130/1130/1087 1047/1047/1011 1133/1133/1090
f 1134/1134/1090 1065/1065/1025 1135/1135/1087
f 1108/1108/1065 1110/1110/1067 1131/1131/1088
f 1118/1118/1075 1136/1136/1091 1132/1132/1089
f 1120/1120/1077 1136/1136/1091 1118/1118/1075
f 1065/1065/1025 1134/1134/1090 1126/1126/1083
f 1137/1137/1092 1126/1126/1083 1123/1123/1080
f 1110/1110/1067 1138/1138/1093 1131/1131/1088
f 1139/1139/1094 1129/1129/1086 1132/1132/1089
f 1133/1133/1090 1138/1138/1093 1140/1140/1095
f 1131/1131/1088 1138/1138/1093 1133/1133/1090
f 1133/1133/1090 1140/1140/1095 1141/1141/1083
f 123/123/123 225/225/225 1069/1069/1029
f 196/196/196 226/226/226 225/225/225
f 1142/1142/1096 1143/1143/1097 1144/1144/1098
f 1143/1143/1097 227/227/227 1144/1144/1098
f 227/227/227 292/292/292 223/223/223
f 1143/1143/1097 292/292/292 227/227/227
f 1072/1072/1032 225/225/225 1145/1145/1099
f 1072/1072/1032 1069/1069/1029 225/225/225
f 225/225/225 226/226/226 1145/1145/1099
f 1146/1146/1100 1142/1142/1096 1147/1147/1101
f 1147/1147/1101 1142/1142/1096 1144/1144/1098
f 226/226/226 1112/1112/1069 1145/1145/1099
f 1148/1148/1102 1143/1143/1097 1142/1142/1096
f 1149/1149/1103 1142/1142/1096 1146/1146/1100
f 1148/1148/1102 1142/1142/1096 1149/1149/1103
f 1072/1072/1032 1150/1150/1104 1077/1077/1037
f 1072/1072/1032 1145/1145/1099 1150/1150/1104
f 1121/1121/1078 1150/1150/1104 1115/1115/1072
f 1151/1151/1105 1146/1146/1100 1147/1147/1101
f 1145/1145/1099 1114/1114/1071 1115/1115/1072
f 1150/1150/1104 1145/1145/1099 1115/1115/1072
f 1152/1152/1106 1146/1146/1100 1151/1151/1105
f 1145/1145/1099 1112/1112/1069 1114/1114/1071
f 1152/1152/1106 1149/1149/1103 1146/1146/1100
f 1152/1152/1106 1153/1153/1107 1149/1149/1103
f 1152/1152/1106 1154/1154/1108 1153/1153/1107
f 1149/1149/1103 1153/1153/1107 1148/1148/1102
f 1121/1121/1078 1119/1119/1076 1087/1087/1047
f 1077/1077/1037 1150/1150/1104 1121/1121/1078
f 1087/1087/1047 1077/1077/1037 1121/1121/1078
f 1151/1151/1105 1155/1155/1109 1152/1152/1106
f 1128/1128/1085 1156/1156/1110 1127/1127/1084
f 1155/1155/1109 1156/1156/1110 1152/1152/1106
f 1127/1127/1084 1155/1155/1109 1089/1089/1049
f 1115/1115/1072 1116/1116/1073 1121/1121/1078
f 1156/1156/1110 1155/1155/1109 1127/1127/1084
f 1152/1152/1106 1156/1156/1110 1154/1154/1108
f 1156/1156/1110 1128/1128/1085 1154/1154/1108
f 1051/1051/1014 1119/1119/1076 1064/1064/1024
f 1119/1119/1076 1051/1051/1014 1087/1087/1047
f 1066/1066/1026 1063/1063/1023 1157/1157/1111
f 1157/1157/1111 1089/1089/1049 1066/1066/1026
f 1121/1121/1078 1117/1117/1074 1119/1119/1076
f 1119/1119/1076 1118/1118/1075 1064/1064/1024
f 1157/1157/1111 1137/1137/1092 1123/1123/1080
f 1157/1157/1111 1127/1127/1084 1089/1089/1049
f 1157/1157/1111 1125/1125/1082 1127/1127/1084
f 1157/1157/1111 1123/1123/1080 1125/1125/1082
f 1060/1060/1021 1135/1135/1087 1065/1065/1025
f 1062/1062/1012 1135/1135/1087 1060/1060/1021
f 1063/1063/1023 1137/1137/1092 1157/1157/1111
f 1063/1063/1023 1065/1065/1025 1137/1137/1092
f 1118/1118/1075 1058/1058/1020 1064/1064/1024
f 1126/1126/1083 1137/1137/1092 1065/1065/1025
f 1144/1144/1098 228/228/228 1074/1074/1034
f 228/228/228 125/125/125 1075/1075/1035
f 1074/1074/1034 228/228/228 1075/1075/1035
f 228/228/228 1144/1144/1098 227/227/227
f 1147/1147/1101 1144/1144/1098 1074/1074/1034
f 1147/1147/1101 1073/1073/1033 1079/1079/1039
f 1073/1073/1033 1147/1147/1101 1074/1074/1034
f 1151/1151/1105 1147/1147/1101 1079/1079/1039
f 1085/1085/1045 1155/1155/1109 1079/1079/1039
f 1089/1089/1049 1155/1155/1109 1085/1085/1045
f 1155/1155/1109 1151/1151/1105 1079/1079/1039
f 1066/1066/1026 1089/1089/1049 1088/1088/1048
f 291/291/291 346/346/346 1158/1158/1112
f 1159/1159/1113 1158/1158/1112 1160/1160/1114
f 1159/1159/1113 1160/1160/1114 1161/1161/1115
f 1162/1162/1116 1159/1159/1113 1161/1161/1115
f 1163/1163/1117 1164/1164/1118 1165/1165/1119
f 1166/1166/1120 1109/1109/1066 1108/1108/1065
f 1129/1129/1086 1139/1139/1094 1166/1166/1120
f 1166/1166/1120 1108/1108/1065 1129/1129/1086
f 1138/1138/1093 1110/1110/1067 1140/1140/1095
f 1110/1110/1067 1109/1109/1066 1167/1167/1121
f 1110/1110/1067 1167/1167/1121 1140/1140/1095
f 1139/1139/1094 1168/1168/1122 1166/1166/1120
f 1136/1136/1091 1169/1169/1123 1139/1139/1094
f 1109/1109/1066 1170/1170/1124 1167/1167/1121
f 1169/1169/1123 1165/1165/1119 1168/1168/1122
f 1139/1139/1094 1169/1169/1123 1168/1168/1122
f 1166/1166/1120 1170/1170/1124 1109/1109/1066
f 1167/1167/1121 1171/1171/1125 1140/1140/1095
f 1169/1169/1123 1163/1163/1117 1165/1165/1119
f 1172/1172/1126 1170/1170/1124 1166/1166/1120
f 1173/1173/1127 1174/1174/1128 1140/1140/1095
f 1140/1140/1095 1171/1171/1125 1173/1173/1127
f 1173/1173/1127 1175/1175/1129 1176/1176/1130
f 1173/1173/1127 1176/1176/1130 1174/1174/1128
f 195/195/195 289/289/289 1111/1111/1068
f 195/195/195 197/197/197 289/289/289
f 293/293/293 292/292/292 1148/1148/1102
f 1177/1177/1131 293/293/293 1148/1148/1102
f 293/293/293 1178/1178/1132 286/286/286
f 1178/1178/1132 293/293/293 1177/1177/1131
f 1153/1153/1107 1177/1177/1131 1148/1148/1102
f 1111/1111/1068 1179/1179/1133 1112/1112/1069
f 1111/1111/1068 289/289/289 1179/1179/1133
f 1112/1112/1069 1179/1179/1133 1159/1159/1113
f 1180/1180/1134 1181/1181/1135 1177/1177/1131
f 289/289/289 291/291/291 1158/1158/1112
f 1179/1179/1133 289/289/289 1158/1158/1112
f 1181/1181/1135 1178/1178/1132 1177/1177/1131
f 1112/1112/1069 1159/1159/1113 1113/1113/1070
f 1159/1159/1113 1182/1182/1136 1113/1113/1070
f 1153/1153/1107 1180/1180/1134 1177/1177/1131
f 1179/1179/1133 1158/1158/1112 1159/1159/1113
f 1180/1180/1134 1183/1183/1137 1181/1181/1135
f 1116/1116/1073 1113/1113/1070 1122/1122/1079
f 1113/1113/1070 1182/1182/1136 1122/1122/1079
f 1128/1128/1085 1184/1184/1138 1154/1154/1108
f 1154/1154/1108 1180/1180/1134 1153/1153/1107
f 1184/1184/1138 1180/1180/1134 1154/1154/1108
f 1184/1184/1138 1185/1185/1139 1180/1180/1134
f 1159/1159/1113 1162/1162/1116 1182/1182/1136
f 1185/1185/1139 1183/1183/1137 1180/1180/1134
f 1186/1186/1140 1185/1185/1139 1184/1184/1138
f 1183/1183/1137 1185/1185/1139 1186/1186/1140
f 1122/1122/1079 1182/1182/1136 1120/1120/1077
f 1125/1125/1082 1124/1124/1081 1187/1187/1141
f 1125/1125/1082 1184/1184/1138 1128/1128/1085
f 1125/1125/1082 1187/1187/1141 1184/1184/1138
f 1120/1120/1077 1182/1182/1136 1163/1163/1117
f 1162/1162/1116 1164/1164/1118 1182/1182/1136
f 1182/1182/1136 1164/1164/1118 1163/1163/1117
f 1188/1188/1142 1189/1189/1130 1124/1124/1081
f 1124/1124/1081 1189/1189/1130 1187/1187/1141
f 1187/1187/1141 1186/1186/1140 1184/1184/1138
f 1189/1189/1130 1186/1186/1140 1187/1187/1141
f 1189/1189/1130 1190/1190/1129 1186/1186/1140
f 1136/1136/1091 1139/1139/1094 1132/1132/1089
f 1126/1126/1083 1188/1188/1142 1124/1124/1081
f 1141/1141/1083 1140/1140/1095 1174/1174/1128
f 1126/1126/1083 1191/1191/1128 1188/1188/1142
f 1136/1136/1091 1120/1120/1077 1163/1163/1117
f 1163/1163/1117 1169/1169/1123 1136/1136/1091
f 1189/1189/1130 1188/1188/1142 1191/1191/1128
f 1148/1148/1102 292/292/292 1143/1143/1097
f 1172/1172/1126 1192/1192/1143 1170/1170/1124
f 1172/1172/1126 1193/1193/1144 1192/1192/1143
f 1193/1193/1144 1172/1172/1126 1194/1194/1145
f 1195/1195/1146 1194/1194/1145 1172/1172/1126
f 1196/1196/1147 1197/1197/1148 1198/1198/1149
f 1192/1192/1143 1193/1193/1144 1196/1196/1147
f 1199/1199/1150 1194/1194/1145 1195/1195/1146
f 1196/1196/1147 1193/1193/1144 1200/1200/1151
f 1201/1201/1152 1194/1194/1145 1199/1199/1150
f 291/291/291 290/290/290 346/346/346
f 1202/1202/1153 346/346/346 345/345/345
f 1203/1203/1154 347/347/347 366/366/366
f 345/345/345 1204/1204/1155 1202/1202/1153
f 1203/1203/1154 349/349/349 347/347/347
f 345/345/345 348/348/348 1204/1204/1155
f 1204/1204/1155 348/348/348 1205/1205/1156
f 349/349/349 1203/1203/1154 1206/1206/1157
f 1158/1158/1112 346/346/346 1160/1160/1114
f 346/346/346 1202/1202/1153 1160/1160/1114
f 1160/1160/1114 1207/1207/1158 1161/1161/1115
f 1160/1160/1114 1202/1202/1153 1207/1207/1158
f 1202/1202/1153 1204/1204/1155 1207/1207/1158
f 1208/1208/1159 1206/1206/1157 1203/1203/1154
f 1209/1209/1160 1206/1206/1157 1208/1208/1159
f 1210/1210/1161 1211/1211/1162 1161/1161/1115
f 1212/1212/1163 1208/1208/1159 1213/1213/1164
f 1161/1161/1115 1207/1207/1158 1210/1210/1161
f 1212/1212/1163 1214/1214/1165 1208/1208/1159
f 1207/1207/1158 1215/1215/1166 1210/1210/1161
f 1207/1207/1158 1216/1216/1167 1215/1215/1166
f 1211/1211/1162 1210/1210/1161 1215/1215/1166
f 1214/1214/1165 1209/1209/1160 1208/1208/1159
f 1161/1161/1115 1211/1211/1162 1162/1162/1116
f 1217/1217/1168 1218/1218/1169 1162/1162/1116
f 1211/1211/1162 1217/1217/1168 1162/1162/1116
f 1219/1219/1170 1220/1220/1171 1212/1212/1163
f 1219/1219/1170 1186/1186/1140 1220/1220/1171
f 1212/1212/1163 1220/1220/1171 1214/1214/1165
f 1215/1215/1166 1221/1221/1172 1211/1211/1162
f 1211/1211/1162 1221/1221/1172 1217/1217/1168
f 1164/1164/1118 1218/1218/1169 1165/1165/1119
f 1162/1162/1116 1218/1218/1169 1164/1164/1118
f 1190/1190/1129 1222/1222/1173 1186/1186/1140
f 1165/1165/1119 1218/1218/1169 1223/1223/1174
f 1175/1175/1129 1224/1224/1175 1225/1225/1173
f 1226/1226/1176 1224/1224/1175 1175/1175/1129
f 1224/1224/1175 1227/1227/1171 1225/1225/1173
f 1220/1220/1171 1186/1186/1140 1222/1222/1173
f 1224/1224/1175 1228/1228/1177 1227/1227/1171
f 1217/1217/1168 1221/1221/1172 1218/1218/1169
f 1221/1221/1172 1229/1229/1178 1218/1218/1169
f 1223/1223/1174 1218/1218/1169 1229/1229/1178
f 1168/1168/1122 1195/1195/1146 1166/1166/1120
f 1166/1166/1120 1195/1195/1146 1172/1172/1126
f 1167/1167/1121 1170/1170/1124 1171/1171/1125
f 1170/1170/1124 1192/1192/1143 1171/1171/1125
f 1223/1223/1174 1168/1168/1122 1165/1165/1119
f 1175/1175/1129 1173/1173/1127 1226/1226/1176
f 1223/1223/1174 1195/1195/1146 1168/1168/1122
f 1173/1173/1127 1198/1198/1149 1230/1230/1179
f 1171/1171/1125 1198/1198/1149 1173/1173/1127
f 1230/1230/1179 1226/1226/1176 1173/1173/1127
f 1171/1171/1125 1196/1196/1147 1198/1198/1149
f 1192/1192/1143 1196/1196/1147 1171/1171/1125
f 1223/1223/1174 1199/1199/1150 1195/1195/1146
f 1224/1224/1175 1230/1230/1179 1231/1231/1180
f 1230/1230/1179 1224/1224/1175 1226/1226/1176
f 1199/1199/1150 1223/1223/1174 1229/1229/1178
f 1197/1197/1148 1232/1232/1181 1198/1198/1149
f 1232/1232/1181 1231/1231/1180 1230/1230/1179
f 1232/1232/1181 1230/1230/1179 1198/1198/1149
f 1178/1178/1132 366/366/366 286/286/286
f 1203/1203/1154 366/366/366 1178/1178/1132
f 1203/1203/1154 1178/1178/1132 1213/1213/1164
f 1213/1213/1164 1178/1178/1132 1181/1181/1135
f 1208/1208/1159 1203/1203/1154 1213/1213/1164
f 1183/1183/1137 1219/1219/1170 1181/1181/1135
f 1212/1212/1163 1213/1213/1164 1181/1181/1135
f 1212/1212/1163 1181/1181/1135 1219/1219/1170
f 1186/1186/1140 1219/1219/1170 1183/1183/1137
f 1233/1233/1182 1234/1234/1183 1235/1235/1184
f 401/401/401 1205/1205/1156 348/348/348
f 1216/1216/1167 1205/1205/1156 401/401/401
f 1216/1216/1167 401/401/401 1236/1236/1185
f 1215/1215/1166 1216/1216/1167 1237/1237/1186
f 1216/1216/1167 1238/1238/1187 1237/1237/1186
f 1239/1239/1188 1215/1215/1166 1237/1237/1186
f 1236/1236/1185 1238/1238/1187 1216/1216/1167
f 1221/1221/1172 1215/1215/1166 1240/1240/1189
f 1215/1215/1166 1239/1239/1188 1240/1240/1189
f 1239/1239/1188 1241/1241/1190 1240/1240/1189
f 1242/1242/1191 1243/1243/1192 1244/1244/1193
f 1221/1221/1172 1245/1245/1194 1229/1229/1178
f 1246/1246/1195 1229/1229/1178 1245/1245/1194
f 1245/1245/1194 1221/1221/1172 1240/1240/1189
f 1241/1241/1190 1245/1245/1194 1240/1240/1189
f 1247/1247/1196 1248/1248/1197 1249/1249/1198
f 1250/1250/1199 1248/1248/1197 1247/1247/1196
f 1247/1247/1196 1251/1251/1200 1250/1250/1199
f 1194/1194/1145 1252/1252/1201 1200/1200/1151
f 1193/1193/1144 1194/1194/1145 1200/1200/1151
f 1201/1201/1152 1252/1252/1201 1194/1194/1145
f 1196/1196/1147 1200/1200/1151 1197/1197/1148
f 1199/1199/1150 1246/1246/1195 1201/1201/1152
f 1200/1200/1151 1253/1253/1202 1197/1197/1148
f 1252/1252/1201 1254/1254/1203 1200/1200/1151
f 1229/1229/1178 1246/1246/1195 1199/1199/1150
f 1247/1247/1196 1231/1231/1180 1232/1232/1181
f 1255/1255/1204 1247/1247/1196 1232/1232/1181
f 1197/1197/1148 1255/1255/1204 1232/1232/1181
f 1200/1200/1151 1254/1254/1203 1253/1253/1202
f 1247/1247/1196 1249/1249/1198 1231/1231/1180
f 1233/1233/1182 1253/1253/1202 1254/1254/1203
f 1234/1234/1183 1254/1254/1203 1252/1252/1201
f 1197/1197/1148 1253/1253/1202 1256/1256/1205
f 1254/1254/1203 1234/1234/1183 1233/1233/1182
f 1201/1201/1152 1257/1257/1206 1252/1252/1201
f 1258/1258/1207 1255/1255/1204 1197/1197/1148
f 1197/1197/1148 1256/1256/1205 1258/1258/1207
f 1257/1257/1206 1234/1234/1183 1252/1252/1201
f 1233/1233/1182 1259/1259/1208 1253/1253/1202
f 1201/1201/1152 1246/1246/1195 1257/1257/1206
f 1259/1259/1208 1256/1256/1205 1253/1253/1202
f 1255/1255/1204 1251/1251/1200 1247/1247/1196
f 1206/1206/1157 423/423/423 349/349/349
f 1260/1260/1209 423/423/423 1206/1206/1157
f 1260/1260/1209 424/424/424 423/423/423
f 1261/1261/1210 424/424/424 1260/1260/1209
f 425/425/425 424/424/424 1261/1261/1210
f 485/485/485 425/425/425 1261/1261/1210
f 1207/1207/1158 1204/1204/1155 1216/1216/1167
f 1216/1216/1167 1204/1204/1155 1205/1205/1156
f 1209/1209/1160 1260/1260/1209 1206/1206/1157
f 1260/1260/1209 1209/1209/1160 1262/1262/1211
f 1262/1262/1211 1261/1261/1210 1260/1260/1209
f 1262/1262/1211 1263/1263/1212 1261/1261/1210
f 1262/1262/1211 1209/1209/1160 1214/1214/1165
f 1214/1214/1165 1264/1264/1213 1262/1262/1211
f 1264/1264/1213 1263/1263/1212 1262/1262/1211
f 1264/1264/1213 1214/1214/1165 1220/1220/1171
f 1228/1228/1177 1265/1265/1213 1227/1227/1171
f 1264/1264/1213 1244/1244/1193 1263/1263/1212
f 1263/1263/1212 1244/1244/1193 1243/1243/1192
f 1228/1228/1177 1249/1249/1198 1266/1266/1214
f 1224/1224/1175 1249/1249/1198 1228/1228/1177
f 1231/1231/1180 1249/1249/1198 1224/1224/1175
f 1228/1228/1177 1266/1266/1214 1265/1265/1213
f 1248/1248/1197 1265/1265/1213 1266/1266/1214
f 1249/1249/1198 1248/1248/1197 1266/1266/1214
f 1248/1248/1197 1267/1267/1193 1265/1265/1213
f 1235/1235/1184 1268/1268/1215 1233/1233/1182
f 1268/1268/1215 1235/1235/1184 1269/1269/1216
f 1235/1235/1184 1270/1270/1217 1269/1269/1216
f 1271/1271/1218 1270/1270/1217 1235/1235/1184
f 1268/1268/1215 1269/1269/1216 1272/1272/1219
f 1269/1269/1216 1270/1270/1217 1273/1273/1220
f 1272/1272/1219 1269/1269/1216 1274/1274/1221
f 1236/1236/1185 401/401/401 1275/1275/1222
f 401/401/401 400/400/400 471/471/471
f 401/401/401 471/471/471 1275/1275/1222
f 1275/1275/1222 471/471/471 1276/1276/1223
f 1277/1277/1224 1275/1275/1222 1276/1276/1223
f 472/472/472 1278/1278/1225 473/473/473
f 471/471/471 469/469/469 542/542/542
f 1276/1276/1223 471/471/471 542/542/542
f 541/541/541 473/473/473 1278/1278/1225
f 1236/1236/1185 1275/1275/1222 1238/1238/1187
f 472/472/472 485/485/485 1243/1243/1192
f 1279/1279/1226 472/472/472 1243/1243/1192
f 1238/1238/1187 1275/1275/1222 1277/1277/1224
f 1280/1280/1227 472/472/472 1279/1279/1226
f 1278/1278/1225 472/472/472 1280/1280/1227
f 1281/1281/1228 1278/1278/1225 1280/1280/1227
f 1282/1282/1229 545/545/545 1278/1278/1225
f 1242/1242/1191 1279/1279/1226 1243/1243/1192
f 1237/1237/1186 1238/1238/1187 1283/1283/1230
f 1284/1284/1231 1280/1280/1227 1242/1242/1191
f 1280/1280/1227 1279/1279/1226 1242/1242/1191
f 1283/1283/1230 1238/1238/1187 1277/1277/1224
f 1281/1281/1228 1280/1280/1227 1284/1284/1231
f 1283/1283/1230 1277/1277/1224 1285/1285/1232
f 1286/1286/1233 1287/1287/1228 1288/1288/1231
f 1287/1287/1228 1286/1286/1233 1289/1289/1234
f 1290/1290/1235 1291/1291/1191 1267/1267/1193
f 1248/1248/1197 1290/1290/1235 1267/1267/1193
f 1239/1239/1188 1292/1292/1236 1241/1241/1190
f 1239/1239/1188 1283/1283/1230 1292/1292/1236
f 1241/1241/1190 1292/1292/1236 1293/1293/1237
f 1239/1239/1188 1237/1237/1186 1283/1283/1230
f 1291/1291/1191 1290/1290/1235 1288/1288/1231
f 1286/1286/1233 1288/1288/1231 1290/1290/1235
f 1294/1294/1238 1286/1286/1233 1290/1290/1235
f 1292/1292/1236 1283/1283/1230 1285/1285/1232
f 1295/1295/1239 1296/1296/1240 1292/1292/1236
f 1285/1285/1232 1295/1295/1239 1292/1292/1236
f 1297/1297/1241 1286/1286/1233 1294/1294/1238
f 1250/1250/1199 1290/1290/1235 1248/1248/1197
f 1251/1251/1200 1298/1298/1242 1250/1250/1199
f 1245/1245/1194 1241/1241/1190 1293/1293/1237
f 1294/1294/1238 1290/1290/1235 1250/1250/1199
f 1298/1298/1242 1294/1294/1238 1250/1250/1199
f 1251/1251/1200 1299/1299/1243 1298/1298/1242
f 1293/1293/1237 1292/1292/1236 1296/1296/1240
f 1294/1294/1238 1298/1298/1242 1300/1300/1244
f 1301/1301/1245 1300/1300/1244 1298/1298/1242
f 1257/1257/1206 1235/1235/1184 1234/1234/1183
f 1259/1259/1208 1258/1258/1207 1256/1256/1205
f 1233/1233/1182 1268/1268/1215 1259/1259/1208
f 1255/1255/1204 1302/1302/1246 1251/1251/1200
f 1255/1255/1204 1258/1258/1207 1302/1302/1246
f 1257/1257/1206 1271/1271/1218 1235/1235/1184
f 1272/1272/1219 1259/1259/1208 1268/1268/1215
f 1257/1257/1206 1303/1303/1247 1271/1271/1218
f 1246/1246/1195 1245/1245/1194 1303/1303/1247
f 1245/1245/1194 1293/1293/1237 1303/1303/1247
f 1257/1257/1206 1246/1246/1195 1303/1303/1247
f 1272/1272/1219 1258/1258/1207 1259/1259/1208
f 1293/1293/1237 1296/1296/1240 1303/1303/1247
f 1302/1302/1246 1299/1299/1243 1251/1251/1200
f 1258/1258/1207 1272/1272/1219 1302/1302/1246
f 1243/1243/1192 485/485/485 1261/1261/1210
f 1243/1243/1192 1261/1261/1210 1263/1263/1212
f 1273/1273/1220 1274/1274/1221 1269/1269/1216
f 1271/1271/1218 1304/1304/1248 1270/1270/1217
f 1273/1273/1220 1270/1270/1217 1305/1305/1249
f 1273/1273/1220 1306/1306/1250 1274/1274/1221
f 1304/1304/1248 1305/1305/1249 1270/1270/1217
f 1273/1273/1220 1305/1305/1249 1306/1306/1250
f 1274/1274/1221 1306/1306/1250 1307/1307/1251
f 1308/1308/1252 1304/1304/1248 1271/1271/1218
f 1272/1272/1219 1274/1274/1221 1309/1309/1253
f 1274/1274/1221 1307/1307/1251 1309/1309/1253
f 1310/1310/1254 1311/1311/1255 1308/1308/1252
f 1312/1312/1256 1304/1304/1248 1308/1308/1252
f 1311/1311/1255 1312/1312/1256 1308/1308/1252
f 1306/1306/1250 1305/1305/1249 1313/1313/1257
f 1306/1306/1250 1313/1313/1257 1307/1307/1251
f 544/544/544 541/541/541 1278/1278/1225
f 545/545/545 544/544/544 1278/1278/1225
f 1276/1276/1223 542/542/542 543/543/543
f 543/543/543 1314/1314/1258 1276/1276/1223
f 1282/1282/1229 546/546/546 545/545/545
f 1314/1314/1258 543/543/543 611/611/611
f 611/611/611 1315/1315/1259 1314/1314/1258
f 1314/1314/1258 1315/1315/1259 1316/1316/1260
f 1317/1317/1261 546/546/546 1282/1282/1229
f 1277/1277/1224 1276/1276/1223 1318/1318/1262
f 1281/1281/1228 1282/1282/1229 1278/1278/1225
f 1318/1318/1262 1276/1276/1223 1314/1314/1258
f 1319/1319/1234 1282/1282/1229 1281/1281/1228
f 1318/1318/1262 1314/1314/1258 1316/1316/1260
f 1319/1319/1234 1320/1320/1263 1282/1282/1229
f 1320/1320/1263 1317/1317/1261 1282/1282/1229
f 1321/1321/1264 1317/1317/1261 1320/1320/1263
f 1277/1277/1224 1318/1318/1262 1285/1285/1232
f 1297/1297/1241 1289/1289/1234 1286/1286/1233
f 1322/1322/1265 1285/1285/1232 1318/1318/1262
f 1289/1289/1234 1297/1297/1241 1323/1323/1263
f 1318/1318/1262 1324/1324/1266 1322/1322/1265
f 1325/1325/1267 1323/1323/1263 1297/1297/1241
f 1318/1318/1262 1316/1316/1260 1324/1324/1266
f 1285/1285/1232 1322/1322/1265 1295/1295/1239
f 1300/1300/1244 1297/1297/1241 1294/1294/1238
f 1301/1301/1245 1325/1325/1267 1297/1297/1241
f 1301/1301/1245 1297/1297/1241 1300/1300/1244
f 1295/1295/1239 1322/1322/1265 1326/1326/1268
f 1322/1322/1265 1324/1324/1266 1326/1326/1268
f 1301/1301/1245 1327/1327/1269 1325/1325/1267
f 1328/1328/1270 1325/1325/1267 1327/1327/1269
f 1299/1299/1243 1301/1301/1245 1298/1298/1242
f 1299/1299/1243 1329/1329/1271 1330/1330/1272
f 1299/1299/1243 1330/1330/1272 1301/1301/1245
f 1296/1296/1240 1295/1295/1239 1310/1310/1254
f 1329/1329/1271 1331/1331/1273 1330/1330/1272
f 1330/1330/1272 1327/1327/1269 1301/1301/1245
f 1329/1329/1271 1332/1332/1274 1331/1331/1273
f 1333/1333/1275 1327/1327/1269 1330/1330/1272
f 1331/1331/1273 1333/1333/1275 1330/1330/1272
f 1329/1329/1271 1334/1334/1276 1332/1332/1274
f 1295/1295/1239 1326/1326/1268 1310/1310/1254
f 1334/1334/1276 1335/1335/1277 1332/1332/1274
f 1308/1308/1252 1271/1271/1218 1303/1303/1247
f 1302/1302/1246 1329/1329/1271 1299/1299/1243
f 1303/1303/1247 1296/1296/1240 1310/1310/1254
f 1303/1303/1247 1310/1310/1254 1308/1308/1252
f 1302/1302/1246 1272/1272/1219 1336/1336/1278
f 1336/1336/1278 1329/1329/1271 1302/1302/1246
f 1272/1272/1219 1309/1309/1253 1336/1336/1278
f 1336/1336/1278 1334/1334/1276 1329/1329/1271
f 1336/1336/1278 1309/1309/1253 1334/1334/1276
f 1315/1315/1259 1337/1337/1279 1338/1338/1280
f 1339/1339/1281 1315/1315/1259 1338/1338/1280
f 1340/1340/1282 1339/1339/1281 1341/1341/1283
f 1342/1342/1284 1343/1343/1285 1340/1340/1282
f 1340/1340/1282 1341/1341/1283 1342/1342/1284
f 1310/1310/1254 1326/1326/1268 1311/1311/1255
f 1326/1326/1268 1343/1343/1285 1311/1311/1255
f 1311/1311/1255 1343/1343/1285 1344/1344/1286
f 1344/1344/1286 1343/1343/1285 1345/1345/1287
f 1343/1343/1285 1342/1342/1284 1345/1345/1287
f 1313/1313/1257 1305/1305/1249 1346/1346/1288
f 1304/1304/1248 1312/1312/1256 1347/1347/1289
f 1309/1309/1253 1307/1307/1251 1348/1348/1290
f 1307/1307/1251 1313/1313/1257 1349/1349/1291
f 1305/1305/1249 1304/1304/1248 1346/1346/1288
f 1307/1307/1251 1349/1349/1291 1348/1348/1290
f 1350/1350/1292 1351/1351/1293 1348/1348/1290
f 1313/1313/1257 1346/1346/1288 1352/1352/1294
f 1313/1313/1257 1353/1353/1295 1349/1349/1291
f 1311/1311/1255 1344/1344/1286 1312/1312/1256
f 1354/1354/1296 1350/1350/1292 1348/1348/1290
f 1348/1348/1290 1349/1349/1291 1354/1354/1296
f 1313/1313/1257 1352/1352/1294 1353/1353/1295
f 1347/1347/1289 1346/1346/1288 1304/1304/1248
f 1347/1347/1289 1355/1355/1297 1346/1346/1288
f 1352/1352/1294 1346/1346/1288 1356/1356/1298
f 1350/1350/1292 1357/1357/1299 1351/1351/1293
f 1356/1356/1298 1346/1346/1288 1358/1358/1300
f 1355/1355/1297 1358/1358/1300 1346/1346/1288
f 1349/1349/1291 1359/1359/1301 1354/1354/1296
f 1360/1360/1302 1350/1350/1292 1354/1354/1296
f 1354/1354/1296 1359/1359/1301 1360/1360/1302
f 546/546/546 1361/1361/1303 612/612/612
f 1361/1361/1303 613/613/613 612/612/612
f 1362/1362/1304 1361/1361/1303 546/546/546
f 608/608/608 614/614/614 611/611/611
f 611/611/611 614/614/614 1315/1315/1259
f 614/614/614 1337/1337/1279 1315/1315/1259
f 1321/1321/1264 546/546/546 1317/1317/1261
f 1316/1316/1260 1315/1315/1259 1339/1339/1281
f 1321/1321/1264 1362/1362/1304 546/546/546
f 1363/1363/1305 1364/1364/1304 1365/1365/1264
f 1324/1324/1266 1316/1316/1260 1340/1340/1282
f 1325/1325/1267 1365/1365/1264 1323/1323/1263
f 1340/1340/1282 1316/1316/1260 1339/1339/1281
f 1365/1365/1264 1325/1325/1267 1363/1363/1305
f 1328/1328/1270 1363/1363/1305 1325/1325/1267
f 1366/1366/1306 1363/1363/1305 1328/1328/1270
f 1364/1364/1304 1363/1363/1305 1366/1366/1306
f 1324/1324/1266 1340/1340/1282 1326/1326/1268
f 1333/1333/1275 1328/1328/1270 1327/1327/1269
f 1326/1326/1268 1340/1340/1282 1343/1343/1285
f 1367/1367/1307 1366/1366/1306 1328/1328/1270
f 1367/1367/1307 1328/1328/1270 1333/1333/1275
f 1335/1335/1277 1331/1331/1273 1332/1332/1274
f 1331/1331/1273 1367/1367/1307 1333/1333/1275
f 1331/1331/1273 1335/1335/1277 1368/1368/1308
f 1335/1335/1277 1369/1369/1309 1368/1368/1308
f 1335/1335/1277 1351/1351/1293 1357/1357/1299
f 1357/1357/1299 1369/1369/1309 1335/1335/1277
f 1368/1368/1308 1367/1367/1307 1331/1331/1273
f 1334/1334/1276 1348/1348/1290 1351/1351/1293
f 1334/1334/1276 1351/1351/1293 1335/1335/1277
f 1309/1309/1253 1348/1348/1290 1334/1334/1276
f 1337/1337/1279 614/614/614 654/654/654
f 1337/1337/1279 654/654/654 656/656/656
f 1338/1338/1280 1337/1337/1279 1370/1370/1310
f 1338/1338/1280 1370/1370/1310 1371/1371/1311
f 1341/1341/1283 1339/1339/1281 1338/1338/1280
f 1341/1341/1283 1338/1338/1280 1371/1371/1311
f 1341/1341/1283 1371/1371/1311 1372/1372/1312
f 1372/1372/1312 1371/1371/1311 1370/1370/1310
f 1342/1342/1284 1341/1341/1283 1373/1373/1313
f 1341/1341/1283 1372/1372/1312 1373/1373/1313
f 1342/1342/1284 1373/1373/1313 1345/1345/1287
f 1357/1357/1299 1374/1374/1314 1369/1369/1309
f 1375/1375/1315 1345/1345/1287 1373/1373/1313
f 1345/1345/1287 1375/1375/1315 1344/1344/1286
f 1375/1375/1315 1373/1373/1313 1376/1376/1316
f 1352/1352/1294 1356/1356/1298 1377/1377/1317
f 1352/1352/1294 1377/1377/1317 1353/1353/1295
f 1353/1353/1295 1377/1377/1317 1378/1378/1318
f 1353/1353/1295 1378/1378/1318 1349/1349/1291
f 1312/1312/1256 1344/1344/1286 1379/1379/1319
f 1380/1380/1320 1357/1357/1299 1350/1350/1292
f 1381/1381/1321 1358/1358/1300 1355/1355/1297
f 1355/1355/1297 1347/1347/1289 1381/1381/1321
f 1379/1379/1319 1347/1347/1289 1312/1312/1256
f 1380/1380/1320 1374/1374/1314 1357/1357/1299
f 1350/1350/1292 1360/1360/1302 1380/1380/1320
f 1347/1347/1289 1379/1379/1319 1382/1382/1322
f 1344/1344/1286 1375/1375/1315 1379/1379/1319
f 1347/1347/1289 1382/1382/1322 1381/1381/1321
f 1359/1359/1301 1349/1349/1291 1378/1378/1318
f 1383/1383/1323 1380/1380/1320 1360/1360/1302
f 1383/1383/1323 1374/1374/1314 1380/1380/1320
f 1384/1384/1324 1359/1359/1301 1378/1378/1318
f 1379/1379/1319 1375/1375/1315 1385/1385/1325
f 1379/1379/1319 1385/1385/1325 1386/1386/1326
f 1387/1387/1327 1383/1383/1323 1360/1360/1302
f 1361/1361/1303 679/679/679 613/613/613
f 1388/1388/1328 679/679/679 1361/1361/1303
f 1388/1388/1328 680/680/680 679/679/679
f 1389/1389/1329 1361/1361/1303 1362/1362/1304
f 1388/1388/1328 1361/1361/1303 1389/1389/1329
f 1390/1390/1330 1391/1391/1329 1392/1392/1331
f 1390/1390/1330 1393/1393/1328 1391/1391/1329
f 1392/1392/1331 1391/1391/1329 1364/1364/1304
f 1392/1392/1331 1364/1364/1304 1366/1366/1306
f 1394/1394/1332 1392/1392/1331 1366/1366/1306
f 1395/1395/1333 1394/1394/1332 1366/1366/1306
f 1396/1396/1334 1390/1390/1330 1392/1392/1331
f 1394/1394/1332 1396/1396/1334 1392/1392/1331
f 1395/1395/1333 1366/1366/1306 1367/1367/1307
f 1397/1397/1335 1394/1394/1332 1395/1395/1333
f 1368/1368/1308 1398/1398/1336 1395/1395/1333
f 1398/1398/1336 1397/1397/1335 1395/1395/1333
f 1368/1368/1308 1395/1395/1333 1367/1367/1307
f 1398/1398/1336 1368/1368/1308 1369/1369/1309
f 1374/1374/1314 1398/1398/1336 1369/1369/1309
f 1374/1374/1314 1399/1399/1337 1398/1398/1336
f 79/79/79 78/78/78 1400/1400/1338
f 1400/1400/1338 78/78/78 80/80/80
f 1401/1401/1339 79/79/79 1400/1400/1338
f 1402/1402/1340 81/81/81 79/79/79
f 82/82/82 81/81/81 1402/1402/1340
f 1402/1402/1340 79/79/79 1401/1401/1339
f 85/85/85 61/61/61 89/89/89
f 1403/1403/1341 89/89/89 1404/1404/1342
f 1403/1403/1341 85/85/85 89/89/89
f 86/86/86 84/84/84 85/85/85
f 1405/1405/1343 86/86/86 85/85/85
f 1405/1405/1343 85/85/85 1403/1403/1341
f 80/80/80 58/58/58 86/86/86
f 80/80/80 86/86/86 1405/1405/1343
f 88/88/88 87/87/87 94/94/94
f 1406/1406/1344 89/89/89 88/88/88
f 1406/1406/1344 88/88/88 94/94/94
f 1406/1406/1344 94/94/94 1407/1407/1345
f 1404/1404/1342 89/89/89 1406/1406/1344
f 1408/1408/1346 90/90/90 91/91/91
f 1409/1409/1347 1408/1408/1346 91/91/91
f 94/94/94 93/93/93 1410/1410/1348
f 1407/1407/1345 94/94/94 1410/1410/1348
f 1407/1407/1345 1410/1410/1348 1411/1411/1349
f 95/95/95 69/69/69 96/96/96
f 1412/1412/1350 95/95/95 96/96/96
f 96/96/96 90/90/90 1408/1408/1346
f 1413/1413/1351 96/96/96 1408/1408/1346
f 1414/1414/1352 93/93/93 97/97/97
f 1414/1414/1352 1410/1410/1348 93/93/93
f 1411/1411/1349 1410/1410/1348 1414/1414/1352
f 1415/1415/1353 98/98/98 99/99/99
f 1416/1416/1354 99/99/99 95/95/95
f 1415/1415/1353 99/99/99 1416/1416/1354
f 1416/1416/1354 95/95/95 1412/1412/1350
f 1417/1417/1355 1416/1416/1354 1412/1412/1350
f 1417/1417/1355 1415/1415/1353 1416/1416/1354
f 1418/1418/1356 97/97/97 100/100/100
f 1414/1414/1352 97/97/97 1418/1418/1356
f 1414/1414/1352 1418/1418/1356 1419/1419/1357
f 1038/1038/1002 102/102/102 98/98/98
f 1038/1038/1002 98/98/98 1415/1415/1353
f 1420/1420/1358 1038/1038/1002 1415/1415/1353
f 1420/1420/1358 1415/1415/1353 1417/1417/1355
f 1400/1400/1338 80/80/80 1421/1421/1359
f 1422/1422/1360 1402/1402/1340 1401/1401/1339
f 1401/1401/1339 1400/1400/1338 1423/1423/1361
f 1423/1423/1361 1400/1400/1338 1421/1421/1359
f 1401/1401/1339 1423/1423/1361 1424/1424/1362
f 1424/1424/1362 1423/1423/1361 1421/1421/1359
f 1425/1425/1363 1403/1403/1341 1404/1404/1342
f 1405/1405/1343 1403/1403/1341 1426/1426/1364
f 1421/1421/1359 1405/1405/1343 1426/1426/1364
f 80/80/80 1405/1405/1343 1421/1421/1359
f 1406/1406/1344 1407/1407/1345 1427/1427/1365
f 1427/1427/1365 1404/1404/1342 1406/1406/1344
f 1427/1427/1365 1407/1407/1345 1428/1428/1366
f 1404/1404/1342 1427/1427/1365 1425/1425/1363
f 1429/1429/1367 1408/1408/1346 1430/1430/1368
f 1430/1430/1368 1408/1408/1346 1409/1409/1347
f 1430/1430/1368 1409/1409/1347 1431/1431/1369
f 1407/1407/1345 1411/1411/1349 1432/1432/1370
f 1428/1428/1366 1407/1407/1345 1432/1432/1370
f 1428/1428/1366 1432/1432/1370 1433/1433/1371
f 1433/1433/1371 1427/1427/1365 1428/1428/1366
f 1412/1412/1350 96/96/96 1413/1413/1351
f 1412/1412/1350 1413/1413/1351 1434/1434/1372
f 1434/1434/1372 1413/1413/1351 1429/1429/1367
f 1434/1434/1372 1429/1429/1367 1435/1435/1373
f 1429/1429/1367 1413/1413/1351 1408/1408/1346
f 1429/1429/1367 1430/1430/1368 1436/1436/1374
f 1429/1429/1367 1436/1436/1374 1437/1437/1375
f 1411/1411/1349 1414/1414/1352 1438/1438/1376
f 1432/1432/1370 1411/1411/1349 1439/1439/1377
f 1411/1411/1349 1438/1438/1376 1439/1439/1377
f 1440/1440/1378 1432/1432/1370 1439/1439/1377
f 1417/1417/1355 1412/1412/1350 1434/1434/1372
f 1441/1441/1379 1417/1417/1355 1434/1434/1372
f 1442/1442/1380 1434/1434/1372 1435/1435/1373
f 1441/1441/1379 1434/1434/1372 1442/1442/1380
f 1442/1442/1380 1435/1435/1373 1437/1437/1375
f 1414/1414/1352 1419/1419/1357 1443/1443/1381
f 1438/1438/1376 1414/1414/1352 1443/1443/1381
f 1439/1439/1377 1438/1438/1376 1443/1443/1381
f 1444/1444/1382 1420/1420/1358 1417/1417/1355
f 1445/1445/1383 1420/1420/1358 1444/1444/1382
f 1444/1444/1382 1417/1417/1355 1441/1441/1379
f 1442/1442/1380 1444/1444/1382 1441/1441/1379
f 1446/1446/1384 1444/1444/1382 1442/1442/1380
f 1447/1447/1385 1444/1444/1382 1446/1446/1384
f 1426/1426/1364 1403/1403/1341 1448/1448/1386
f 1403/1403/1341 1425/1425/1363 1448/1448/1386
f 1449/1449/1387 1426/1426/1364 1448/1448/1386
f 1450/1450/1388 1449/1449/1387 1448/1448/1386
f 1421/1421/1359 1426/1426/1364 1451/1451/1389
f 1451/1451/1389 1426/1426/1364 1449/1449/1387
f 1452/1452/1390 1451/1451/1389 1449/1449/1387
f 1453/1453/1391 1425/1425/1363 1427/1427/1365
f 1453/1453/1391 1427/1427/1365 1433/1433/1371
f 1448/1448/1386 1425/1425/1363 1453/1453/1391
f 1450/1450/1388 1448/1448/1386 1453/1453/1391
f 1454/1454/1392 1453/1453/1391 1433/1433/1371
f 1450/1450/1388 1453/1453/1391 1454/1454/1392
f 1433/1433/1371 1432/1432/1370 1440/1440/1378
f 1433/1433/1371 1440/1440/1378 1455/1455/1393
f 1454/1454/1392 1433/1433/1371 1455/1455/1393
f 1455/1455/1393 1456/1456/1394 1454/1454/1392
f 1435/1435/1373 1429/1429/1367 1437/1437/1375
f 1437/1437/1375 1436/1436/1374 1457/1457/1395
f 1458/1458/1396 1437/1437/1375 1457/1457/1395
f 1436/1436/1374 1430/1430/1368 1459/1459/1397
f 1457/1457/1395 1436/1436/1374 1459/1459/1397
f 1460/1460/1398 1440/1440/1378 1439/1439/1377
f 1461/1461/1399 1440/1440/1378 1460/1460/1398
f 1455/1455/1393 1440/1440/1378 1461/1461/1399
f 1462/1462/1400 1442/1442/1380 1437/1437/1375
f 1462/1462/1400 1437/1437/1375 1463/1463/1401
f 1463/1463/1401 1437/1437/1375 1458/1458/1396
f 1464/1464/1402 1463/1463/1401 1458/1458/1396
f 1465/1465/1403 1461/1461/1399 1460/1460/1398
f 1466/1466/1404 1461/1461/1399 1465/1465/1403
f 1446/1446/1384 1442/1442/1380 1462/1462/1400
f 1462/1462/1400 1463/1463/1401 1467/1467/1405
f 1446/1446/1384 1462/1462/1400 1467/1467/1405
f 1464/1464/1402 1467/1467/1405 1463/1463/1401
f 1468/1468/1406 1467/1467/1405 1464/1464/1402
f 1452/1452/1390 1449/1449/1387 1469/1469/1407
f 1449/1449/1387 1450/1450/1388 1469/1469/1407
f 1454/1454/1392 1470/1470/1408 1450/1450/1388
f 1470/1470/1408 1454/1454/1392 1471/1471/1409
f 1469/1469/1407 1450/1450/1388 1470/1470/1408
f 1472/1472/1410 1470/1470/1408 1471/1471/1409
f 1471/1471/1409 1454/1454/1392 1456/1456/1394
f 1471/1471/1409 1456/1456/1394 1473/1473/1411
f 1474/1474/1412 1458/1458/1396 1475/1475/1413
f 1456/1456/1394 1455/1455/1393 1461/1461/1399
f 1473/1473/1411 1461/1461/1399 1476/1476/1414
f 1456/1456/1394 1461/1461/1399 1473/1473/1411
f 1464/1464/1402 1458/1458/1396 1474/1474/1412
f 1476/1476/1414 1461/1461/1399 1466/1466/1404
f 1466/1466/1404 1477/1477/1415 1478/1478/1416
f 1479/1479/1417 1466/1466/1404 1478/1478/1416
f 1466/1466/1404 1479/1479/1417 1476/1476/1414
f 1480/1480/1418 1468/1468/1406 1464/1464/1402
f 1471/1471/1409 1473/1473/1411 1481/1481/1419
f 1482/1482/1420 1471/1471/1409 1481/1481/1419
f 1473/1473/1411 1476/1476/1414 1481/1481/1419
f 1481/1481/1419 1476/1476/1414 1479/1479/1417
f 1481/1481/1419 1479/1479/1417 1483/1483/1421
f 1484/1484/1422 1402/1402/1340 1422/1422/1360
f 1484/1484/1422 82/82/82 1402/1402/1340
f 1485/1485/1423 82/82/82 1484/1484/1422
f 1485/1485/1423 191/191/191 82/82/82
f 1485/1485/1423 261/261/261 191/191/191
f 91/91/91 92/92/92 1486/1486/1424
f 1409/1409/1347 91/91/91 1486/1486/1424
f 1486/1486/1424 92/92/92 193/193/193
f 1486/1486/1424 1487/1487/1425 1488/1488/1426
f 1486/1486/1424 193/193/193 1487/1487/1425
f 1487/1487/1425 193/193/193 194/194/194
f 1487/1487/1425 194/194/194 1489/1489/1427
f 1487/1487/1425 1489/1489/1427 1490/1490/1428
f 1422/1422/1360 1401/1401/1339 1424/1424/1362
f 1491/1491/1429 1484/1484/1422 1422/1422/1360
f 1422/1422/1360 1492/1492/1430 1491/1491/1429
f 1493/1493/1431 1485/1485/1423 1484/1484/1422
f 1493/1493/1431 1484/1484/1422 1491/1491/1429
f 1494/1494/1432 1493/1493/1431 1491/1491/1429
f 1495/1495/1433 1485/1485/1423 1493/1493/1431
f 1409/1409/1347 1486/1486/1424 1488/1488/1426
f 1431/1431/1369 1409/1409/1347 1488/1488/1426
f 1431/1431/1369 1488/1488/1426 1496/1496/1434
f 1488/1488/1426 1487/1487/1425 1497/1497/1435
f 1496/1496/1434 1488/1488/1426 1497/1497/1435
f 1497/1497/1435 1487/1487/1425 1490/1490/1428
f 1497/1497/1435 1490/1490/1428 1498/1498/1436
f 1497/1497/1435 1498/1498/1436 1499/1499/1437
f 1490/1490/1428 1500/1500/1438 1498/1498/1436
f 1424/1424/1362 1421/1421/1359 1501/1501/1439
f 1502/1502/1440 1424/1424/1362 1501/1501/1439
f 1492/1492/1430 1422/1422/1360 1424/1424/1362
f 1503/1503/1441 1491/1491/1429 1492/1492/1430
f 1492/1492/1430 1424/1424/1362 1502/1502/1440
f 1504/1504/1442 1502/1502/1440 1501/1501/1439
f 1505/1505/1443 1492/1492/1430 1502/1502/1440
f 1506/1506/1444 1503/1503/1441 1492/1492/1430
f 1506/1506/1444 1492/1492/1430 1505/1505/1443
f 1507/1507/1445 1504/1504/1442 1501/1501/1439
f 1494/1494/1432 1491/1491/1429 1503/1503/1441
f 1508/1508/1446 1494/1494/1432 1503/1503/1441
f 1508/1508/1446 1503/1503/1441 1506/1506/1444
f 1509/1509/1447 1494/1494/1432 1508/1508/1446
f 1421/1421/1359 1451/1451/1389 1501/1501/1439
f 1452/1452/1390 1501/1501/1439 1451/1451/1389
f 1459/1459/1397 1430/1430/1368 1510/1510/1448
f 1430/1430/1368 1431/1431/1369 1496/1496/1434
f 1430/1430/1368 1496/1496/1434 1511/1511/1449
f 1510/1510/1448 1430/1430/1368 1511/1511/1449
f 1459/1459/1397 1510/1510/1448 1512/1512/1450
f 1496/1496/1434 1497/1497/1435 1513/1513/1451
f 1511/1511/1449 1496/1496/1434 1513/1513/1451
f 1514/1514/1452 1511/1511/1449 1513/1513/1451
f 1510/1510/1448 1511/1511/1449 1514/1514/1452
f 1513/1513/1451 1497/1497/1435 1499/1499/1437
f 1513/1513/1451 1499/1499/1437 1515/1515/1453
f 1457/1457/1395 1459/1459/1397 1512/1512/1450
f 1458/1458/1396 1457/1457/1395 1475/1475/1413
f 1505/1505/1443 1502/1502/1440 1504/1504/1442
f 1504/1504/1442 1516/1516/1454 1505/1505/1443
f 1517/1517/1455 1516/1516/1454 1504/1504/1442
f 1506/1506/1444 1505/1505/1443 1516/1516/1454
f 1518/1518/1456 1504/1504/1442 1507/1507/1445
f 1518/1518/1456 1517/1517/1455 1504/1504/1442
f 1519/1519/1457 1508/1508/1446 1506/1506/1444
f 1520/1520/1458 1506/1506/1444 1516/1516/1454
f 1521/1521/1459 1506/1506/1444 1520/1520/1458
f 1520/1520/1458 1516/1516/1454 1517/1517/1455
f 1518/1518/1456 1522/1522/1460 1517/1517/1455
f 1519/1519/1457 1506/1506/1444 1521/1521/1459
f 1523/1523/1461 1452/1452/1390 1469/1469/1407
f 1507/1507/1445 1501/1501/1439 1452/1452/1390
f 1524/1524/1462 1507/1507/1445 1452/1452/1390
f 1524/1524/1462 1452/1452/1390 1523/1523/1461
f 1518/1518/1456 1507/1507/1445 1524/1524/1462
f 1472/1472/1410 1469/1469/1407 1470/1470/1408
f 1512/1512/1450 1510/1510/1448 1525/1525/1463
f 1526/1526/1464 1512/1512/1450 1525/1525/1463
f 1525/1525/1463 1510/1510/1448 1514/1514/1452
f 1514/1514/1452 1513/1513/1451 1527/1527/1465
f 1514/1514/1452 1527/1527/1465 1525/1525/1463
f 1527/1527/1465 1513/1513/1451 1515/1515/1453
f 1528/1528/1466 1525/1525/1463 1527/1527/1465
f 1475/1475/1413 1457/1457/1395 1512/1512/1450
f 1475/1475/1413 1512/1512/1450 1526/1526/1464
f 1529/1529/1467 1474/1474/1412 1475/1475/1413
f 1475/1475/1413 1526/1526/1464 1530/1530/1468
f 1529/1529/1467 1475/1475/1413 1530/1530/1468
f 1530/1530/1468 1526/1526/1464 1531/1531/1469
f 1464/1464/1402 1474/1474/1412 1532/1532/1470
f 1532/1532/1470 1474/1474/1412 1529/1529/1467
f 1529/1529/1467 1530/1530/1468 1533/1533/1471
f 1480/1480/1418 1464/1464/1402 1532/1532/1470
f 1534/1534/1472 1480/1480/1418 1532/1532/1470
f 1535/1535/1473 1534/1534/1472 1532/1532/1470
f 1535/1535/1473 1532/1532/1470 1529/1529/1467
f 1535/1535/1473 1529/1529/1467 1533/1533/1471
f 1536/1536/1474 1535/1535/1473 1533/1533/1471
f 1522/1522/1460 1520/1520/1458 1517/1517/1455
f 1522/1522/1460 1518/1518/1456 1537/1537/1475
f 1538/1538/1476 1522/1522/1460 1537/1537/1475
f 1523/1523/1461 1469/1469/1407 1472/1472/1410
f 1539/1539/1477 1524/1524/1462 1523/1523/1461
f 1539/1539/1477 1518/1518/1456 1524/1524/1462
f 1540/1540/1478 1539/1539/1477 1523/1523/1461
f 1541/1541/1479 1540/1540/1478 1523/1523/1461
f 1537/1537/1475 1518/1518/1456 1539/1539/1477
f 1540/1540/1478 1537/1537/1475 1539/1539/1477
f 1542/1542/1480 1537/1537/1475 1540/1540/1478
f 1482/1482/1420 1472/1472/1410 1471/1471/1409
f 1541/1541/1479 1523/1523/1461 1472/1472/1410
f 1472/1472/1410 1482/1482/1420 1543/1543/1481
f 1543/1543/1481 1541/1541/1479 1472/1472/1410
f 1544/1544/1482 1526/1526/1464 1525/1525/1463
f 1544/1544/1482 1525/1525/1463 1528/1528/1466
f 1544/1544/1482 1528/1528/1466 1545/1545/1483
f 1482/1482/1420 1481/1481/1419 1546/1546/1484
f 1543/1543/1481 1482/1482/1420 1546/1546/1484
f 1531/1531/1469 1526/1526/1464 1544/1544/1482
f 1530/1530/1468 1531/1531/1469 1547/1547/1485
f 1547/1547/1485 1531/1531/1469 1548/1548/1486
f 1548/1548/1486 1531/1531/1469 1544/1544/1482
f 1548/1548/1486 1544/1544/1482 1549/1549/1487
f 1550/1550/1488 1547/1547/1485 1548/1548/1486
f 1544/1544/1482 1545/1545/1483 1549/1549/1487
f 1546/1546/1484 1481/1481/1419 1483/1483/1421
f 1551/1551/1489 1546/1546/1484 1483/1483/1421
f 1530/1530/1468 1547/1547/1485 1533/1533/1471
f 1552/1552/1490 1533/1533/1471 1547/1547/1485
f 1553/1553/1491 1552/1552/1490 1554/1554/1492
f 1552/1552/1490 1547/1547/1485 1550/1550/1488
f 1552/1552/1490 1550/1550/1488 1555/1555/1493
f 1554/1554/1492 1552/1552/1490 1555/1555/1493
f 1483/1483/1421 1479/1479/1417 1556/1556/1494
f 1551/1551/1489 1483/1483/1421 1557/1557/1495
f 1536/1536/1474 1533/1533/1471 1553/1553/1491
f 1553/1553/1491 1533/1533/1471 1552/1552/1490
f 1558/1558/1496 1559/1559/1492 1560/1560/1493
f 1540/1540/1478 1541/1541/1479 1561/1561/1497
f 1562/1562/1498 1542/1542/1480 1540/1540/1478
f 1563/1563/1499 1562/1562/1498 1540/1540/1478
f 1563/1563/1499 1540/1540/1478 1561/1561/1497
f 1541/1541/1479 1543/1543/1481 1564/1564/1500
f 1561/1561/1497 1541/1541/1479 1564/1564/1500
f 1543/1543/1481 1546/1546/1484 1565/1565/1501
f 1564/1564/1500 1543/1543/1481 1565/1565/1501
f 1566/1566/1502 1567/1567/1503 1565/1565/1501
f 1564/1564/1500 1565/1565/1501 1567/1567/1503
f 1567/1567/1503 1568/1568/1504 1564/1564/1500
f 1546/1546/1484 1551/1551/1489 1569/1569/1505
f 1565/1565/1501 1546/1546/1484 1569/1569/1505
f 1566/1566/1502 1565/1565/1501 1569/1569/1505
f 1570/1570/1506 1551/1551/1489 1557/1557/1495
f 1569/1569/1505 1551/1551/1489 1570/1570/1506
f 1571/1571/1507 1558/1558/1496 1560/1560/1493
f 1572/1572/1508 1573/1573/1496 1574/1574/1507
f 1575/1575/1509 1569/1569/1505 1570/1570/1506
f 1576/1576/1510 1569/1569/1505 1575/1575/1509
f 1566/1566/1502 1569/1569/1505 1576/1576/1510
f 1495/1495/1433 261/261/261 1485/1485/1423
f 1495/1495/1433 262/262/262 261/261/261
f 1490/1490/1428 1489/1489/1427 1577/1577/1511
f 1489/1489/1427 194/194/194 1577/1577/1511
f 194/194/194 263/263/263 1577/1577/1511
f 1577/1577/1511 263/263/263 265/265/265
f 1495/1495/1433 1493/1493/1431 1494/1494/1432
f 1578/1578/1512 1494/1494/1432 1509/1509/1447
f 1578/1578/1512 1495/1495/1433 1494/1494/1432
f 1579/1579/1513 1578/1578/1512 1509/1509/1447
f 1500/1500/1438 1490/1490/1428 1577/1577/1511
f 1500/1500/1438 1577/1577/1511 1580/1580/1514
f 1500/1500/1438 1580/1580/1514 1498/1498/1436
f 1498/1498/1436 1580/1580/1514 1581/1581/1515
f 1582/1582/1516 1508/1508/1446 1519/1519/1457
f 1582/1582/1516 1509/1509/1447 1508/1508/1446
f 1499/1499/1437 1498/1498/1436 1583/1583/1517
f 1499/1499/1437 1583/1583/1517 1515/1515/1453
f 1515/1515/1453 1583/1583/1517 1581/1581/1515
f 1515/1515/1453 1581/1581/1515 1584/1584/1518
f 1583/1583/1517 1498/1498/1436 1581/1581/1515
f 1585/1585/1519 1519/1519/1457 1521/1521/1459
f 1582/1582/1516 1519/1519/1457 1585/1585/1519
f 1586/1586/1520 1585/1585/1519 1521/1521/1459
f 1587/1587/1521 1582/1582/1516 1585/1585/1519
f 1586/1586/1520 1587/1587/1521 1585/1585/1519
f 1588/1588/1522 1509/1509/1447 1582/1582/1516
f 1587/1587/1521 1588/1588/1522 1582/1582/1516
f 1589/1589/1523 1587/1587/1521 1586/1586/1520
f 1527/1527/1465 1515/1515/1453 1590/1590/1524
f 1527/1527/1465 1590/1590/1524 1591/1591/1525
f 1527/1527/1465 1591/1591/1525 1592/1592/1526
f 1590/1590/1524 1515/1515/1453 1584/1584/1518
f 1591/1591/1525 1590/1590/1524 1593/1593/1527
f 1590/1590/1524 1584/1584/1518 1593/1593/1527
f 1594/1594/1528 1521/1521/1459 1520/1520/1458
f 1594/1594/1528 1520/1520/1458 1595/1595/1529
f 1538/1538/1476 1595/1595/1529 1522/1522/1460
f 1595/1595/1529 1520/1520/1458 1522/1522/1460
f 1596/1596/1530 1594/1594/1528 1595/1595/1529
f 1597/1597/1531 1538/1538/1476 1537/1537/1475
f 1586/1586/1520 1521/1521/1459 1594/1594/1528
f 1586/1586/1520 1594/1594/1528 1596/1596/1530
f 1598/1598/1532 1586/1586/1520 1596/1596/1530
f 1598/1598/1532 1596/1596/1530 1599/1599/1533
f 1589/1589/1523 1586/1586/1520 1598/1598/1532
f 1528/1528/1466 1527/1527/1465 1592/1592/1526
f 1545/1545/1483 1528/1528/1466 1592/1592/1526
f 1545/1545/1483 1592/1592/1526 1600/1600/1534
f 1592/1592/1526 1591/1591/1525 1601/1601/1535
f 1592/1592/1526 1601/1601/1535 1600/1600/1534
f 1591/1591/1525 1593/1593/1527 1601/1601/1535
f 1593/1593/1527 1602/1602/1536 1601/1601/1535
f 1542/1542/1480 1597/1597/1531 1537/1537/1475
f 1595/1595/1529 1538/1538/1476 1597/1597/1531
f 1599/1599/1533 1596/1596/1530 1595/1595/1529
f 1603/1603/1537 1595/1595/1529 1597/1597/1531
f 1597/1597/1531 1542/1542/1480 1604/1604/1538
f 1595/1595/1529 1603/1603/1537 1599/1599/1533
f 1604/1604/1538 1603/1603/1537 1597/1597/1531
f 1604/1604/1538 1542/1542/1480 1605/1605/1539
f 1606/1606/1540 1603/1603/1537 1604/1604/1538
f 1606/1606/1540 1604/1604/1538 1605/1605/1539
f 1607/1607/1541 1563/1563/1499 1561/1561/1497
f 1605/1605/1539 1542/1542/1480 1562/1562/1498
f 1608/1608/1542 1605/1605/1539 1562/1562/1498
f 1608/1608/1542 1562/1562/1498 1563/1563/1499
f 1568/1568/1504 1607/1607/1541 1561/1561/1497
f 1568/1568/1504 1561/1561/1497 1564/1564/1500
f 1609/1609/1543 1545/1545/1483 1600/1600/1534
f 1610/1610/1544 1549/1549/1487 1545/1545/1483
f 1610/1610/1544 1545/1545/1483 1609/1609/1543
f 1600/1600/1534 1601/1601/1535 1611/1611/1545
f 1609/1609/1543 1600/1600/1534 1612/1612/1546
f 1610/1610/1544 1609/1609/1543 1613/1613/1547
f 1611/1611/1545 1614/1614/1548 1600/1600/1534
f 1609/1609/1543 1612/1612/1546 1613/1613/1547
f 1612/1612/1546 1600/1600/1534 1614/1614/1548
f 1548/1548/1486 1549/1549/1487 1615/1615/1549
f 1550/1550/1488 1548/1548/1486 1615/1615/1549
f 1616/1616/1550 1617/1617/1488 1618/1618/1549
f 1549/1549/1487 1610/1610/1544 1615/1615/1549
f 1619/1619/1551 1616/1616/1550 1618/1618/1549
f 1560/1560/1493 1617/1617/1488 1571/1571/1507
f 1617/1617/1488 1616/1616/1550 1571/1571/1507
f 1571/1571/1507 1616/1616/1550 1619/1619/1551
f 1620/1620/1552 1574/1574/1507 1621/1621/1551
f 1572/1572/1508 1574/1574/1507 1620/1620/1552
f 1572/1572/1508 1620/1620/1552 1622/1622/1553
f 1623/1623/1554 1563/1563/1499 1607/1607/1541
f 1623/1623/1554 1608/1608/1542 1563/1563/1499
f 1624/1624/1555 1605/1605/1539 1608/1608/1542
f 1624/1624/1555 1608/1608/1542 1625/1625/1556
f 1625/1625/1556 1608/1608/1542 1623/1623/1554
f 1626/1626/1557 1607/1607/1541 1568/1568/1504
f 1626/1626/1557 1568/1568/1504 1627/1627/1558
f 1623/1623/1554 1607/1607/1541 1626/1626/1557
f 1626/1626/1557 1627/1627/1558 1628/1628/1559
f 1629/1629/1560 1623/1623/1554 1626/1626/1557
f 1630/1630/1544 1631/1631/1547 1632/1632/1561
f 1628/1628/1559 1629/1629/1560 1626/1626/1557
f 1633/1633/1562 1568/1568/1504 1567/1567/1503
f 1633/1633/1562 1627/1627/1558 1568/1568/1504
f 1619/1619/1551 1618/1618/1549 1634/1634/1563
f 1635/1635/1564 1627/1627/1558 1633/1633/1562
f 1635/1635/1564 1633/1633/1562 1636/1636/1565
f 1628/1628/1559 1627/1627/1558 1635/1635/1564
f 1618/1618/1549 1630/1630/1544 1634/1634/1563
f 1634/1634/1563 1630/1630/1544 1632/1632/1561
f 1637/1637/1563 1638/1638/1566 1621/1621/1551
f 1639/1639/1567 1567/1567/1503 1566/1566/1502
f 1633/1633/1562 1567/1567/1503 1639/1639/1567
f 1633/1633/1562 1639/1639/1567 1636/1636/1565
f 1636/1636/1565 1639/1639/1567 1640/1640/1568
f 1620/1620/1552 1621/1621/1551 1638/1638/1566
f 1641/1641/1569 1636/1636/1565 1640/1640/1568
f 1642/1642/1570 1620/1620/1552 1638/1638/1566
f 1639/1639/1567 1566/1566/1502 1576/1576/1510
f 1640/1640/1568 1639/1639/1567 1576/1576/1510
f 1642/1642/1570 1622/1622/1553 1620/1620/1552
f 1643/1643/1571 1622/1622/1553 1642/1642/1570
f 1635/1635/1564 1636/1636/1565 1641/1641/1569
f 1644/1644/1572 1641/1641/1569 1640/1640/1568
f 1645/1645/1573 262/262/262 1495/1495/1433
f 1646/1646/1574 262/262/262 1645/1645/1573
f 1646/1646/1574 330/330/330 262/262/262
f 1577/1577/1511 265/265/265 1647/1647/1575
f 265/265/265 1648/1648/1576 1647/1647/1575
f 265/265/265 331/331/331 1648/1648/1576
f 1645/1645/1573 1495/1495/1433 1578/1578/1512
f 1579/1579/1513 1645/1645/1573 1578/1578/1512
f 1577/1577/1511 1647/1647/1575 1649/1649/1577
f 1580/1580/1514 1577/1577/1511 1649/1649/1577
f 1580/1580/1514 1649/1649/1577 1650/1650/1578
f 1647/1647/1575 1648/1648/1576 1651/1651/1579
f 1647/1647/1575 1651/1651/1579 1649/1649/1577
f 1650/1650/1578 1649/1649/1577 1652/1652/1580
f 1649/1649/1577 1651/1651/1579 1652/1652/1580
f 1653/1653/1581 1579/1579/1513 1509/1509/1447
f 1588/1588/1522 1653/1653/1581 1509/1509/1447
f 1581/1581/1515 1580/1580/1514 1650/1650/1578
f 1581/1581/1515 1650/1650/1578 1654/1654/1582
f 1584/1584/1518 1581/1581/1515 1654/1654/1582
f 1650/1650/1578 1652/1652/1580 1655/1655/1583
f 1654/1654/1582 1650/1650/1578 1655/1655/1583
f 1655/1655/1583 1652/1652/1580 1656/1656/1584
f 1593/1593/1527 1584/1584/1518 1602/1602/1536
f 1602/1602/1536 1584/1584/1518 1654/1654/1582
f 1602/1602/1536 1654/1654/1582 1657/1657/1585
f 1657/1657/1585 1654/1654/1582 1655/1655/1583
f 1658/1658/1586 1588/1588/1522 1587/1587/1521
f 1587/1587/1521 1589/1589/1523 1659/1659/1587
f 1659/1659/1587 1658/1658/1586 1587/1587/1521
f 1601/1601/1535 1602/1602/1536 1660/1660/1588
f 1660/1660/1588 1602/1602/1536 1661/1661/1589
f 1662/1662/1590 1660/1660/1588 1661/1661/1589
f 1602/1602/1536 1657/1657/1585 1661/1661/1589
f 1663/1663/1591 1599/1599/1533 1603/1603/1537
f 1664/1664/1592 1598/1598/1532 1599/1599/1533
f 1663/1663/1591 1603/1603/1537 1665/1665/1593
f 1664/1664/1592 1599/1599/1533 1663/1663/1591
f 1665/1665/1593 1603/1603/1537 1606/1606/1540
f 1666/1666/1594 1598/1598/1532 1664/1664/1592
f 1666/1666/1594 1589/1589/1523 1598/1598/1532
f 1667/1667/1595 1666/1666/1594 1664/1664/1592
f 1668/1668/1596 1667/1667/1595 1664/1664/1592
f 1611/1611/1545 1601/1601/1535 1660/1660/1588
f 1614/1614/1548 1611/1611/1545 1660/1660/1588
f 1612/1612/1546 1614/1614/1548 1669/1669/1597
f 1613/1613/1547 1612/1612/1546 1669/1669/1597
f 1614/1614/1548 1660/1660/1588 1662/1662/1590
f 1669/1669/1597 1614/1614/1548 1670/1670/1598
f 1614/1614/1548 1662/1662/1590 1670/1670/1598
f 1670/1670/1598 1662/1662/1590 1671/1671/1599
f 1662/1662/1590 1661/1661/1589 1671/1671/1599
f 1670/1670/1598 1671/1671/1599 1672/1672/1600
f 1673/1673/1601 1665/1665/1593 1606/1606/1540
f 1606/1606/1540 1605/1605/1539 1624/1624/1555
f 1624/1624/1555 1673/1673/1601 1606/1606/1540
f 1674/1674/1602 1665/1665/1593 1673/1673/1601
f 1668/1668/1596 1664/1664/1592 1663/1663/1591
f 1675/1675/1603 1663/1663/1591 1665/1665/1593
f 1673/1673/1601 1624/1624/1555 1676/1676/1604
f 1673/1673/1601 1676/1676/1604 1677/1677/1605
f 1675/1675/1603 1668/1668/1596 1663/1663/1591
f 1674/1674/1602 1675/1675/1603 1665/1665/1593
f 1677/1677/1605 1674/1674/1602 1673/1673/1601
f 1678/1678/1606 1674/1674/1602 1677/1677/1605
f 1679/1679/1607 1668/1668/1596 1675/1675/1603
f 1680/1680/1608 1675/1675/1603 1674/1674/1602
f 1681/1681/1609 1677/1677/1605 1676/1676/1604
f 1682/1682/1610 1624/1624/1555 1625/1625/1556
f 1676/1676/1604 1624/1624/1555 1682/1682/1610
f 1613/1613/1547 1669/1669/1597 1683/1683/1611
f 1631/1631/1547 1684/1684/1612 1632/1632/1561
f 1631/1631/1547 1685/1685/1611 1684/1684/1612
f 1686/1686/1613 1687/1687/1561 1688/1688/1612
f 1669/1669/1597 1670/1670/1598 1672/1672/1600
f 1669/1669/1597 1672/1672/1600 1683/1683/1611
f 1683/1683/1611 1672/1672/1600 1689/1689/1614
f 1684/1684/1612 1685/1685/1611 1690/1690/1614
f 1684/1684/1612 1690/1690/1614 1691/1691/1615
f 1692/1692/1616 1688/1688/1612 1693/1693/1615
f 1694/1694/1617 1638/1638/1566 1637/1637/1563
f 1637/1637/1563 1695/1695/1618 1694/1694/1617
f 1637/1637/1563 1687/1687/1561 1686/1686/1613
f 1637/1637/1563 1686/1686/1613 1695/1695/1618
f 1638/1638/1566 1694/1694/1617 1642/1642/1570
f 1642/1642/1570 1694/1694/1617 1696/1696/1619
f 1697/1697/1620 1642/1642/1570 1696/1696/1619
f 1694/1694/1617 1695/1695/1618 1696/1696/1619
f 1643/1643/1571 1642/1642/1570 1697/1697/1620
f 1698/1698/1621 1623/1623/1554 1629/1629/1560
f 1625/1625/1556 1623/1623/1554 1698/1698/1621
f 1682/1682/1610 1625/1625/1556 1699/1699/1622
f 1700/1700/1623 1682/1682/1610 1699/1699/1622
f 1699/1699/1622 1625/1625/1556 1698/1698/1621
f 1701/1701/1624 1629/1629/1560 1628/1628/1559
f 1698/1698/1621 1629/1629/1560 1701/1701/1624
f 1701/1701/1624 1628/1628/1559 1702/1702/1625
f 1686/1686/1613 1688/1688/1612 1692/1692/1616
f 1698/1698/1621 1701/1701/1624 1703/1703/1626
f 1702/1702/1625 1703/1703/1626 1701/1701/1624
f 1686/1686/1613 1692/1692/1616 1704/1704/1627
f 1703/1703/1626 1705/1705/1628 1698/1698/1621
f 1706/1706/1629 1703/1703/1626 1702/1702/1625
f 1702/1702/1625 1628/1628/1559 1635/1635/1564
f 1707/1707/1630 1702/1702/1625 1635/1635/1564
f 1707/1707/1630 1635/1635/1564 1708/1708/1631
f 1695/1695/1618 1686/1686/1613 1709/1709/1632
f 1695/1695/1618 1709/1709/1632 1710/1710/1633
f 1711/1711/1634 1702/1702/1625 1707/1707/1630
f 1711/1711/1634 1707/1707/1630 1712/1712/1635
f 1712/1712/1635 1707/1707/1630 1708/1708/1631
f 1710/1710/1633 1709/1709/1632 1713/1713/1636
f 1635/1635/1564 1641/1641/1569 1708/1708/1631
f 1641/1641/1569 1644/1644/1572 1714/1714/1637
f 1708/1708/1631 1641/1641/1569 1714/1714/1637
f 1697/1697/1620 1696/1696/1619 1715/1715/1638
f 1696/1696/1619 1695/1695/1618 1710/1710/1633
f 1708/1708/1631 1714/1714/1637 1716/1716/1639
f 1712/1712/1635 1708/1708/1631 1716/1716/1639
f 1696/1696/1619 1710/1710/1633 1715/1715/1638
f 1717/1717/1640 1697/1697/1620 1715/1715/1638
f 392/392/392 330/330/330 1646/1646/1574
f 1648/1648/1576 331/331/331 393/393/393
f 1651/1651/1579 1648/1648/1576 1718/1718/1641
f 1718/1718/1641 1648/1648/1576 1719/1719/1642
f 1720/1720/1643 1645/1645/1573 1579/1579/1513
f 1721/1721/1644 1646/1646/1574 1645/1645/1573
f 1721/1721/1644 1645/1645/1573 1720/1720/1643
f 1651/1651/1579 1718/1718/1641 1652/1652/1580
f 1652/1652/1580 1718/1718/1641 1656/1656/1584
f 1718/1718/1641 1719/1719/1642 1656/1656/1584
f 1656/1656/1584 1719/1719/1642 1722/1722/1645
f 1720/1720/1643 1579/1579/1513 1653/1653/1581
f 1655/1655/1583 1656/1656/1584 1723/1723/1646
f 1723/1723/1646 1656/1656/1584 1722/1722/1645
f 1722/1722/1645 1724/1724/1647 1723/1723/1646
f 1658/1658/1586 1653/1653/1581 1588/1588/1522
f 1658/1658/1586 1720/1720/1643 1653/1653/1581
f 1657/1657/1585 1655/1655/1583 1725/1725/1648
f 1725/1725/1648 1655/1655/1583 1723/1723/1646
f 1657/1657/1585 1725/1725/1648 1726/1726/1649
f 1725/1725/1648 1723/1723/1646 1726/1726/1649
f 1666/1666/1594 1659/1659/1587 1589/1589/1523
f 1661/1661/1589 1657/1657/1585 1727/1727/1650
f 1661/1661/1589 1727/1727/1650 1671/1671/1599
f 1727/1727/1650 1657/1657/1585 1728/1728/1651
f 1657/1657/1585 1726/1726/1649 1728/1728/1651
f 1727/1727/1650 1728/1728/1651 1729/1729/1652
f 1730/1730/1653 1659/1659/1587 1666/1666/1594
f 1730/1730/1653 1666/1666/1594 1731/1731/1654
f 1731/1731/1654 1666/1666/1594 1667/1667/1595
f 1731/1731/1654 1667/1667/1595 1732/1732/1655
f 1672/1672/1600 1671/1671/1599 1733/1733/1656
f 1671/1671/1599 1727/1727/1650 1733/1733/1656
f 1727/1727/1650 1729/1729/1652 1733/1733/1656
f 1679/1679/1607 1675/1675/1603 1680/1680/1608
f 1732/1732/1655 1667/1667/1595 1668/1668/1596
f 1679/1679/1607 1732/1732/1655 1668/1668/1596
f 1680/1680/1608 1674/1674/1602 1678/1678/1606
f 1680/1680/1608 1678/1678/1606 1734/1734/1657
f 1735/1735/1658 1679/1679/1607 1680/1680/1608
f 1735/1735/1658 1732/1732/1655 1679/1679/1607
f 1689/1689/1614 1672/1672/1600 1736/1736/1659
f 1736/1736/1659 1672/1672/1600 1733/1733/1656
f 1737/1737/1615 1689/1689/1614 1738/1738/1660
f 1738/1738/1660 1689/1689/1614 1736/1736/1659
f 1736/1736/1659 1733/1733/1656 1739/1739/1661
f 1738/1738/1660 1736/1736/1659 1739/1739/1661
f 1738/1738/1660 1739/1739/1661 1740/1740/1662
f 1733/1733/1656 1741/1741/1663 1739/1739/1661
f 1678/1678/1606 1677/1677/1605 1681/1681/1609
f 1734/1734/1657 1678/1678/1606 1681/1681/1609
f 1742/1742/1664 1681/1681/1609 1676/1676/1604
f 1743/1743/1665 1735/1735/1658 1680/1680/1608
f 1744/1744/1666 1742/1742/1664 1676/1676/1604
f 1743/1743/1665 1680/1680/1608 1734/1734/1657
f 1742/1742/1664 1734/1734/1657 1681/1681/1609
f 1705/1705/1628 1699/1699/1622 1698/1698/1621
f 1700/1700/1623 1676/1676/1604 1682/1682/1610
f 1745/1745/1667 1746/1746/1668 1700/1700/1623
f 1745/1745/1667 1700/1700/1623 1699/1699/1622
f 1745/1745/1667 1699/1699/1622 1705/1705/1628
f 1746/1746/1668 1676/1676/1604 1700/1700/1623
f 1744/1744/1666 1676/1676/1604 1746/1746/1668
f 1704/1704/1627 1692/1692/1616 1693/1693/1615
f 1706/1706/1629 1702/1702/1625 1711/1711/1634
f 1747/1747/1669 1686/1686/1613 1704/1704/1627
f 1704/1704/1627 1693/1693/1615 1748/1748/1670
f 1737/1737/1615 1738/1738/1660 1740/1740/1662
f 1737/1737/1615 1740/1740/1662 1749/1749/1670
f 1704/1704/1627 1748/1748/1670 1750/1750/1671
f 1747/1747/1669 1704/1704/1627 1750/1750/1671
f 1751/1751/1672 1747/1747/1669 1750/1750/1671
f 1709/1709/1632 1686/1686/1613 1747/1747/1669
f 1709/1709/1632 1747/1747/1669 1713/1713/1636
f 1710/1710/1633 1713/1713/1636 1752/1752/1673
f 1713/1713/1636 1747/1747/1669 1752/1752/1673
f 1747/1747/1669 1751/1751/1672 1752/1752/1673
f 1715/1715/1638 1710/1710/1633 1753/1753/1674
f 1753/1753/1674 1710/1710/1633 1752/1752/1673
f 1753/1753/1674 1752/1752/1673 1754/1754/1675
f 1715/1715/1638 1755/1755/1676 1717/1717/1640
f 1755/1755/1676 1715/1715/1638 1753/1753/1674
f 1756/1756/1677 1705/1705/1628 1757/1757/1678
f 1758/1758/1679 1703/1703/1626 1706/1706/1629
f 1757/1757/1678 1705/1705/1628 1703/1703/1626
f 1757/1757/1678 1703/1703/1626 1759/1759/1680
f 1759/1759/1680 1703/1703/1626 1758/1758/1679
f 1760/1760/1681 1706/1706/1629 1711/1711/1634
f 1758/1758/1679 1706/1706/1629 1760/1760/1681
f 1761/1761/1682 1758/1758/1679 1760/1760/1681
f 1712/1712/1635 1760/1760/1681 1711/1711/1634
f 1762/1762/1683 1760/1760/1681 1712/1712/1635
f 1754/1754/1675 1752/1752/1673 1763/1763/1684
f 1764/1764/1685 1753/1753/1674 1754/1754/1675
f 1761/1761/1682 1760/1760/1681 1762/1762/1683
f 1762/1762/1683 1765/1765/1686 1761/1761/1682
f 1712/1712/1635 1716/1716/1639 1766/1766/1687
f 1712/1712/1635 1766/1766/1687 1762/1762/1683
f 1764/1764/1685 1755/1755/1676 1753/1753/1674
f 1755/1755/1676 1764/1764/1685 1767/1767/1688
f 1764/1764/1685 1754/1754/1675 1763/1763/1684
f 1768/1768/1689 392/392/392 1646/1646/1574
f 514/514/514 392/392/392 1768/1768/1689
f 450/450/450 392/392/392 514/514/514
f 514/514/514 1768/1768/1689 1769/1769/1690
f 1648/1648/1576 393/393/393 1770/1770/1691
f 1719/1719/1642 1648/1648/1576 1770/1770/1691
f 1719/1719/1642 1770/1770/1691 1771/1771/1692
f 1770/1770/1691 393/393/393 452/452/452
f 1770/1770/1691 452/452/452 454/454/454
f 1771/1771/1692 1770/1770/1691 1772/1772/1693
f 1770/1770/1691 454/454/454 1772/1772/1693
f 1721/1721/1644 1768/1768/1689 1646/1646/1574
f 1773/1773/1694 1768/1768/1689 1721/1721/1644
f 1769/1769/1690 1768/1768/1689 1773/1773/1694
f 1719/1719/1642 1771/1771/1692 1722/1722/1645
f 1774/1774/1695 1721/1721/1644 1720/1720/1643
f 1775/1775/1696 1721/1721/1644 1774/1774/1695
f 1775/1775/1696 1773/1773/1694 1721/1721/1644
f 1722/1722/1645 1771/1771/1692 1724/1724/1647
f 1724/1724/1647 1771/1771/1692 1776/1776/1697
f 1777/1777/1698 1724/1724/1647 1776/1776/1697
f 1774/1774/1695 1720/1720/1643 1658/1658/1586
f 1658/1658/1586 1778/1778/1699 1774/1774/1695
f 1778/1778/1699 1775/1775/1696 1774/1774/1695
f 1778/1778/1699 1779/1779/1700 1775/1775/1696
f 1726/1726/1649 1723/1723/1646 1780/1780/1701
f 1777/1777/1698 1723/1723/1646 1724/1724/1647
f 1723/1723/1646 1777/1777/1698 1780/1780/1701
f 1780/1780/1701 1777/1777/1698 1781/1781/1702
f 1782/1782/1703 1659/1659/1587 1730/1730/1653
f 1659/1659/1587 1778/1778/1699 1658/1658/1586
f 1782/1782/1703 1778/1778/1699 1659/1659/1587
f 1728/1728/1651 1726/1726/1649 1783/1783/1704
f 1728/1728/1651 1783/1783/1704 1729/1729/1652
f 1726/1726/1649 1784/1784/1705 1783/1783/1704
f 1726/1726/1649 1780/1780/1701 1784/1784/1705
f 1783/1783/1704 1784/1784/1705 1785/1785/1706
f 1784/1784/1705 1780/1780/1701 1781/1781/1702
f 1731/1731/1654 1782/1782/1703 1730/1730/1653
f 1733/1733/1656 1729/1729/1652 1741/1741/1663
f 1741/1741/1663 1729/1729/1652 1785/1785/1706
f 1741/1741/1663 1785/1785/1706 1786/1786/1707
f 1729/1729/1652 1783/1783/1704 1785/1785/1706
f 1787/1787/1708 1732/1732/1655 1735/1735/1658
f 1787/1787/1708 1731/1731/1654 1732/1732/1655
f 1731/1731/1654 1787/1787/1708 1788/1788/1709
f 1739/1739/1661 1741/1741/1663 1740/1740/1662
f 1789/1789/1710 1740/1740/1662 1741/1741/1663
f 1789/1789/1710 1741/1741/1663 1790/1790/1711
f 1741/1741/1663 1786/1786/1707 1790/1790/1711
f 1789/1789/1710 1790/1790/1711 1791/1791/1712
f 1792/1792/1713 1734/1734/1657 1742/1742/1664
f 1793/1793/1714 1792/1792/1713 1742/1742/1664
f 1743/1743/1665 1734/1734/1657 1792/1792/1713
f 1794/1794/1715 1795/1795/1716 1735/1735/1658
f 1794/1794/1715 1735/1735/1658 1743/1743/1665
f 1796/1796/1717 1743/1743/1665 1792/1792/1713
f 1797/1797/1718 1793/1793/1714 1742/1742/1664
f 1797/1797/1718 1742/1742/1664 1744/1744/1666
f 1795/1795/1716 1787/1787/1708 1735/1735/1658
f 1798/1798/1719 1797/1797/1718 1744/1744/1666
f 1792/1792/1713 1793/1793/1714 1799/1799/1720
f 1796/1796/1717 1794/1794/1715 1743/1743/1665
f 1792/1792/1713 1799/1799/1720 1800/1800/1721
f 1800/1800/1721 1796/1796/1717 1792/1792/1713
f 1744/1744/1666 1746/1746/1668 1801/1801/1722
f 1749/1749/1670 1740/1740/1662 1802/1802/1723
f 1750/1750/1671 1748/1748/1670 1803/1803/1724
f 1749/1749/1670 1802/1802/1723 1804/1804/1724
f 1789/1789/1710 1791/1791/1712 1740/1740/1662
f 1740/1740/1662 1791/1791/1712 1802/1802/1723
f 1805/1805/1725 1804/1804/1724 1802/1802/1723
f 1802/1802/1723 1791/1791/1712 1806/1806/1726
f 1804/1804/1724 1805/1805/1725 1807/1807/1727
f 1808/1808/1728 1799/1799/1720 1793/1793/1714
f 1797/1797/1718 1808/1808/1728 1793/1793/1714
f 1705/1705/1628 1756/1756/1677 1745/1745/1667
f 1809/1809/1729 1801/1801/1722 1746/1746/1668
f 1809/1809/1729 1746/1746/1668 1745/1745/1667
f 1809/1809/1729 1745/1745/1667 1756/1756/1677
f 1798/1798/1719 1744/1744/1666 1801/1801/1722
f 1810/1810/1730 1811/1811/1731 1809/1809/1729
f 1810/1810/1730 1809/1809/1729 1756/1756/1677
f 1812/1812/1732 1798/1798/1719 1801/1801/1722
f 1811/1811/1731 1801/1801/1722 1809/1809/1729
f 1813/1813/1733 1810/1810/1730 1756/1756/1677
f 1814/1814/1734 1757/1757/1678 1759/1759/1680
f 1814/1814/1734 1756/1756/1677 1757/1757/1678
f 1815/1815/1735 1814/1814/1734 1759/1759/1680
f 1816/1816/1736 1750/1750/1671 1803/1803/1724
f 1751/1751/1672 1750/1750/1671 1816/1816/1736
f 1816/1816/1736 1803/1803/1724 1817/1817/1727
f 1813/1813/1733 1756/1756/1677 1814/1814/1734
f 1818/1818/1737 1813/1813/1733 1814/1814/1734
f 1818/1818/1737 1814/1814/1734 1815/1815/1735
f 1752/1752/1673 1751/1751/1672 1819/1819/1738
f 1763/1763/1684 1752/1752/1673 1820/1820/1739
f 1752/1752/1673 1819/1819/1738 1820/1820/1739
f 1815/1815/1735 1759/1759/1680 1758/1758/1679
f 1821/1821/1740 1815/1815/1735 1758/1758/1679
f 1820/1820/1739 1819/1819/1738 1822/1822/1741
f 1819/1819/1738 1751/1751/1672 1822/1822/1741
f 1751/1751/1672 1816/1816/1736 1822/1822/1741
f 1821/1821/1740 1758/1758/1679 1761/1761/1682
f 1765/1765/1686 1823/1823/1742 1761/1761/1682
f 1821/1821/1740 1761/1761/1682 1823/1823/1742
f 1763/1763/1684 1820/1820/1739 1824/1824/1743
f 1824/1824/1743 1820/1820/1739 1825/1825/1744
f 1825/1825/1744 1826/1826/1745 1824/1824/1743
f 1827/1827/1746 1764/1764/1685 1763/1763/1684
f 1827/1827/1746 1763/1763/1684 1824/1824/1743
f 1828/1828/1747 1823/1823/1742 1765/1765/1686
f 1829/1829/1748 1824/1824/1743 1826/1826/1745
f 1827/1827/1746 1824/1824/1743 1829/1829/1748
f 1830/1830/1749 1829/1829/1748 1826/1826/1745
f 1831/1831/1750 1818/1818/1737 1815/1815/1735
f 1832/1832/1751 1815/1815/1735 1821/1821/1740
f 1832/1832/1751 1831/1831/1750 1815/1815/1735
f 1832/1832/1751 1821/1821/1740 1823/1823/1742
f 1832/1832/1751 1823/1823/1742 1833/1833/1752
f 1828/1828/1747 1833/1833/1752 1823/1823/1742
f 1834/1834/1753 1833/1833/1752 1828/1828/1747
f 1835/1835/1754 514/514/514 1769/1769/1690
f 1835/1835/1754 515/515/515 514/514/514
f 454/454/454 518/518/518 519/519/519
f 454/454/454 519/519/519 1836/1836/1755
f 454/454/454 1836/1836/1755 1772/1772/1693
f 1835/1835/1754 1769/1769/1690 1773/1773/1694
f 1837/1837/1756 1835/1835/1754 1773/1773/1694
f 1837/1837/1756 1773/1773/1694 1775/1775/1696
f 1771/1771/1692 1772/1772/1693 1838/1838/1757
f 1771/1771/1692 1838/1838/1757 1776/1776/1697
f 1776/1776/1697 1838/1838/1757 1839/1839/1758
f 1772/1772/1693 1836/1836/1755 1838/1838/1757
f 1838/1838/1757 1836/1836/1755 1840/1840/1759
f 1837/1837/1756 1775/1775/1696 1779/1779/1700
f 1777/1777/1698 1776/1776/1697 1841/1841/1760
f 1776/1776/1697 1839/1839/1758 1841/1841/1760
f 1841/1841/1760 1839/1839/1758 1842/1842/1761
f 1839/1839/1758 1838/1838/1757 1843/1843/1762
f 1839/1839/1758 1843/1843/1762 1842/1842/1761
f 1838/1838/1757 1840/1840/1759 1843/1843/1762
f 1844/1844/1763 1779/1779/1700 1778/1778/1699
f 1781/1781/1702 1777/1777/1698 1841/1841/1760
f 1781/1781/1702 1841/1841/1760 1845/1845/1764
f 1845/1845/1764 1841/1841/1760 1846/1846/1765
f 1841/1841/1760 1842/1842/1761 1846/1846/1765
f 1847/1847/1766 1778/1778/1699 1782/1782/1703
f 1848/1848/1767 1847/1847/1766 1782/1782/1703
f 1847/1847/1766 1844/1844/1763 1778/1778/1699
f 1785/1785/1706 1784/1784/1705 1849/1849/1768
f 1781/1781/1702 1845/1845/1764 1784/1784/1705
f 1784/1784/1705 1845/1845/1764 1850/1850/1769
f 1784/1784/1705 1850/1850/1769 1849/1849/1768
f 1845/1845/1764 1846/1846/1765 1850/1850/1769
f 1851/1851/1770 1849/1849/1768 1850/1850/1769
f 1848/1848/1767 1782/1782/1703 1731/1731/1654
f 1788/1788/1709 1848/1848/1767 1731/1731/1654
f 1786/1786/1707 1785/1785/1706 1852/1852/1771
f 1785/1785/1706 1849/1849/1768 1852/1852/1771
f 1849/1849/1768 1851/1851/1770 1852/1852/1771
f 1853/1853/1772 1852/1852/1771 1851/1851/1770
f 1854/1854/1773 1788/1788/1709 1787/1787/1708
f 1854/1854/1773 1787/1787/1708 1795/1795/1716
f 1855/1855/1774 1848/1848/1767 1788/1788/1709
f 1855/1855/1774 1788/1788/1709 1854/1854/1773
f 1856/1856/1775 1854/1854/1773 1795/1795/1716
f 1790/1790/1711 1786/1786/1707 1852/1852/1771
f 1790/1790/1711 1852/1852/1771 1857/1857/1776
f 1857/1857/1776 1858/1858/1777 1790/1790/1711
f 1852/1852/1771 1853/1853/1772 1857/1857/1776
f 1794/1794/1715 1859/1859/1778 1795/1795/1716
f 1794/1794/1715 1796/1796/1717 1800/1800/1721
f 1856/1856/1775 1795/1795/1716 1859/1859/1778
f 1791/1791/1712 1790/1790/1711 1806/1806/1726
f 1802/1802/1723 1806/1806/1726 1805/1805/1725
f 1806/1806/1726 1790/1790/1711 1858/1858/1777
f 1805/1805/1725 1806/1806/1726 1860/1860/1779
f 1860/1860/1779 1806/1806/1726 1858/1858/1777
f 1797/1797/1718 1798/1798/1719 1812/1812/1732
f 1861/1861/1780 1799/1799/1720 1808/1808/1728
f 1862/1862/1781 1861/1861/1780 1808/1808/1728
f 1862/1862/1781 1808/1808/1728 1797/1797/1718
f 1862/1862/1781 1797/1797/1718 1812/1812/1732
f 1800/1800/1721 1799/1799/1720 1863/1863/1782
f 1800/1800/1721 1863/1863/1782 1864/1864/1783
f 1863/1863/1782 1799/1799/1720 1861/1861/1780
f 1865/1865/1784 1794/1794/1715 1800/1800/1721
f 1865/1865/1784 1800/1800/1721 1864/1864/1783
f 1862/1862/1781 1812/1812/1732 1866/1866/1785
f 1865/1865/1784 1859/1859/1778 1794/1794/1715
f 1812/1812/1732 1801/1801/1722 1867/1867/1786
f 1811/1811/1731 1867/1867/1786 1801/1801/1722
f 1868/1868/1787 1810/1810/1730 1813/1813/1733
f 1866/1866/1785 1812/1812/1732 1867/1867/1786
f 1869/1869/1788 1867/1867/1786 1811/1811/1731
f 1816/1816/1736 1817/1817/1727 1870/1870/1789
f 1822/1822/1741 1816/1816/1736 1870/1870/1789
f 1805/1805/1725 1860/1860/1779 1871/1871/1790
f 1807/1807/1727 1805/1805/1725 1871/1871/1790
f 1807/1807/1727 1871/1871/1790 1872/1872/1791
f 1817/1817/1727 1873/1873/1791 1870/1870/1789
f 1820/1820/1739 1822/1822/1741 1825/1825/1744
f 1822/1822/1741 1874/1874/1792 1825/1825/1744
f 1822/1822/1741 1870/1870/1789 1875/1875/1793
f 1822/1822/1741 1875/1875/1793 1874/1874/1792
f 1874/1874/1792 1875/1875/1793 1876/1876/1794
f 1826/1826/1745 1877/1877/1795 1830/1830/1749
f 1826/1826/1745 1825/1825/1744 1877/1877/1795
f 1825/1825/1744 1874/1874/1792 1877/1877/1795
f 1830/1830/1749 1877/1877/1795 1878/1878/1796
f 1877/1877/1795 1879/1879/1797 1878/1878/1796
f 1877/1877/1795 1874/1874/1792 1879/1879/1797
f 1880/1880/1798 1829/1829/1748 1830/1830/1749
f 1868/1868/1787 1813/1813/1733 1881/1881/1799
f 1881/1881/1799 1813/1813/1733 1818/1818/1737
f 1882/1882/1800 1881/1881/1799 1818/1818/1737
f 1882/1882/1800 1818/1818/1737 1831/1831/1750
f 1883/1883/1801 1831/1831/1750 1832/1832/1751
f 1884/1884/1802 1831/1831/1750 1883/1883/1801
f 1884/1884/1802 1882/1882/1800 1831/1831/1750
f 1879/1879/1797 1874/1874/1792 1885/1885/1803
f 1886/1886/1804 1884/1884/1802 1883/1883/1801
f 1833/1833/1752 1883/1883/1801 1832/1832/1751
f 1887/1887/1805 1883/1883/1801 1833/1833/1752
f 1886/1886/1804 1883/1883/1801 1887/1887/1805
f 1834/1834/1753 1887/1887/1805 1833/1833/1752
f 1878/1878/1796 1879/1879/1797 1888/1888/1806
f 1889/1889/1807 1887/1887/1805 1834/1834/1753
f 1879/1879/1797 1890/1890/1808 1888/1888/1806
f 1888/1888/1806 1890/1890/1808 1891/1891/1809
f 1892/1892/1810 1886/1886/1804 1887/1887/1805
f 1889/1889/1807 1892/1892/1810 1887/1887/1805
f 1893/1893/1811 515/515/515 1835/1835/1754
f 1893/1893/1811 516/516/516 515/515/515
f 1836/1836/1755 519/519/519 1894/1894/1812
f 1836/1836/1755 1894/1894/1812 1840/1840/1759
f 519/519/519 586/586/586 588/588/588
f 1894/1894/1812 519/519/519 588/588/588
f 1840/1840/1759 1894/1894/1812 1895/1895/1813
f 1896/1896/1814 1893/1893/1811 1835/1835/1754
f 1837/1837/1756 1896/1896/1814 1835/1835/1754
f 1896/1896/1814 1837/1837/1756 1897/1897/1815
f 1843/1843/1762 1840/1840/1759 1898/1898/1816
f 1898/1898/1816 1840/1840/1759 1895/1895/1813
f 1898/1898/1816 1895/1895/1813 1899/1899/1817
f 1844/1844/1763 1837/1837/1756 1779/1779/1700
f 1897/1897/1815 1837/1837/1756 1844/1844/1763
f 1842/1842/1761 1843/1843/1762 1898/1898/1816
f 1842/1842/1761 1898/1898/1816 1900/1900/1818
f 1900/1900/1818 1898/1898/1816 1899/1899/1817
f 1900/1900/1818 1899/1899/1817 1901/1901/1819
f 1847/1847/1766 1902/1902/1820 1844/1844/1763
f 1903/1903/1821 1844/1844/1763 1902/1902/1820
f 1903/1903/1821 1897/1897/1815 1844/1844/1763
f 1846/1846/1765 1842/1842/1761 1904/1904/1822
f 1904/1904/1822 1842/1842/1761 1900/1900/1818
f 1846/1846/1765 1904/1904/1822 1905/1905/1823
f 1904/1904/1822 1900/1900/1818 1906/1906/1824
f 1900/1900/1818 1901/1901/1819 1906/1906/1824
f 1905/1905/1823 1904/1904/1822 1906/1906/1824
f 1907/1907/1825 1847/1847/1766 1848/1848/1767
f 1907/1907/1825 1902/1902/1820 1847/1847/1766
f 1850/1850/1769 1846/1846/1765 1905/1905/1823
f 1850/1850/1769 1905/1905/1823 1851/1851/1770
f 1905/1905/1823 1906/1906/1824 1908/1908/1826
f 1855/1855/1774 1907/1907/1825 1848/1848/1767
f 1851/1851/1770 1909/1909/1827 1853/1853/1772
f 1910/1910/1828 1853/1853/1772 1909/1909/1827
f 1851/1851/1770 1905/1905/1823 1908/1908/1826
f 1851/1851/1770 1908/1908/1826 1909/1909/1827
f 1911/1911/1829 1854/1854/1773 1856/1856/1775
f 1912/1912/1830 1907/1907/1825 1855/1855/1774
f 1913/1913/1831 1854/1854/1773 1911/1911/1829
f 1853/1853/1772 1910/1910/1828 1857/1857/1776
f 1857/1857/1776 1910/1910/1828 1914/1914/1832
f 1910/1910/1828 1909/1909/1827 1914/1914/1832
f 1915/1915/1833 1856/1856/1775 1859/1859/1778
f 1916/1916/1834 1915/1915/1833 1859/1859/1778
f 1915/1915/1833 1911/1911/1829 1856/1856/1775
f 1860/1860/1779 1858/1858/1777 1917/1917/1835
f 1857/1857/1776 1917/1917/1835 1858/1858/1777
f 1918/1918/1836 1860/1860/1779 1917/1917/1835
f 1857/1857/1776 1914/1914/1832 1917/1917/1835
f 1914/1914/1832 1919/1919/1837 1917/1917/1835
f 1864/1864/1783 1863/1863/1782 1920/1920/1838
f 1921/1921/1839 1864/1864/1783 1920/1920/1838
f 1920/1920/1838 1863/1863/1782 1861/1861/1780
f 1865/1865/1784 1864/1864/1783 1921/1921/1839
f 1922/1922/1840 1920/1920/1838 1861/1861/1780
f 1923/1923/1841 1922/1922/1840 1861/1861/1780
f 1923/1923/1841 1861/1861/1780 1862/1862/1781
f 1923/1923/1841 1862/1862/1781 1866/1866/1785
f 1923/1923/1841 1866/1866/1785 1924/1924/1842
f 1916/1916/1834 1859/1859/1778 1865/1865/1784
f 1925/1925/1843 1916/1916/1834 1921/1921/1839
f 1916/1916/1834 1865/1865/1784 1921/1921/1839
f 1926/1926/1844 1920/1920/1838 1922/1922/1840
f 1920/1920/1838 1926/1926/1844 1921/1921/1839
f 1927/1927/1845 1923/1923/1841 1924/1924/1842
f 1928/1928/1846 1926/1926/1844 1922/1922/1840
f 1928/1928/1846 1922/1922/1840 1923/1923/1841
f 1923/1923/1841 1927/1927/1845 1928/1928/1846
f 1921/1921/1839 1926/1926/1844 1929/1929/1847
f 1930/1930/1848 1866/1866/1785 1867/1867/1786
f 1930/1930/1848 1867/1867/1786 1869/1869/1788
f 1924/1924/1842 1866/1866/1785 1930/1930/1848
f 1927/1927/1845 1924/1924/1842 1930/1930/1848
f 1875/1875/1793 1870/1870/1789 1931/1931/1849
f 1860/1860/1779 1918/1918/1836 1871/1871/1790
f 1872/1872/1791 1871/1871/1790 1932/1932/1850
f 1870/1870/1789 1873/1873/1791 1931/1931/1849
f 1871/1871/1790 1918/1918/1836 1933/1933/1851
f 1873/1873/1791 1934/1934/1850 1935/1935/1852
f 1931/1931/1849 1873/1873/1791 1935/1935/1852
f 1932/1932/1850 1871/1871/1790 1933/1933/1851
f 1918/1918/1836 1917/1917/1835 1933/1933/1851
f 1810/1810/1730 1869/1869/1788 1811/1811/1731
f 1936/1936/1853 1869/1869/1788 1810/1810/1730
f 1936/1936/1853 1810/1810/1730 1868/1868/1787
f 1881/1881/1799 1936/1936/1853 1868/1868/1787
f 1937/1937/1854 1927/1927/1845 1930/1930/1848
f 1938/1938/1855 1869/1869/1788 1936/1936/1853
f 1939/1939/1856 1881/1881/1799 1882/1882/1800
f 1884/1884/1802 1939/1939/1856 1882/1882/1800
f 1940/1940/1857 1875/1875/1793 1931/1931/1849
f 1939/1939/1856 1936/1936/1853 1881/1881/1799
f 1940/1940/1857 1931/1931/1849 1941/1941/1858
f 1939/1939/1856 1942/1942/1859 1936/1936/1853
f 1943/1943/1860 1944/1944/1861 1939/1939/1856
f 1874/1874/1792 1876/1876/1794 1885/1885/1803
f 1945/1945/1862 1943/1943/1860 1884/1884/1802
f 1945/1945/1862 1884/1884/1802 1886/1886/1804
f 1875/1875/1793 1940/1940/1857 1876/1876/1794
f 1943/1943/1860 1939/1939/1856 1884/1884/1802
f 1876/1876/1794 1940/1940/1857 1946/1946/1863
f 1876/1876/1794 1946/1946/1863 1885/1885/1803
f 1885/1885/1803 1946/1946/1863 1947/1947/1864
f 1890/1890/1808 1879/1879/1797 1948/1948/1865
f 1879/1879/1797 1885/1885/1803 1948/1948/1865
f 1945/1945/1862 1886/1886/1804 1892/1892/1810
f 1949/1949/1866 1945/1945/1862 1892/1892/1810
f 1885/1885/1803 1947/1947/1864 1948/1948/1865
f 1950/1950/1867 1948/1948/1865 1947/1947/1864
f 1951/1951/1868 1943/1943/1860 1945/1945/1862
f 1951/1951/1868 1945/1945/1862 1949/1949/1866
f 1891/1891/1809 1890/1890/1808 1950/1950/1867
f 1890/1890/1808 1948/1948/1865 1950/1950/1867
f 1891/1891/1809 1950/1950/1867 1952/1952/1869
f 1953/1953/1870 1954/1954/1866 1955/1955/1810
f 1952/1952/1869 1950/1950/1867 1956/1956/1871
f 1950/1950/1867 1957/1957/1872 1956/1956/1871
f 585/585/585 516/516/516 1893/1893/1811
f 647/647/647 584/584/584 585/585/585
f 585/585/585 1893/1893/1811 1958/1958/1873
f 1958/1958/1873 647/647/647 585/585/585
f 1894/1894/1812 588/588/588 1959/1959/1874
f 1895/1895/1813 1894/1894/1812 1960/1960/1875
f 588/588/588 649/649/649 1959/1959/1874
f 1960/1960/1875 1894/1894/1812 1959/1959/1874
f 1959/1959/1874 649/649/649 1961/1961/1876
f 1959/1959/1874 1961/1961/1876 1962/1962/1877
f 1896/1896/1814 1958/1958/1873 1893/1893/1811
f 1963/1963/1878 1958/1958/1873 1896/1896/1814
f 1899/1899/1817 1895/1895/1813 1964/1964/1879
f 1895/1895/1813 1960/1960/1875 1964/1964/1879
f 1960/1960/1875 1959/1959/1874 1962/1962/1877
f 1960/1960/1875 1965/1965/1880 1964/1964/1879
f 1960/1960/1875 1962/1962/1877 1965/1965/1880
f 1966/1966/1881 1896/1896/1814 1897/1897/1815
f 1967/1967/1882 1966/1966/1881 1897/1897/1815
f 1963/1963/1878 1896/1896/1814 1966/1966/1881
f 1901/1901/1819 1899/1899/1817 1968/1968/1883
f 1899/1899/1817 1964/1964/1879 1968/1968/1883
f 1968/1968/1883 1964/1964/1879 1969/1969/1884
f 1967/1967/1882 1897/1897/1815 1903/1903/1821
f 1970/1970/1885 1967/1967/1882 1903/1903/1821
f 1906/1906/1824 1901/1901/1819 1968/1968/1883
f 1906/1906/1824 1971/1971/1886 1972/1972/1887
f 1906/1906/1824 1968/1968/1883 1971/1971/1886
f 1968/1968/1883 1973/1973/1888 1971/1971/1886
f 1973/1973/1888 1968/1968/1883 1969/1969/1884
f 1974/1974/1889 1902/1902/1820 1907/1907/1825
f 1974/1974/1889 1903/1903/1821 1902/1902/1820
f 1970/1970/1885 1903/1903/1821 1974/1974/1889
f 1908/1908/1826 1906/1906/1824 1972/1972/1887
f 1972/1972/1887 1971/1971/1886 1973/1973/1888
f 1909/1909/1827 1908/1908/1826 1975/1975/1890
f 1908/1908/1826 1972/1972/1887 1975/1975/1890
f 1975/1975/1890 1972/1972/1887 1976/1976/1891
f 1975/1975/1890 1976/1976/1891 1977/1977/1892
f 1978/1978/1893 1975/1975/1890 1977/1977/1892
f 1913/1913/1831 1855/1855/1774 1854/1854/1773
f 1913/1913/1831 1912/1912/1830 1855/1855/1774
f 1914/1914/1832 1909/1909/1827 1978/1978/1893
f 1914/1914/1832 1978/1978/1893 1919/1919/1837
f 1909/1909/1827 1975/1975/1890 1978/1978/1893
f 1979/1979/1894 1978/1978/1893 1977/1977/1892
f 1919/1919/1837 1978/1978/1893 1979/1979/1894
f 1980/1980/1895 1981/1981/1896 1915/1915/1833
f 1911/1911/1829 1915/1915/1833 1981/1981/1896
f 1911/1911/1829 1981/1981/1896 1982/1982/1897
f 1917/1917/1835 1919/1919/1837 1983/1983/1898
f 1917/1917/1835 1983/1983/1898 1984/1984/1899
f 1983/1983/1898 1919/1919/1837 1979/1979/1894
f 1985/1985/1900 1916/1916/1834 1925/1925/1843
f 1927/1927/1845 1986/1986/1901 1928/1928/1846
f 1925/1925/1843 1921/1921/1839 1929/1929/1847
f 1980/1980/1895 1915/1915/1833 1916/1916/1834
f 1980/1980/1895 1916/1916/1834 1985/1985/1900
f 1987/1987/1902 1986/1986/1901 1927/1927/1845
f 1929/1929/1847 1926/1926/1844 1928/1928/1846
f 1988/1988/1903 1928/1928/1846 1986/1986/1901
f 1989/1989/1904 1985/1985/1900 1925/1925/1843
f 1925/1925/1843 1929/1929/1847 1989/1989/1904
f 1990/1990/1905 1929/1929/1847 1928/1928/1846
f 1989/1989/1904 1929/1929/1847 1990/1990/1905
f 1991/1991/1906 1987/1987/1902 1927/1927/1845
f 1932/1932/1850 1933/1933/1851 1992/1992/1907
f 1933/1933/1851 1917/1917/1835 1984/1984/1899
f 1932/1932/1850 1992/1992/1907 1993/1993/1908
f 1992/1992/1907 1933/1933/1851 1984/1984/1899
f 1935/1935/1852 1934/1934/1850 1994/1994/1908
f 1935/1935/1852 1994/1994/1908 1995/1995/1909
f 1990/1990/1905 1928/1928/1846 1988/1988/1903
f 1996/1996/1910 1988/1988/1903 1986/1986/1901
f 1987/1987/1902 1996/1996/1910 1986/1986/1901
f 1938/1938/1855 1930/1930/1848 1869/1869/1788
f 1942/1942/1859 1938/1938/1855 1936/1936/1853
f 1938/1938/1855 1937/1937/1854 1930/1930/1848
f 1991/1991/1906 1927/1927/1845 1937/1937/1854
f 1997/1997/1911 1938/1938/1855 1942/1942/1859
f 1998/1998/1912 1937/1937/1854 1938/1938/1855
f 1997/1997/1911 1998/1998/1912 1938/1938/1855
f 1940/1940/1857 1941/1941/1858 1999/1999/1913
f 1944/1944/1861 1942/1942/1859 1939/1939/1856
f 1931/1931/1849 1935/1935/1852 1941/1941/1858
f 2000/2000/1914 1944/1944/1861 1943/1943/1860
f 1941/1941/1858 1935/1935/1852 1995/1995/1909
f 2001/2001/1915 1942/1942/1859 1944/1944/1861
f 2002/2002/1916 1944/1944/1861 2000/2000/1914
f 2002/2002/1916 2001/2001/1915 1944/1944/1861
f 1947/1947/1864 2003/2003/1917 2004/2004/1918
f 1951/1951/1868 2000/2000/1914 1943/1943/1860
f 1946/1946/1863 1940/1940/1857 1999/1999/1913
f 1947/1947/1864 1946/1946/1863 2003/2003/1917
f 1946/1946/1863 1999/1999/1913 2003/2003/1917
f 2003/2003/1917 1999/1999/1913 2005/2005/1919
f 1947/1947/1864 1957/1957/1872 1950/1950/1867
f 1947/1947/1864 2004/2004/1918 1957/1957/1872
f 1949/1949/1866 2006/2006/1920 1951/1951/1868
f 1957/1957/1872 2004/2004/1918 2007/2007/1921
f 2006/2006/1920 2000/2000/1914 1951/1951/1868
f 2004/2004/1918 2008/2008/1922 2007/2007/1921
f 1956/1956/1871 1957/1957/1872 2007/2007/1921
f 1953/1953/1870 2009/2009/1923 1954/1954/1866
f 1956/1956/1871 2007/2007/1921 2010/2010/1924
f 2011/2011/1925 2009/2009/1923 1953/1953/1870
f 2009/2009/1923 2012/2012/1920 1954/1954/1866
f 2010/2010/1924 2007/2007/1921 2013/2013/1926
f 2010/2010/1924 2013/2013/1926 2014/2014/1927
f 2015/2015/1928 2009/2009/1923 2011/2011/1925
f 709/709/709 647/647/647 1958/1958/1873
f 2016/2016/1929 709/709/709 1958/1958/1873
f 2016/2016/1929 2017/2017/1930 709/709/709
f 1961/1961/1876 649/649/649 707/707/707
f 707/707/707 711/711/711 1961/1961/1876
f 2018/2018/1931 1961/1961/1876 711/711/711
f 1961/1961/1876 2018/2018/1931 2019/2019/1932
f 2020/2020/1933 2016/2016/1929 1963/1963/1878
f 2016/2016/1929 1958/1958/1873 1963/1963/1878
f 1965/1965/1880 1962/1962/1877 2021/2021/1934
f 1962/1962/1877 1961/1961/1876 2019/2019/1932
f 2021/2021/1934 1962/1962/1877 2019/2019/1932
f 2022/2022/1935 1965/1965/1880 2021/2021/1934
f 2023/2023/1936 1966/1966/1881 1967/1967/1882
f 2020/2020/1933 1963/1963/1878 1966/1966/1881
f 2020/2020/1933 1966/1966/1881 2023/2023/1936
f 1965/1965/1880 2022/2022/1935 1964/1964/1879
f 1964/1964/1879 2022/2022/1935 2024/2024/1937
f 1969/1969/1884 1964/1964/1879 2024/2024/1937
f 2024/2024/1937 2022/2022/1935 2025/2025/1938
f 2023/2023/1936 1967/1967/1882 1970/1970/1885
f 2026/2026/1939 2023/2023/1936 1970/1970/1885
f 2026/2026/1939 1970/1970/1885 2027/2027/1940
f 1973/1973/1888 1969/1969/1884 2028/2028/1941
f 2028/2028/1941 1969/1969/1884 2024/2024/1937
f 2028/2028/1941 2024/2024/1937 2029/2029/1942
f 2027/2027/1940 1970/1970/1885 1974/1974/1889
f 1972/1972/1887 1973/1973/1888 2028/2028/1941
f 1972/1972/1887 2028/2028/1941 1976/1976/1891
f 1976/1976/1891 2028/2028/1941 2030/2030/1943
f 2030/2030/1943 2028/2028/1941 2029/2029/1942
f 1974/1974/1889 1907/1907/1825 1912/1912/1830
f 2031/2031/1944 1974/1974/1889 1912/1912/1830
f 2032/2032/1945 2027/2027/1940 1974/1974/1889
f 2031/2031/1944 2032/2032/1945 1974/1974/1889
f 1976/1976/1891 2033/2033/1946 1977/1977/1892
f 1976/1976/1891 2030/2030/1943 2033/2033/1946
f 2034/2034/1947 1977/1977/1892 2033/2033/1946
f 1913/1913/1831 2031/2031/1944 1912/1912/1830
f 2035/2035/1948 2031/2031/1944 1913/1913/1831
f 1979/1979/1894 1977/1977/1892 2036/2036/1949
f 2036/2036/1949 1977/1977/1892 2034/2034/1947
f 2036/2036/1949 2034/2034/1947 2037/2037/1950
f 2038/2038/1951 2036/2036/1949 2037/2037/1950
f 1982/1982/1897 1913/1913/1831 1911/1911/1829
f 2035/2035/1948 1913/1913/1831 1982/1982/1897
f 2039/2039/1952 1982/1982/1897 1981/1981/1896
f 2039/2039/1952 1981/1981/1896 1980/1980/1895
f 2039/2039/1952 2035/2035/1948 1982/1982/1897
f 1984/1984/1899 1983/1983/1898 2040/2040/1953
f 1984/1984/1899 2040/2040/1953 2041/2041/1954
f 1979/1979/1894 2036/2036/1949 2038/2038/1951
f 1983/1983/1898 1979/1979/1894 2040/2040/1953
f 1979/1979/1894 2038/2038/1951 2040/2040/1953
f 1989/1989/1904 1990/1990/1905 2042/2042/1955
f 2043/2043/1956 1980/1980/1895 1985/1985/1900
f 2044/2044/1957 1985/1985/1900 1989/1989/1904
f 2044/2044/1957 2043/2043/1956 1985/1985/1900
f 2044/2044/1957 1989/1989/1904 2042/2042/1955
f 2042/2042/1955 1990/1990/1905 2045/2045/1958
f 2042/2042/1955 2045/2045/1958 2046/2046/1959
f 1992/1992/1907 1984/1984/1899 2047/2047/1960
f 1993/1993/1908 1992/1992/1907 2047/2047/1960
f 1984/1984/1899 2041/2041/1954 2047/2047/1960
f 1995/1995/1909 1994/1994/1908 2048/2048/1961
f 1993/1993/1908 2047/2047/1960 2049/2049/1961
f 2050/2050/1962 1995/1995/1909 2048/2048/1961
f 2047/2047/1960 2041/2041/1954 2051/2051/1963
f 2052/2052/1964 1996/1996/1910 1987/1987/1902
f 2053/2053/1965 1990/1990/1905 1988/1988/1903
f 2052/2052/1964 2054/2054/1966 1996/1996/1910
f 2054/2054/1966 1988/1988/1903 1996/1996/1910
f 2054/2054/1966 2053/2053/1965 1988/1988/1903
f 1998/1998/1912 1991/1991/1906 1937/1937/1854
f 2001/2001/1915 1997/1997/1911 1942/1942/1859
f 2055/2055/1967 1997/1997/1911 2001/2001/1915
f 2052/2052/1964 1987/1987/1902 1991/1991/1906
f 2056/2056/1968 1998/1998/1912 1997/1997/1911
f 2057/2057/1969 1991/1991/1906 1998/1998/1912
f 2056/2056/1968 2057/2057/1969 1998/1998/1912
f 2058/2058/1970 1997/1997/1911 2055/2055/1967
f 2059/2059/1971 1997/1997/1911 2058/2058/1970
f 1941/1941/1858 1995/1995/1909 2060/2060/1972
f 1999/1999/1913 2060/2060/1972 2005/2005/1919
f 1999/1999/1913 1941/1941/1858 2060/2060/1972
f 2055/2055/1967 2001/2001/1915 2002/2002/1916
f 2061/2061/1973 2055/2055/1967 2002/2002/1916
f 2060/2060/1972 1995/1995/1909 2050/2050/1962
f 2060/2060/1972 2062/2062/1974 2005/2005/1919
f 2060/2060/1972 2050/2050/1962 2062/2062/1974
f 2063/2063/1975 2055/2055/1967 2061/2061/1973
f 2063/2063/1975 2058/2058/1970 2055/2055/1967
f 2003/2003/1917 2005/2005/1919 2004/2004/1918
f 2006/2006/1920 2061/2061/1973 2000/2000/1914
f 2061/2061/1973 2002/2002/1916 2000/2000/1914
f 2004/2004/1918 2005/2005/1919 2064/2064/1976
f 2005/2005/1919 2065/2065/1977 2064/2064/1976
f 2004/2004/1918 2064/2064/1976 2008/2008/1922
f 2063/2063/1975 2061/2061/1973 2006/2006/1920
f 2005/2005/1919 2062/2062/1974 2066/2066/1978
f 2067/2067/1979 2068/2068/1975 2012/2012/1920
f 2005/2005/1919 2066/2066/1978 2065/2065/1977
f 2013/2013/1926 2007/2007/1921 2008/2008/1922
f 2013/2013/1926 2008/2008/1922 2069/2069/1980
f 2008/2008/1922 2070/2070/1981 2069/2069/1980
f 2008/2008/1922 2064/2064/1976 2070/2070/1981
f 2067/2067/1979 2012/2012/1920 2071/2071/1982
f 2072/2072/1983 2067/2067/1979 2071/2071/1982
f 2072/2072/1983 2071/2071/1982 2073/2073/1984
f 2009/2009/1923 2071/2071/1982 2012/2012/1920
f 2015/2015/1928 2071/2071/1982 2009/2009/1923
f 2013/2013/1926 2069/2069/1980 2014/2014/1927
f 2073/2073/1984 2071/2071/1982 2015/2015/1928
f 2074/2074/1985 2073/2073/1984 2015/2015/1928
f 2014/2014/1927 2069/2069/1980 2075/2075/1986
f 2076/2076/1987 735/735/728 746/746/738
f 2076/2076/1987 746/746/738 2077/2077/1988
f 2078/2078/1989 748/748/740 749/749/741
f 749/749/741 735/735/728 2076/2076/1987
f 2078/2078/1989 749/749/741 2079/2079/1990
f 2079/2079/1990 749/749/741 2076/2076/1987
f 2079/2079/1990 2076/2076/1987 2077/2077/1988
f 741/741/733 742/742/734 2080/2080/1991
f 747/747/739 741/741/733 2080/2080/1991
f 2080/2080/1991 742/742/734 750/750/742
f 2080/2080/1991 750/750/742 2081/2081/1992
f 2081/2081/1992 750/750/742 2082/2082/1993
f 746/746/738 747/747/739 2083/2083/1994
f 2079/2079/1990 2077/2077/1988 2084/2084/1995
f 2077/2077/1988 746/746/738 2085/2085/1996
f 2085/2085/1996 746/746/738 2083/2083/1994
f 2084/2084/1995 2077/2077/1988 2085/2085/1996
f 2086/2086/1997 2079/2079/1990 2084/2084/1995
f 2087/2087/1998 2078/2078/1989 2079/2079/1990
f 2087/2087/1998 2079/2079/1990 2086/2086/1997
f 747/747/739 2080/2080/1991 2088/2088/1999
f 2088/2088/1999 2080/2080/1991 2081/2081/1992
f 2083/2083/1994 747/747/739 2088/2088/1999
f 2089/2089/2000 2083/2083/1994 2088/2088/1999
f 2088/2088/1999 2081/2081/1992 2090/2090/2001
f 2081/2081/1992 2082/2082/1993 2091/2091/2002
f 2085/2085/1996 2083/2083/1994 2089/2089/2000
f 2086/2086/1997 2084/2084/1995 2092/2092/2003
f 2084/2084/1995 2085/2085/1996 2092/2092/2003
f 2092/2092/2003 2085/2085/1996 2089/2089/2000
f 2093/2093/2004 2087/2087/1998 2086/2086/1997
f 2086/2086/1997 2092/2092/2003 2094/2094/2005
f 2095/2095/2006 2092/2092/2003 2089/2089/2000
f 2094/2094/2005 2092/2092/2003 2095/2095/2006
f 2089/2089/2000 2088/2088/1999 2090/2090/2001
f 2090/2090/2001 2081/2081/1992 2096/2096/2007
f 2089/2089/2000 2090/2090/2001 2096/2096/2007
f 2089/2089/2000 2096/2096/2007 2095/2095/2006
f 2096/2096/2007 2081/2081/1992 2091/2091/2002
f 2095/2095/2006 2096/2096/2007 2097/2097/2008
f 2098/2098/2009 2094/2094/2005 2095/2095/2006
f 795/795/780 748/748/740 2078/2078/1989
f 2099/2099/2010 795/795/780 2078/2078/1989
f 797/797/782 795/795/780 2099/2099/2010
f 2100/2100/2011 797/797/782 2099/2099/2010
f 2101/2101/2012 797/797/782 2100/2100/2011
f 2101/2101/2012 796/796/781 797/797/782
f 801/801/785 796/796/781 2101/2101/2012
f 784/784/773 796/796/781 801/801/785
f 2102/2102/2013 800/800/784 786/786/775
f 2103/2103/2014 798/798/783 801/801/785
f 786/786/775 799/799/783 2104/2104/2014
f 750/750/742 802/802/786 2082/2082/1993
f 2082/2082/1993 802/802/786 2105/2105/2015
f 802/802/786 803/803/787 800/800/784
f 2105/2105/2015 802/802/786 800/800/784
f 2105/2105/2015 800/800/784 2102/2102/2013
f 2099/2099/2010 2078/2078/1989 2087/2087/1998
f 2106/2106/2016 2099/2099/2010 2087/2087/1998
f 2093/2093/2004 2106/2106/2016 2087/2087/1998
f 2100/2100/2011 2099/2099/2010 2106/2106/2016
f 2107/2107/2017 2100/2100/2011 2106/2106/2016
f 2101/2101/2012 2100/2100/2011 2107/2107/2017
f 2108/2108/2018 2101/2101/2012 2107/2107/2017
f 2109/2109/2019 801/801/785 2101/2101/2012
f 2103/2103/2014 801/801/785 2109/2109/2019
f 2110/2110/2020 786/786/775 2104/2104/2014
f 2102/2102/2013 786/786/775 2110/2110/2020
f 2108/2108/2018 2109/2109/2019 2101/2101/2012
f 2111/2111/2021 2103/2103/2014 2109/2109/2019
f 2111/2111/2021 2109/2109/2019 2108/2108/2018
f 2110/2110/2020 2104/2104/2014 2112/2112/2021
f 2113/2113/2022 2102/2102/2013 2110/2110/2020
f 2113/2113/2022 2110/2110/2020 2112/2112/2021
f 2082/2082/1993 2105/2105/2015 2114/2114/2023
f 2082/2082/1993 2114/2114/2023 2091/2091/2002
f 2105/2105/2015 2102/2102/2013 2113/2113/2022
f 2113/2113/2022 2114/2114/2023 2105/2105/2015
f 2115/2115/2024 2093/2093/2004 2086/2086/1997
f 2115/2115/2024 2086/2086/1997 2094/2094/2005
f 2107/2107/2017 2106/2106/2016 2093/2093/2004
f 2116/2116/2025 2093/2093/2004 2115/2115/2024
f 2107/2107/2017 2093/2093/2004 2116/2116/2025
f 2117/2117/2026 2116/2116/2025 2115/2115/2024
f 2118/2118/2027 2107/2107/2017 2116/2116/2025
f 2119/2119/2028 2108/2108/2018 2107/2107/2017
f 2118/2118/2027 2119/2119/2028 2107/2107/2017
f 2116/2116/2025 2117/2117/2026 2118/2118/2027
f 2111/2111/2021 2108/2108/2018 2119/2119/2028
f 2111/2111/2021 2119/2119/2028 2120/2120/2029
f 2112/2112/2021 2121/2121/2029 2113/2113/2022
f 2113/2113/2022 2121/2121/2029 2122/2122/2030
f 2123/2123/2031 2119/2119/2028 2118/2118/2027
f 2124/2124/2032 2118/2118/2027 2117/2117/2026
f 2096/2096/2007 2091/2091/2002 2125/2125/2033
f 2097/2097/2008 2096/2096/2007 2125/2125/2033
f 2125/2125/2033 2091/2091/2002 2114/2114/2023
f 2125/2125/2033 2114/2114/2023 2126/2126/2034
f 2114/2114/2023 2113/2113/2022 2126/2126/2034
f 2125/2125/2033 2126/2126/2034 2127/2127/2035
f 2126/2126/2034 2113/2113/2022 2122/2122/2030
f 2128/2128/2036 2117/2117/2026 2129/2129/2037
f 2115/2115/2024 2094/2094/2005 2130/2130/2038
f 2098/2098/2009 2130/2130/2038 2094/2094/2005
f 2098/2098/2009 2095/2095/2006 2131/2131/2039
f 2132/2132/2040 2115/2115/2024 2130/2130/2038
f 2133/2133/2041 2130/2130/2038 2098/2098/2009
f 2132/2132/2040 2129/2129/2037 2115/2115/2024
f 2133/2133/2041 2132/2132/2040 2130/2130/2038
f 2098/2098/2009 2134/2134/2042 2133/2133/2041
f 2129/2129/2037 2117/2117/2026 2115/2115/2024
f 2134/2134/2042 2098/2098/2009 2131/2131/2039
f 2135/2135/2043 2136/2136/2044 2133/2133/2041
f 2135/2135/2043 2133/2133/2041 2134/2134/2042
f 2134/2134/2042 2131/2131/2039 2137/2137/2045
f 2128/2128/2036 2129/2129/2037 2132/2132/2040
f 2138/2138/2046 2128/2128/2036 2132/2132/2040
f 2136/2136/2044 2138/2138/2046 2133/2133/2041
f 2138/2138/2046 2132/2132/2040 2133/2133/2041
f 2134/2134/2042 2137/2137/2045 2139/2139/2047
f 2134/2134/2042 2139/2139/2047 2135/2135/2043
f 2095/2095/2006 2097/2097/2008 2131/2131/2039
f 2097/2097/2008 2125/2125/2033 2137/2137/2045
f 2131/2131/2039 2097/2097/2008 2137/2137/2045
f 2125/2125/2033 2127/2127/2035 2137/2137/2045
f 2140/2140/2048 2141/2141/2049 2124/2124/2032
f 2119/2119/2028 2142/2142/2050 2120/2120/2029
f 2123/2123/2031 2118/2118/2027 2124/2124/2032
f 2142/2142/2050 2119/2119/2028 2123/2123/2031
f 2127/2127/2035 2143/2143/2051 2144/2144/2052
f 2145/2145/2053 2120/2120/2029 2142/2142/2050
f 2122/2122/2030 2121/2121/2029 2146/2146/2053
f 2122/2122/2030 2146/2146/2053 2143/2143/2051
f 2142/2142/2050 2147/2147/2054 2145/2145/2053
f 2143/2143/2051 2146/2146/2053 2148/2148/2055
f 2143/2143/2051 2148/2148/2055 2144/2144/2052
f 2141/2141/2049 2123/2123/2031 2124/2124/2032
f 2149/2149/2056 2147/2147/2054 2142/2142/2050
f 2150/2150/2055 2145/2145/2053 2147/2147/2054
f 2123/2123/2031 2141/2141/2049 2151/2151/2057
f 2126/2126/2034 2122/2122/2030 2143/2143/2051
f 2127/2127/2035 2126/2126/2034 2143/2143/2051
f 2124/2124/2032 2117/2117/2026 2128/2128/2036
f 2128/2128/2036 2140/2140/2048 2124/2124/2032
f 2152/2152/2058 2140/2140/2048 2153/2153/2059
f 2140/2140/2048 2128/2128/2036 2153/2153/2059
f 2153/2153/2059 2128/2128/2036 2138/2138/2046
f 2154/2154/2060 2136/2136/2044 2135/2135/2043
f 2139/2139/2047 2154/2154/2060 2135/2135/2043
f 2137/2137/2045 2127/2127/2035 2155/2155/2061
f 2137/2137/2045 2155/2155/2061 2139/2139/2047
f 2136/2136/2044 2156/2156/2062 2138/2138/2046
f 2156/2156/2062 2153/2153/2059 2138/2138/2046
f 2154/2154/2060 2156/2156/2062 2136/2136/2044
f 2157/2157/2063 2154/2154/2060 2139/2139/2047
f 2155/2155/2061 2157/2157/2063 2139/2139/2047
f 2141/2141/2049 2140/2140/2048 2158/2158/2064
f 2158/2158/2064 2151/2151/2057 2141/2141/2049
f 2159/2159/2065 2151/2151/2057 2158/2158/2064
f 2160/2160/2066 2159/2159/2065 2158/2158/2064
f 2159/2159/2065 2161/2161/2067 2151/2151/2057
f 2142/2142/2050 2123/2123/2031 2151/2151/2057
f 2142/2142/2050 2151/2151/2057 2149/2149/2056
f 2144/2144/2052 2148/2148/2055 2162/2162/2068
f 2144/2144/2052 2162/2162/2068 2163/2163/2069
f 2149/2149/2056 2164/2164/2070 2147/2147/2054
f 2147/2147/2054 2165/2165/2068 2150/2150/2055
f 2147/2147/2054 2164/2164/2070 2165/2165/2068
f 2162/2162/2068 2166/2166/2071 2167/2167/2072
f 2163/2163/2069 2162/2162/2068 2167/2167/2072
f 2165/2165/2068 2164/2164/2070 2168/2168/2071
f 2151/2151/2057 2169/2169/2073 2164/2164/2070
f 2149/2149/2056 2151/2151/2057 2164/2164/2070
f 2170/2170/2074 2152/2152/2058 2153/2153/2059
f 2171/2171/2075 2158/2158/2064 2140/2140/2048
f 2171/2171/2075 2140/2140/2048 2152/2152/2058
f 2170/2170/2074 2153/2153/2059 2156/2156/2062
f 2170/2170/2074 2171/2171/2075 2152/2152/2058
f 2160/2160/2066 2158/2158/2064 2171/2171/2075
f 2172/2172/2076 2160/2160/2066 2171/2171/2075
f 2170/2170/2074 2172/2172/2076 2171/2171/2075
f 2155/2155/2061 2127/2127/2035 2144/2144/2052
f 2155/2155/2061 2144/2144/2052 2173/2173/2077
f 2174/2174/2078 2156/2156/2062 2154/2154/2060
f 2173/2173/2077 2157/2157/2063 2155/2155/2061
f 2174/2174/2078 2170/2170/2074 2156/2156/2062
f 2174/2174/2078 2154/2154/2060 2157/2157/2063
f 2175/2175/2079 2157/2157/2063 2173/2173/2077
f 2144/2144/2052 2163/2163/2069 2173/2173/2077
f 2174/2174/2078 2157/2157/2063 2175/2175/2079
f 2176/2176/2080 909/909/879 908/908/878
f 908/908/878 912/912/882 2177/2177/2081
f 908/908/878 2177/2177/2081 2178/2178/2082
f 2176/2176/2080 908/908/878 2178/2178/2082
f 2179/2179/2083 2176/2176/2080 2178/2178/2082
f 2177/2177/2081 913/913/883 2180/2180/2084
f 2180/2180/2084 913/913/883 925/925/893
f 2180/2180/2084 925/925/893 2181/2181/2085
f 2177/2177/2081 912/912/882 913/913/883
f 2182/2182/2086 917/917/887 2183/2183/2087
f 917/917/887 915/915/885 2183/2183/2087
f 2184/2184/2088 916/916/886 917/917/887
f 2184/2184/2088 917/917/887 2182/2182/2086
f 2185/2185/2089 2184/2184/2088 2182/2182/2086
f 2183/2183/2087 915/915/885 918/918/888
f 2184/2184/2088 919/919/889 916/916/886
f 2186/2186/2090 919/919/889 2185/2185/2089
f 2185/2185/2089 919/919/889 2184/2184/2088
f 919/919/889 923/923/893 901/901/871
f 2187/2187/2091 923/923/893 919/919/889
f 913/913/883 914/914/884 925/925/893
f 921/921/891 922/922/892 2188/2188/2092
f 922/922/892 927/927/895 2188/2188/2092
f 2189/2189/2085 923/923/893 2187/2187/2091
f 2188/2188/2092 927/927/895 928/928/896
f 2188/2188/2092 928/928/896 2190/2190/2093
f 2178/2178/2082 2177/2177/2081 2191/2191/2094
f 2191/2191/2094 2177/2177/2081 2180/2180/2084
f 2191/2191/2094 2180/2180/2084 2192/2192/2095
f 2192/2192/2095 2180/2180/2084 2181/2181/2085
f 2193/2193/2096 2185/2185/2089 2182/2182/2086
f 2193/2193/2096 2182/2182/2086 2183/2183/2087
f 2193/2193/2096 2183/2183/2087 2194/2194/2097
f 2194/2194/2097 918/918/888 920/920/890
f 2183/2183/2087 918/918/888 2194/2194/2097
f 2194/2194/2097 920/920/890 2195/2195/2098
f 2196/2196/2099 2185/2185/2089 2193/2193/2096
f 2197/2197/2100 2196/2196/2099 2193/2193/2096
f 2194/2194/2097 2197/2197/2100 2193/2193/2096
f 2195/2195/2098 920/920/890 921/921/891
f 2198/2198/2101 2185/2185/2089 2196/2196/2099
f 2187/2187/2091 919/919/889 2186/2186/2090
f 2195/2195/2098 921/921/891 2199/2199/2102
f 2186/2186/2090 2185/2185/2089 2198/2198/2101
f 2199/2199/2102 921/921/891 2188/2188/2092
f 2199/2199/2102 2188/2188/2092 2200/2200/2103
f 2187/2187/2091 2186/2186/2090 2201/2201/2104
f 2201/2201/2104 2186/2186/2090 2198/2198/2101
f 2188/2188/2092 2190/2190/2093 2202/2202/2105
f 2188/2188/2092 2202/2202/2105 2200/2200/2103
f 2189/2189/2085 2187/2187/2091 2201/2201/2104
f 2203/2203/2095 2189/2189/2085 2201/2201/2104
f 2151/2151/2057 2161/2161/2067 2169/2169/2073
f 2204/2204/2106 2161/2161/2067 2159/2159/2065
f 2160/2160/2066 2204/2204/2106 2159/2159/2065
f 2205/2205/2107 2161/2161/2067 2204/2204/2106
f 2169/2169/2073 2161/2161/2067 2205/2205/2107
f 2205/2205/2107 2204/2204/2106 2206/2206/2108
f 2169/2169/2073 2205/2205/2107 2207/2207/2109
f 2164/2164/2070 2169/2169/2073 2168/2168/2071
f 2208/2208/2110 2166/2166/2071 2209/2209/2111
f 2167/2167/2072 2166/2166/2071 2208/2208/2110
f 2168/2168/2071 2169/2169/2073 2210/2210/2111
f 2169/2169/2073 2207/2207/2109 2210/2210/2111
f 2208/2208/2110 2209/2209/2111 2211/2211/2112
f 2195/2195/2098 2197/2197/2100 2194/2194/2097
f 2196/2196/2099 2197/2197/2100 2212/2212/2113
f 2198/2198/2101 2196/2196/2099 2212/2212/2113
f 2197/2197/2100 2195/2195/2098 2213/2213/2114
f 2213/2213/2114 2212/2212/2113 2197/2197/2100
f 2195/2195/2098 2199/2199/2102 2213/2213/2114
f 2214/2214/2115 2215/2215/2116 2212/2212/2113
f 2201/2201/2104 2198/2198/2101 2215/2215/2116
f 2215/2215/2116 2198/2198/2101 2212/2212/2113
f 2199/2199/2102 2216/2216/2117 2217/2217/2118
f 2213/2213/2114 2199/2199/2102 2217/2217/2118
f 2218/2218/2119 2215/2215/2116 2214/2214/2115
f 2199/2199/2102 2200/2200/2103 2216/2216/2117
f 2219/2219/2120 2172/2172/2076 2170/2170/2074
f 2219/2219/2120 2170/2170/2074 2174/2174/2078
f 2219/2219/2120 2220/2220/2121 2172/2172/2076
f 2221/2221/2122 2219/2219/2120 2174/2174/2078
f 2220/2220/2121 2160/2160/2066 2172/2172/2076
f 2220/2220/2121 2222/2222/2123 2160/2160/2066
f 2223/2223/2124 2219/2219/2120 2221/2221/2122
f 2160/2160/2066 2206/2206/2108 2204/2204/2106
f 2222/2222/2123 2206/2206/2108 2160/2160/2066
f 2224/2224/2125 2222/2222/2123 2220/2220/2121
f 2224/2224/2125 2220/2220/2121 2219/2219/2120
f 2223/2223/2124 2224/2224/2125 2219/2219/2120
f 2173/2173/2077 2163/2163/2069 2167/2167/2072
f 2173/2173/2077 2167/2167/2072 2225/2225/2126
f 2175/2175/2079 2221/2221/2122 2174/2174/2078
f 2225/2225/2126 2175/2175/2079 2173/2173/2077
f 2167/2167/2072 2208/2208/2110 2226/2226/2127
f 2167/2167/2072 2226/2226/2127 2225/2225/2126
f 2225/2225/2126 2226/2226/2127 2227/2227/2128
f 2175/2175/2079 2225/2225/2126 2227/2227/2128
f 2226/2226/2127 2208/2208/2110 2211/2211/2112
f 2227/2227/2128 2228/2228/2129 2221/2221/2122
f 2227/2227/2128 2221/2221/2122 2175/2175/2079
f 2212/2212/2113 2213/2213/2114 2229/2229/2130
f 2214/2214/2115 2212/2212/2113 2229/2229/2130
f 2229/2229/2130 2213/2213/2114 2217/2217/2118
f 2230/2230/2131 2231/2231/2115 2232/2232/2130
f 2232/2232/2130 2233/2233/2118 2230/2230/2131
f 2217/2217/2118 2216/2216/2117 2234/2234/2132
f 2235/2235/2133 2236/2236/2119 2231/2231/2115
f 2235/2235/2133 2231/2231/2115 2237/2237/2134
f 2230/2230/2131 2233/2233/2118 2238/2238/2135
f 2230/2230/2131 2237/2237/2134 2231/2231/2115
f 1418/1418/1356 100/100/100 2239/2239/2136
f 1037/1037/1001 1038/1038/1002 1445/1445/1383
f 1445/1445/1383 1038/1038/1002 1420/1420/1358
f 100/100/100 909/909/879 2239/2239/2136
f 2240/2240/2137 2239/2239/2136 909/909/879
f 1418/1418/1356 2239/2239/2136 2240/2240/2137
f 2241/2241/2138 1040/1040/1004 1445/1445/1383
f 1040/1040/1004 1037/1037/1001 1445/1445/1383
f 2242/2242/2139 1040/1040/1004 2241/2241/2138
f 2240/2240/2137 909/909/879 2243/2243/2140
f 2243/2243/2140 909/909/879 2176/2176/2080
f 1041/1041/1005 1043/1043/1007 2244/2244/2141
f 1043/1043/1007 1039/1039/1003 1040/1040/1004
f 1043/1043/1007 1040/1040/1004 2242/2242/2139
f 2244/2244/2141 1043/1043/1007 2242/2242/2139
f 2245/2245/2142 1044/1044/1008 1041/1041/1005
f 1041/1041/1005 2244/2244/2141 2246/2246/2143
f 2245/2245/2142 1041/1041/1005 2246/2246/2143
f 2247/2247/2144 2245/2245/2142 2246/2246/2143
f 2190/2190/2093 928/928/896 2248/2248/2145
f 928/928/896 1044/1044/1008 2248/2248/2145
f 2248/2248/2145 2245/2245/2142 2247/2247/2144
f 1044/1044/1008 2245/2245/2142 2248/2248/2145
f 1443/1443/1381 1419/1419/1357 2249/2249/2146
f 1460/1460/1398 1439/1439/1377 1443/1443/1381
f 2250/2250/2147 1445/1445/1383 1444/1444/1382
f 2241/2241/2138 1445/1445/1383 2250/2250/2147
f 2251/2251/2148 2250/2250/2147 1444/1444/1382
f 2251/2251/2148 2252/2252/2149 2250/2250/2147
f 2251/2251/2148 1444/1444/1382 1447/1447/1385
f 1419/1419/1357 1418/1418/1356 2240/2240/2137
f 1419/1419/1357 2240/2240/2137 2253/2253/2150
f 2249/2249/2146 1419/1419/1357 2253/2253/2150
f 2254/2254/2151 2249/2249/2146 2253/2253/2150
f 2242/2242/2139 2241/2241/2138 2252/2252/2149
f 2255/2255/2152 2242/2242/2139 2252/2252/2149
f 2241/2241/2138 2250/2250/2147 2252/2252/2149
f 2256/2256/2153 2252/2252/2149 2251/2251/2148
f 2255/2255/2152 2252/2252/2149 2256/2256/2153
f 2253/2253/2150 2240/2240/2137 2243/2243/2140
f 2253/2253/2150 2243/2243/2140 2176/2176/2080
f 2257/2257/2154 2176/2176/2080 2179/2179/2083
f 2253/2253/2150 2176/2176/2080 2257/2257/2154
f 2258/2258/2155 2253/2253/2150 2257/2257/2154
f 2259/2259/2156 2244/2244/2141 2242/2242/2139
f 2260/2260/2157 2259/2259/2156 2255/2255/2152
f 2259/2259/2156 2242/2242/2139 2255/2255/2152
f 2179/2179/2083 2178/2178/2082 2191/2191/2094
f 2257/2257/2154 2179/2179/2083 2191/2191/2094
f 2261/2261/2158 2257/2257/2154 2191/2191/2094
f 2246/2246/2143 2244/2244/2141 2262/2262/2159
f 2246/2246/2143 2262/2262/2159 2263/2263/2160
f 2247/2247/2144 2246/2246/2143 2263/2263/2160
f 2262/2262/2159 2244/2244/2141 2259/2259/2156
f 2264/2264/2161 2262/2262/2159 2259/2259/2156
f 2263/2263/2160 2262/2262/2159 2264/2264/2161
f 2264/2264/2161 2259/2259/2156 2260/2260/2157
f 2190/2190/2093 2248/2248/2145 2265/2265/2162
f 2248/2248/2145 2247/2247/2144 2265/2265/2162
f 2265/2265/2162 2247/2247/2144 2263/2263/2160
f 2265/2265/2162 2263/2263/2160 2266/2266/2163
f 2265/2265/2162 2266/2266/2163 2267/2267/2164
f 2266/2266/2163 2263/2263/2160 2268/2268/2165
f 2202/2202/2105 2190/2190/2093 2265/2265/2162
f 2202/2202/2105 2265/2265/2162 2267/2267/2164
f 1460/1460/1398 1443/1443/1381 2254/2254/2151
f 1443/1443/1381 2249/2249/2146 2254/2254/2151
f 1465/1465/1403 1460/1460/1398 2254/2254/2151
f 1465/1465/1403 2254/2254/2151 2269/2269/2166
f 1465/1465/1403 2269/2269/2166 1477/1477/1415
f 1466/1466/1404 1465/1465/1403 1477/1477/1415
f 2270/2270/2167 2251/2251/2148 1447/1447/1385
f 2270/2270/2167 1447/1447/1385 2271/2271/2168
f 1447/1447/1385 1446/1446/1384 1467/1467/1405
f 2271/2271/2168 1447/1447/1385 1467/1467/1405
f 2271/2271/2168 1467/1467/1405 1468/1468/1406
f 1468/1468/1406 2272/2272/2169 2271/2271/2168
f 2254/2254/2151 2253/2253/2150 2258/2258/2155
f 2273/2273/2170 2269/2269/2166 2254/2254/2151
f 2273/2273/2170 2254/2254/2151 2258/2258/2155
f 2256/2256/2153 2251/2251/2148 2270/2270/2167
f 2256/2256/2153 2270/2270/2167 2274/2274/2171
f 2274/2274/2171 2270/2270/2167 2271/2271/2168
f 2275/2275/2172 2256/2256/2153 2274/2274/2171
f 2271/2271/2168 2272/2272/2169 2274/2274/2171
f 2275/2275/2172 2274/2274/2171 2272/2272/2169
f 2276/2276/2173 2275/2275/2172 2272/2272/2169
f 2277/2277/2174 2258/2258/2155 2257/2257/2154
f 2273/2273/2170 2258/2258/2155 2277/2277/2174
f 2278/2278/2175 2273/2273/2170 2277/2277/2174
f 2279/2279/2176 2269/2269/2166 2273/2273/2170
f 2260/2260/2157 2255/2255/2152 2256/2256/2153
f 2280/2280/2177 2281/2281/2178 2260/2260/2157
f 2260/2260/2157 2256/2256/2153 2280/2280/2177
f 2282/2282/2179 2256/2256/2153 2275/2275/2172
f 2280/2280/2177 2256/2256/2153 2282/2282/2179
f 2280/2280/2177 2282/2282/2179 2283/2283/2180
f 2284/2284/2109 2285/2285/2107 2286/2286/2181
f 2278/2278/2175 2287/2287/2182 2285/2285/2107
f 2287/2287/2182 2286/2286/2181 2285/2285/2107
f 2288/2288/2108 2278/2278/2175 2285/2285/2107
f 2287/2287/2182 2257/2257/2154 2261/2261/2158
f 2277/2277/2174 2257/2257/2154 2287/2287/2182
f 2278/2278/2175 2277/2277/2174 2287/2287/2182
f 2268/2268/2165 2263/2263/2160 2264/2264/2161
f 2264/2264/2161 2260/2260/2157 2281/2281/2178
f 2268/2268/2165 2264/2264/2161 2281/2281/2178
f 2268/2268/2165 2281/2281/2178 2280/2280/2177
f 2289/2289/2183 2268/2268/2165 2283/2283/2180
f 2268/2268/2165 2280/2280/2177 2283/2283/2180
f 2286/2286/2181 2261/2261/2158 2191/2191/2094
f 2286/2286/2181 2191/2191/2094 2192/2192/2095
f 2287/2287/2182 2261/2261/2158 2286/2286/2181
f 2286/2286/2181 2192/2192/2095 2290/2290/2184
f 2291/2291/2184 2203/2203/2095 2201/2201/2104
f 2210/2210/2111 2207/2207/2109 2292/2292/2112
f 2284/2284/2109 2286/2286/2181 2293/2293/2112
f 2293/2293/2112 2286/2286/2181 2290/2290/2184
f 2226/2226/2127 2211/2211/2112 2294/2294/2184
f 2266/2266/2163 2268/2268/2165 2295/2295/2185
f 2267/2267/2164 2266/2266/2163 2295/2295/2185
f 2295/2295/2185 2268/2268/2165 2289/2289/2183
f 2216/2216/2117 2200/2200/2103 2202/2202/2105
f 2216/2216/2117 2202/2202/2105 2296/2296/2186
f 2297/2297/2187 2291/2291/2184 2201/2201/2104
f 2297/2297/2187 2201/2201/2104 2218/2218/2119
f 2218/2218/2119 2201/2201/2104 2215/2215/2116
f 2234/2234/2132 2216/2216/2117 2298/2298/2188
f 2216/2216/2117 2296/2296/2186 2298/2298/2188
f 2202/2202/2105 2267/2267/2164 2296/2296/2186
f 2296/2296/2186 2267/2267/2164 2298/2298/2188
f 2267/2267/2164 2295/2295/2185 2298/2298/2188
f 1477/1477/1415 2269/2269/2166 2299/2299/2189
f 1477/1477/1415 2299/2299/2189 1478/1478/1416
f 1478/1478/1416 2299/2299/2189 1556/1556/1494
f 1556/1556/1494 1479/1479/1417 1478/1478/1416
f 2300/2300/2190 2269/2269/2166 2279/2279/2176
f 2299/2299/2189 2269/2269/2166 2300/2300/2190
f 1556/1556/1494 2299/2299/2189 2300/2300/2190
f 2301/2301/2191 2302/2302/2123 2303/2303/2125
f 2304/2304/2192 2303/2303/2125 2305/2305/2193
f 2279/2279/2176 2273/2273/2170 2278/2278/2175
f 2301/2301/2191 2278/2278/2175 2302/2302/2123
f 2279/2279/2176 2278/2278/2175 2301/2301/2191
f 2304/2304/2192 2301/2301/2191 2303/2303/2125
f 2306/2306/2194 2279/2279/2176 2301/2301/2191
f 2307/2307/2195 2304/2304/2192 2305/2305/2193
f 2300/2300/2190 2279/2279/2176 2306/2306/2194
f 2304/2304/2192 2306/2306/2194 2301/2301/2191
f 2308/2308/2196 2283/2283/2180 2282/2282/2179
f 2309/2309/2197 2300/2300/2190 2306/2306/2194
f 2306/2306/2194 2304/2304/2192 2307/2307/2195
f 2302/2302/2123 2278/2278/2175 2288/2288/2108
f 2305/2305/2193 2303/2303/2125 2310/2310/2124
f 2311/2311/2198 2310/2310/2124 2312/2312/2129
f 2311/2311/2198 2305/2305/2193 2310/2310/2124
f 2311/2311/2198 2312/2312/2129 2313/2313/2199
f 2307/2307/2195 2305/2305/2193 2311/2311/2198
f 2289/2289/2183 2283/2283/2180 2308/2308/2196
f 2314/2314/2200 2315/2315/2183 2316/2316/2196
f 2317/2317/2201 2315/2315/2183 2314/2314/2200
f 2313/2313/2199 2307/2307/2195 2311/2311/2198
f 2307/2307/2195 2313/2313/2199 2318/2318/2202
f 2316/2316/2196 2319/2319/2203 2314/2314/2200
f 2320/2320/2204 2314/2314/2200 2319/2319/2203
f 2314/2314/2200 2320/2320/2204 2321/2321/2205
f 2228/2228/2129 2223/2223/2124 2221/2221/2122
f 2227/2227/2128 2226/2226/2127 2322/2322/2206
f 2322/2322/2206 2228/2228/2129 2227/2227/2128
f 2226/2226/2127 2294/2294/2184 2323/2323/2187
f 2226/2226/2127 2323/2323/2187 2322/2322/2206
f 2322/2322/2206 2323/2323/2187 2324/2324/2207
f 2324/2324/2207 2323/2323/2187 2325/2325/2208
f 2228/2228/2129 2322/2322/2206 2324/2324/2207
f 2326/2326/2209 2327/2327/2207 2328/2328/2208
f 2329/2329/2188 2330/2330/2185 2331/2331/2210
f 2327/2327/2207 2313/2313/2199 2312/2312/2129
f 2326/2326/2209 2328/2328/2208 2332/2332/2211
f 2330/2330/2185 2315/2315/2183 2317/2317/2201
f 2330/2330/2185 2317/2317/2201 2331/2331/2210
f 2331/2331/2210 2317/2317/2201 2314/2314/2200
f 2313/2313/2199 2327/2327/2207 2333/2333/2212
f 2333/2333/2212 2327/2327/2207 2326/2326/2209
f 2331/2331/2210 2314/2314/2200 2334/2334/2213
f 2333/2333/2212 2318/2318/2202 2313/2313/2199
f 2314/2314/2200 2321/2321/2205 2334/2334/2213
f 2233/2233/2118 2335/2335/2132 2238/2238/2135
f 2325/2325/2208 2323/2323/2187 2236/2236/2119
f 2335/2335/2132 2329/2329/2188 2336/2336/2214
f 2235/2235/2133 2325/2325/2208 2236/2236/2119
f 2238/2238/2135 2335/2335/2132 2336/2336/2214
f 2332/2332/2211 2328/2328/2208 2337/2337/2133
f 2332/2332/2211 2337/2337/2133 2338/2338/2134
f 2339/2339/2215 2336/2336/2214 2329/2329/2188
f 2238/2238/2135 2336/2336/2214 2339/2339/2215
f 2340/2340/2135 2341/2341/2215 2342/2342/2216
f 2343/2343/2217 2340/2340/2135 2342/2342/2216
f 2329/2329/2188 2331/2331/2210 2339/2339/2215
f 2339/2339/2215 2331/2331/2210 2334/2334/2213
f 2306/2306/2194 2307/2307/2195 2309/2309/2197
f 2309/2309/2197 2307/2307/2195 2318/2318/2202
f 2344/2344/2218 2318/2318/2202 2345/2345/2219
f 2345/2345/2219 2318/2318/2202 2333/2333/2212
f 2333/2333/2212 2326/2326/2209 2346/2346/2220
f 2345/2345/2219 2333/2333/2212 2346/2346/2220
f 2338/2338/2134 2347/2347/2131 2348/2348/2221
f 2347/2347/2131 2340/2340/2135 2343/2343/2217
f 2349/2349/2222 2338/2338/2134 2348/2348/2221
f 2348/2348/2221 2347/2347/2131 2343/2343/2217
f 2350/2350/2223 2332/2332/2211 2338/2338/2134
f 2348/2348/2221 2343/2343/2217 2351/2351/2224
f 2350/2350/2223 2338/2338/2134 2349/2349/2222
f 2349/2349/2222 2348/2348/2221 2351/2351/2224
f 2343/2343/2217 2342/2342/2216 2352/2352/2225
f 2351/2351/2224 2343/2343/2217 2352/2352/2225
f 2353/2353/2226 2349/2349/2222 2351/2351/2224
f 2350/2350/2223 2326/2326/2209 2332/2332/2211
f 2342/2342/2216 2341/2341/2215 2354/2354/2227
f 2352/2352/2225 2342/2342/2216 2354/2354/2227
f 2355/2355/2228 2350/2350/2223 2349/2349/2222
f 2353/2353/2226 2355/2355/2228 2349/2349/2222
f 2346/2346/2220 2326/2326/2209 2350/2350/2223
f 2354/2354/2227 2341/2341/2215 2356/2356/2229
f 2357/2357/2215 2358/2358/2213 2359/2359/2229
f 2360/2360/2230 2346/2346/2220 2350/2350/2223
f 2355/2355/2228 2360/2360/2230 2350/2350/2223
f 2353/2353/2226 2351/2351/2224 2361/2361/2231
f 2362/2362/2232 2353/2353/2226 2361/2361/2231
f 2351/2351/2224 2352/2352/2225 2361/2361/2231
f 2355/2355/2228 2353/2353/2226 2362/2362/2232
f 2363/2363/2233 2362/2362/2232 2364/2364/2234
f 2362/2362/2232 2361/2361/2231 2364/2364/2234
f 2362/2362/2232 2365/2365/2235 2355/2355/2228
f 2361/2361/2231 2352/2352/2225 2354/2354/2227
f 1534/1534/1472 1468/1468/1406 1480/1480/1418
f 1534/1534/1472 2272/2272/2169 1468/1468/1406
f 2366/2366/2236 2272/2272/2169 1534/1534/1472
f 2367/2367/2237 1534/1534/1472 1535/1535/1473
f 2367/2367/2237 2366/2366/2236 1534/1534/1472
f 2368/2368/2238 2366/2366/2236 2367/2367/2237
f 2367/2367/2237 1535/1535/1473 1536/1536/1474
f 2367/2367/2237 1536/1536/1474 2369/2369/2239
f 2369/2369/2239 2368/2368/2238 2367/2367/2237
f 2276/2276/2173 2272/2272/2169 2366/2366/2236
f 2276/2276/2173 2366/2366/2236 2368/2368/2238
f 2370/2370/2240 2276/2276/2173 2368/2368/2238
f 2369/2369/2239 2370/2370/2240 2368/2368/2238
f 2282/2282/2179 2275/2275/2172 2276/2276/2173
f 2371/2371/2241 2282/2282/2179 2276/2276/2173
f 2371/2371/2241 2308/2308/2196 2282/2282/2179
f 2371/2371/2241 2276/2276/2173 2370/2370/2240
f 2319/2319/2203 2372/2372/2241 2320/2320/2204
f 2373/2373/2242 2372/2372/2241 2374/2374/2240
f 2316/2316/2196 2372/2372/2241 2319/2319/2203
f 2372/2372/2241 2373/2373/2242 2320/2320/2204
f 1483/1483/1421 1556/1556/1494 1557/1557/1495
f 2369/2369/2239 1536/1536/1474 2375/2375/2243
f 2375/2375/2243 1536/1536/1474 1553/1553/1491
f 2376/2376/2244 2377/2377/2243 2378/2378/1491
f 2376/2376/2244 2379/2379/2239 2377/2377/2243
f 2380/2380/2245 2376/2376/2244 2378/2378/1491
f 2380/2380/2245 2378/2378/1491 1559/1559/1492
f 1558/1558/1496 2380/2380/2245 1559/1559/1492
f 2300/2300/2190 2309/2309/2197 2381/2381/2246
f 2300/2300/2190 2381/2381/2246 1556/1556/1494
f 2382/2382/2247 2374/2374/2240 2379/2379/2239
f 2373/2373/2242 2374/2374/2240 2382/2382/2247
f 2383/2383/2248 1557/1557/1495 1556/1556/1494
f 2383/2383/2248 1556/1556/1494 2381/2381/2246
f 2383/2383/2248 2381/2381/2246 2384/2384/2249
f 2376/2376/2244 2382/2382/2247 2379/2379/2239
f 2382/2382/2247 2376/2376/2244 2385/2385/2250
f 2385/2385/2250 2376/2376/2244 2380/2380/2245
f 2309/2309/2197 2318/2318/2202 2344/2344/2218
f 2381/2381/2246 2309/2309/2197 2344/2344/2218
f 2384/2384/2249 2381/2381/2246 2344/2344/2218
f 2386/2386/2251 2384/2384/2249 2344/2344/2218
f 2373/2373/2242 2387/2387/2252 2388/2388/2253
f 2387/2387/2252 2373/2373/2242 2382/2382/2247
f 2387/2387/2252 2382/2382/2247 2385/2385/2250
f 2389/2389/2252 2390/2390/2250 2391/2391/2254
f 2388/2388/2253 2321/2321/2205 2320/2320/2204
f 2386/2386/2251 2344/2344/2218 2345/2345/2219
f 2388/2388/2253 2320/2320/2204 2373/2373/2242
f 2392/2392/2255 2386/2386/2251 2345/2345/2219
f 2393/2393/2256 2394/2394/2253 2389/2389/2252
f 2393/2393/2256 2389/2389/2252 2391/2391/2254
f 2395/2395/2257 2393/2393/2256 2391/2391/2254
f 2345/2345/2219 2346/2346/2220 2392/2392/2255
f 2392/2392/2255 2346/2346/2220 2396/2396/2258
f 2358/2358/2213 2397/2397/2205 2398/2398/2259
f 2398/2398/2259 2397/2397/2205 2393/2393/2256
f 2397/2397/2205 2394/2394/2253 2393/2393/2256
f 2398/2398/2259 2393/2393/2256 2399/2399/2260
f 2393/2393/2256 2395/2395/2257 2399/2399/2260
f 2359/2359/2229 2358/2358/2213 2398/2398/2259
f 2360/2360/2230 2396/2396/2258 2346/2346/2220
f 2400/2400/2261 1570/1570/1506 1557/1557/1495
f 1570/1570/1506 2400/2400/2261 1575/1575/1509
f 2401/2401/2262 1573/1573/1496 1572/1572/1508
f 1557/1557/1495 2383/2383/2248 2400/2400/2261
f 2402/2402/2263 2400/2400/2261 2383/2383/2248
f 2384/2384/2249 2402/2402/2263 2383/2383/2248
f 2390/2390/2250 2403/2403/2245 2404/2404/2264
f 2404/2404/2264 2403/2403/2245 1573/1573/1496
f 2400/2400/2261 2402/2402/2263 2405/2405/2265
f 2405/2405/2265 2402/2402/2263 2406/2406/2266
f 2404/2404/2264 1573/1573/1496 2401/2401/2262
f 2404/2404/2264 2401/2401/2262 2407/2407/2267
f 2405/2405/2265 1575/1575/1509 2400/2400/2261
f 2408/2408/2268 2402/2402/2263 2384/2384/2249
f 2409/2409/2269 2390/2390/2250 2404/2404/2264
f 2391/2391/2254 2390/2390/2250 2409/2409/2269
f 2406/2406/2266 2402/2402/2263 2408/2408/2268
f 2408/2408/2268 2384/2384/2249 2386/2386/2251
f 2410/2410/2270 2386/2386/2251 2392/2392/2255
f 2411/2411/2271 2408/2408/2268 2386/2386/2251
f 2411/2411/2271 2386/2386/2251 2410/2410/2270
f 2391/2391/2254 2412/2412/2272 2395/2395/2257
f 2406/2406/2266 2408/2408/2268 2411/2411/2271
f 2412/2412/2272 2391/2391/2254 2409/2409/2269
f 2359/2359/2229 2398/2398/2259 2413/2413/2273
f 2410/2410/2270 2392/2392/2255 2396/2396/2258
f 2413/2413/2273 2398/2398/2259 2399/2399/2260
f 2414/2414/2274 2411/2411/2271 2410/2410/2270
f 2414/2414/2274 2410/2410/2270 2396/2396/2258
f 2414/2414/2274 2396/2396/2258 2415/2415/2275
f 2399/2399/2260 2395/2395/2257 2416/2416/2276
f 2417/2417/2277 2411/2411/2271 2414/2414/2274
f 2412/2412/2272 2416/2416/2276 2395/2395/2257
f 2399/2399/2260 2416/2416/2276 2418/2418/2278
f 2416/2416/2276 2419/2419/2279 2418/2418/2278
f 2413/2413/2273 2399/2399/2260 2418/2418/2278
f 2416/2416/2276 2412/2412/2272 2420/2420/2280
f 2419/2419/2279 2416/2416/2276 2420/2420/2280
f 2354/2354/2227 2356/2356/2229 2421/2421/2281
f 2365/2365/2235 2360/2360/2230 2355/2355/2228
f 2361/2361/2231 2354/2354/2227 2422/2422/2282
f 2365/2365/2235 2362/2362/2232 2363/2363/2233
f 2364/2364/2234 2361/2361/2231 2422/2422/2282
f 2354/2354/2227 2421/2421/2281 2423/2423/2283
f 2422/2422/2282 2354/2354/2227 2423/2423/2283
f 2359/2359/2229 2413/2413/2273 2424/2424/2281
f 2424/2424/2281 2413/2413/2273 2425/2425/2284
f 2426/2426/2283 2424/2424/2281 2425/2425/2284
f 2415/2415/2275 2360/2360/2230 2365/2365/2235
f 2415/2415/2275 2396/2396/2258 2360/2360/2230
f 2427/2427/2285 2426/2426/2283 2425/2425/2284
f 2413/2413/2273 2418/2418/2278 2425/2425/2284
f 2406/2406/2266 2411/2411/2271 2417/2417/2277
f 2428/2428/2286 2414/2414/2274 2415/2415/2275
f 2417/2417/2277 2414/2414/2274 2428/2428/2286
f 2364/2364/2234 2429/2429/2287 2363/2363/2233
f 2429/2429/2287 2364/2364/2234 2430/2430/2288
f 2429/2429/2287 2365/2365/2235 2363/2363/2233
f 2431/2431/2289 2365/2365/2235 2429/2429/2287
f 2432/2432/2234 2433/2433/2282 2434/2434/2290
f 2432/2432/2234 2434/2434/2290 2435/2435/2288
f 2430/2430/2288 2436/2436/2291 2429/2429/2287
f 2431/2431/2289 2415/2415/2275 2365/2365/2235
f 2433/2433/2282 2426/2426/2283 2427/2427/2285
f 2434/2434/2290 2433/2433/2282 2427/2427/2285
f 2431/2431/2289 2429/2429/2287 2436/2436/2291
f 2434/2434/2290 2437/2437/2291 2435/2435/2288
f 2438/2438/2292 2437/2437/2291 2434/2434/2290
f 2428/2428/2286 2415/2415/2275 2431/2431/2289
f 2434/2434/2290 2427/2427/2285 2439/2439/2293
f 2438/2438/2292 2440/2440/2289 2437/2437/2291
f 2434/2434/2290 2439/2439/2293 2441/2441/2294
f 2427/2427/2285 2425/2425/2284 2442/2442/2295
f 2439/2439/2293 2427/2427/2285 2442/2442/2295
f 2443/2443/2296 2440/2440/2289 2438/2438/2292
f 2441/2441/2294 2438/2438/2292 2434/2434/2290
f 2401/2401/2262 1572/1572/1508 2444/2444/2297
f 2401/2401/2262 2444/2444/2297 2445/2445/2298
f 2444/2444/2297 1572/1572/1508 1622/1622/1553
f 2445/2445/2298 2407/2407/2267 2401/2401/2262
f 2409/2409/2269 2404/2404/2264 2407/2407/2267
f 2409/2409/2269 2407/2407/2267 2446/2446/2299
f 2447/2447/2300 2409/2409/2269 2446/2446/2299
f 2412/2412/2272 2409/2409/2269 2420/2420/2280
f 2420/2420/2280 2409/2409/2269 2447/2447/2300
f 2419/2419/2279 2448/2448/2301 2418/2418/2278
f 2449/2449/2302 1576/1576/1510 1575/1575/1509
f 1622/1622/1553 1643/1643/1571 2450/2450/2303
f 2444/2444/2297 1622/1622/1553 2450/2450/2303
f 2451/2451/2304 1644/1644/1572 1640/1640/1568
f 2449/2449/2302 1575/1575/1509 2405/2405/2265
f 2446/2446/2299 2407/2407/2267 2445/2445/2298
f 2452/2452/2305 1576/1576/1510 2449/2449/2302
f 1640/1640/1568 1576/1576/1510 2452/2452/2305
f 2445/2445/2298 2444/2444/2297 2453/2453/2306
f 2453/2453/2306 2444/2444/2297 2450/2450/2303
f 2451/2451/2304 1640/1640/1568 2452/2452/2305
f 2445/2445/2298 2453/2453/2306 2454/2454/2307
f 2455/2455/2308 2405/2405/2265 2406/2406/2266
f 2449/2449/2302 2405/2405/2265 2455/2455/2308
f 2454/2454/2307 2447/2447/2300 2446/2446/2299
f 2452/2452/2305 2449/2449/2302 2456/2456/2309
f 2456/2456/2309 2449/2449/2302 2455/2455/2308
f 2454/2454/2307 2446/2446/2299 2445/2445/2298
f 2447/2447/2300 2454/2454/2307 2457/2457/2310
f 2458/2458/2311 2452/2452/2305 2456/2456/2309
f 2455/2455/2308 2406/2406/2266 2417/2417/2277
f 2459/2459/2312 2455/2455/2308 2417/2417/2277
f 2456/2456/2309 2455/2455/2308 2459/2459/2312
f 2420/2420/2280 2447/2447/2300 2460/2460/2313
f 2461/2461/2314 2460/2460/2313 2462/2462/2315
f 2463/2463/2316 2456/2456/2309 2459/2459/2312
f 2447/2447/2300 2457/2457/2310 2460/2460/2313
f 2463/2463/2316 2464/2464/2317 2456/2456/2309
f 2465/2465/2318 2460/2460/2313 2457/2457/2310
f 2462/2462/2315 2460/2460/2313 2465/2465/2318
f 2428/2428/2286 2459/2459/2312 2417/2417/2277
f 2448/2448/2301 2419/2419/2279 2460/2460/2313
f 2466/2466/2319 2418/2418/2278 2448/2448/2301
f 2467/2467/2320 2418/2418/2278 2466/2466/2319
f 2419/2419/2279 2420/2420/2280 2460/2460/2313
f 2468/2468/2321 2428/2428/2286 2469/2469/2322
f 2448/2448/2301 2460/2460/2313 2461/2461/2314
f 2459/2459/2312 2428/2428/2286 2468/2468/2321
f 2461/2461/2314 2470/2470/2323 2448/2448/2301
f 2466/2466/2319 2448/2448/2301 2471/2471/2324
f 2471/2471/2324 2448/2448/2301 2470/2470/2323
f 2461/2461/2314 2462/2462/2315 2470/2470/2323
f 2425/2425/2284 2418/2418/2278 2467/2467/2320
f 2442/2442/2295 2425/2425/2284 2467/2467/2320
f 2442/2442/2295 2467/2467/2320 2472/2472/2325
f 2469/2469/2322 2428/2428/2286 2431/2431/2289
f 2439/2439/2293 2442/2442/2295 2472/2472/2325
f 2473/2473/2326 2439/2439/2293 2472/2472/2325
f 2472/2472/2325 2467/2467/2320 2466/2466/2319
f 2443/2443/2296 2474/2474/2322 2440/2440/2289
f 2472/2472/2325 2466/2466/2319 2475/2475/2327
f 2451/2451/2304 2452/2452/2305 2458/2458/2311
f 2464/2464/2317 2458/2458/2311 2456/2456/2309
f 2464/2464/2317 2463/2463/2316 2476/2476/2328
f 2463/2463/2316 2459/2459/2312 2468/2468/2321
f 2476/2476/2328 2463/2463/2316 2468/2468/2321
f 2477/2477/2321 2474/2474/2322 2478/2478/2329
f 2479/2479/2328 2477/2477/2321 2478/2478/2329
f 2441/2441/2294 2439/2439/2293 2473/2473/2326
f 2441/2441/2294 2480/2480/2330 2438/2438/2292
f 2480/2480/2330 2443/2443/2296 2438/2438/2292
f 2480/2480/2330 2441/2441/2294 2481/2481/2331
f 2441/2441/2294 2473/2473/2326 2481/2481/2331
f 2482/2482/2332 2443/2443/2296 2480/2480/2330
f 2483/2483/2333 2474/2474/2322 2443/2443/2296
f 2482/2482/2332 2483/2483/2333 2443/2443/2296
f 2473/2473/2326 2472/2472/2325 2475/2475/2327
f 2481/2481/2331 2473/2473/2326 2484/2484/2334
f 2473/2473/2326 2475/2475/2327 2484/2484/2334
f 2485/2485/2335 2482/2482/2332 2480/2480/2330
f 2485/2485/2335 2480/2480/2330 2481/2481/2331
f 2485/2485/2335 2481/2481/2331 2486/2486/2336
f 2486/2486/2336 2481/2481/2331 2484/2484/2334
f 2478/2478/2329 2474/2474/2322 2483/2483/2333
f 2484/2484/2334 2475/2475/2327 2487/2487/2337
f 2488/2488/2338 2485/2485/2335 2486/2486/2336
f 2488/2488/2338 2482/2482/2332 2485/2485/2335
f 2486/2486/2336 2484/2484/2334 2489/2489/2339
f 2490/2490/2340 2450/2450/2303 1643/1643/1571
f 2453/2453/2306 2450/2450/2303 2490/2490/2340
f 2490/2490/2340 1643/1643/1571 1697/1697/1620
f 2491/2491/2341 2453/2453/2306 2490/2490/2340
f 2454/2454/2307 2453/2453/2306 2457/2457/2310
f 2453/2453/2306 2491/2491/2341 2457/2457/2310
f 1717/1717/1640 2490/2490/2340 1697/1697/1620
f 2492/2492/2342 2490/2490/2340 1717/1717/1640
f 1716/1716/1639 1714/1714/1637 2493/2493/2343
f 1644/1644/1572 2451/2451/2304 2458/2458/2311
f 2493/2493/2343 1714/1714/1637 1644/1644/1572
f 2458/2458/2311 2493/2493/2343 1644/1644/1572
f 2491/2491/2341 2490/2490/2340 2492/2492/2342
f 2494/2494/2344 2491/2491/2341 2492/2492/2342
f 2495/2495/2345 2493/2493/2343 2458/2458/2311
f 2492/2492/2342 1717/1717/1640 2496/2496/2346
f 2458/2458/2311 2464/2464/2317 2497/2497/2347
f 2498/2498/2348 2465/2465/2318 2457/2457/2310
f 2495/2495/2345 2458/2458/2311 2497/2497/2347
f 2457/2457/2310 2491/2491/2341 2498/2498/2348
f 2498/2498/2348 2491/2491/2341 2494/2494/2344
f 2499/2499/2349 2495/2495/2345 2497/2497/2347
f 2500/2500/2350 2464/2464/2317 2476/2476/2328
f 2500/2500/2350 2497/2497/2347 2464/2464/2317
f 2501/2501/2351 2462/2462/2315 2465/2465/2318
f 2501/2501/2351 2465/2465/2318 2498/2498/2348
f 2499/2499/2349 2497/2497/2347 2500/2500/2350
f 2498/2498/2348 2502/2502/2352 2501/2501/2351
f 2503/2503/2353 2501/2501/2351 2502/2502/2352
f 2475/2475/2327 2466/2466/2319 2471/2471/2324
f 2462/2462/2315 2501/2501/2351 2470/2470/2323
f 2471/2471/2324 2470/2470/2323 2504/2504/2354
f 2505/2505/2355 2506/2506/2350 2479/2479/2328
f 2505/2505/2355 2479/2479/2328 2478/2478/2329
f 2471/2471/2324 2504/2504/2354 2507/2507/2356
f 2505/2505/2355 2478/2478/2329 2508/2508/2357
f 2470/2470/2323 2501/2501/2351 2504/2504/2354
f 2509/2509/2358 2506/2506/2350 2505/2505/2355
f 2509/2509/2358 2505/2505/2355 2508/2508/2357
f 2504/2504/2354 2501/2501/2351 2503/2503/2353
f 2504/2504/2354 2503/2503/2353 2510/2510/2359
f 2510/2510/2359 2507/2507/2356 2504/2504/2354
f 2511/2511/2360 2510/2510/2359 2503/2503/2353
f 2475/2475/2327 2471/2471/2324 2507/2507/2356
f 2475/2475/2327 2507/2507/2356 2487/2487/2337
f 2484/2484/2334 2487/2487/2337 2489/2489/2339
f 2508/2508/2357 2478/2478/2329 2483/2483/2333
f 2508/2508/2357 2483/2483/2333 2482/2482/2332
f 2487/2487/2337 2507/2507/2356 2512/2512/2361
f 2489/2489/2339 2487/2487/2337 2513/2513/2362
f 2512/2512/2361 2507/2507/2356 2510/2510/2359
f 2514/2514/2363 1766/1766/1687 1716/1716/1639
f 2493/2493/2343 2514/2514/2363 1716/1716/1639
f 2514/2514/2363 2493/2493/2343 2495/2495/2345
f 2515/2515/2349 2506/2506/2350 2516/2516/2364
f 2516/2516/2364 2506/2506/2350 2509/2509/2358
f 2509/2509/2358 2508/2508/2357 2517/2517/2365
f 2516/2516/2364 2509/2509/2358 2518/2518/2366
f 2518/2518/2366 2509/2509/2358 2517/2517/2365
f 2519/2519/2367 2488/2488/2338 2486/2486/2336
f 2486/2486/2336 2489/2489/2339 2519/2519/2367
f 2520/2520/2368 2508/2508/2357 2482/2482/2332
f 2489/2489/2339 2513/2513/2362 2519/2519/2367
f 2521/2521/2369 2488/2488/2338 2519/2519/2367
f 2521/2521/2369 2519/2519/2367 2522/2522/2370
f 2513/2513/2362 2487/2487/2337 2523/2523/2371
f 2520/2520/2368 2482/2482/2332 2488/2488/2338
f 2520/2520/2368 2517/2517/2365 2508/2508/2357
f 2519/2519/2367 2513/2513/2362 2524/2524/2372
f 2519/2519/2367 2524/2524/2372 2522/2522/2370
f 2524/2524/2372 2513/2513/2362 2523/2523/2371
f 2520/2520/2368 2488/2488/2338 2521/2521/2369
f 2521/2521/2369 2522/2522/2370 2525/2525/2373
f 2523/2523/2371 2487/2487/2337 2512/2512/2361
f 2525/2525/2373 2522/2522/2370 2524/2524/2372
f 2496/2496/2346 1717/1717/1640 1767/1767/1688
f 1717/1717/1640 1755/1755/1676 1767/1767/1688
f 2492/2492/2342 2496/2496/2346 2526/2526/2374
f 2494/2494/2344 2492/2492/2342 2526/2526/2374
f 2526/2526/2374 2496/2496/2346 1767/1767/1688
f 2494/2494/2344 2526/2526/2374 2527/2527/2375
f 2498/2498/2348 2494/2494/2344 2502/2502/2352
f 2502/2502/2352 2494/2494/2344 2527/2527/2375
f 2503/2503/2353 2502/2502/2352 2528/2528/2376
f 2529/2529/2377 1766/1766/1687 2514/2514/2363
f 1762/1762/1683 1766/1766/1687 2529/2529/2377
f 2530/2530/2378 1762/1762/1683 2529/2529/2377
f 2530/2530/2378 2529/2529/2377 2531/2531/2379
f 1762/1762/1683 2530/2530/2378 1765/1765/1686
f 2529/2529/2377 2514/2514/2363 2495/2495/2345
f 2529/2529/2377 2495/2495/2345 2532/2532/2380
f 2533/2533/2381 2526/2526/2374 1767/1767/1688
f 2534/2534/2382 2526/2526/2374 2533/2533/2381
f 2532/2532/2380 2531/2531/2379 2529/2529/2377
f 2499/2499/2349 2532/2532/2380 2495/2495/2345
f 2535/2535/2380 2515/2515/2349 2536/2536/2383
f 2537/2537/2384 2535/2535/2380 2536/2536/2383
f 2527/2527/2375 2526/2526/2374 2534/2534/2382
f 2538/2538/2385 2527/2527/2375 2534/2534/2382
f 2539/2539/2379 2535/2535/2380 2537/2537/2384
f 2540/2540/2386 2515/2515/2349 2516/2516/2364
f 2540/2540/2386 2536/2536/2383 2515/2515/2349
f 2538/2538/2385 2502/2502/2352 2527/2527/2375
f 2528/2528/2376 2502/2502/2352 2538/2538/2385
f 2536/2536/2383 2540/2540/2386 2541/2541/2387
f 2528/2528/2376 2538/2538/2385 2542/2542/2388
f 2541/2541/2387 2537/2537/2384 2536/2536/2383
f 2538/2538/2385 2534/2534/2382 2542/2542/2388
f 2542/2542/2388 2534/2534/2382 2543/2543/2389
f 2510/2510/2359 2511/2511/2360 2544/2544/2390
f 2503/2503/2353 2528/2528/2376 2511/2511/2360
f 2516/2516/2364 2518/2518/2366 2540/2540/2386
f 2545/2545/2391 2510/2510/2359 2544/2544/2390
f 2546/2546/2392 2540/2540/2386 2518/2518/2366
f 2544/2544/2390 2511/2511/2360 2547/2547/2393
f 2546/2546/2392 2518/2518/2366 2548/2548/2394
f 2541/2541/2387 2540/2540/2386 2549/2549/2395
f 2549/2549/2395 2540/2540/2386 2546/2546/2392
f 2547/2547/2393 2511/2511/2360 2528/2528/2376
f 2550/2550/2396 2544/2544/2390 2547/2547/2393
f 2523/2523/2371 2512/2512/2361 2545/2545/2391
f 2512/2512/2361 2510/2510/2359 2545/2545/2391
f 2551/2551/2397 2524/2524/2372 2523/2523/2371
f 2552/2552/2398 2520/2520/2368 2521/2521/2369
f 2553/2553/2399 2552/2552/2398 2521/2521/2369
f 2520/2520/2368 2548/2548/2394 2517/2517/2365
f 2524/2524/2372 2551/2551/2397 2525/2525/2373
f 2548/2548/2394 2518/2518/2366 2517/2517/2365
f 2545/2545/2391 2544/2544/2390 2550/2550/2396
f 2523/2523/2371 2545/2545/2391 2551/2551/2397
f 2548/2548/2394 2520/2520/2368 2552/2552/2398
f 2551/2551/2397 2545/2545/2391 2550/2550/2396
f 2554/2554/2400 2548/2548/2394 2552/2552/2398
f 2525/2525/2373 2553/2553/2399 2521/2521/2369
f 2553/2553/2399 2525/2525/2373 2555/2555/2401
f 2556/2556/2402 2552/2552/2398 2553/2553/2399
f 2555/2555/2401 2525/2525/2373 2557/2557/2403
f 2556/2556/2402 2553/2553/2399 2555/2555/2401
f 2557/2557/2403 2525/2525/2373 2551/2551/2397
f 2557/2557/2403 2551/2551/2397 2558/2558/2404
f 2557/2557/2403 2556/2556/2402 2555/2555/2401
f 2556/2556/2402 2557/2557/2403 2559/2559/2405
f 2560/2560/2406 2556/2556/2402 2561/2561/2407
f 2533/2533/2381 1767/1767/1688 1764/1764/1685
f 2562/2562/2408 1764/1764/1685 1827/1827/1746
f 2533/2533/2381 1764/1764/1685 2562/2562/2408
f 1828/1828/1747 1765/1765/1686 2530/2530/2378
f 2530/2530/2378 2531/2531/2379 1828/1828/1747
f 1827/1827/1746 1829/1829/1748 2562/2562/2408
f 2562/2562/2408 1829/1829/1748 1880/1880/1798
f 2533/2533/2381 2562/2562/2408 2563/2563/2409
f 2564/2564/1747 2539/2539/2379 2565/2565/2410
f 2563/2563/2409 2562/2562/2408 2566/2566/2411
f 2562/2562/2408 1880/1880/1798 2566/2566/2411
f 2563/2563/2409 2566/2566/2411 2567/2567/2412
f 2534/2534/2382 2533/2533/2381 2543/2543/2389
f 2543/2543/2389 2533/2533/2381 2563/2563/2409
f 2568/2568/2413 2565/2565/2410 2539/2539/2379
f 2568/2568/2413 2539/2539/2379 2537/2537/2384
f 2543/2543/2389 2563/2563/2409 2569/2569/2414
f 2569/2569/2414 2563/2563/2409 2567/2567/2412
f 2570/2570/2415 2542/2542/2388 2543/2543/2389
f 2568/2568/2413 2537/2537/2384 2541/2541/2387
f 2543/2543/2389 2569/2569/2414 2570/2570/2415
f 2571/2571/2416 2570/2570/2415 2569/2569/2414
f 2542/2542/2388 2570/2570/2415 2547/2547/2393
f 2528/2528/2376 2542/2542/2388 2547/2547/2393
f 2550/2550/2396 2547/2547/2393 2572/2572/2417
f 2547/2547/2393 2570/2570/2415 2573/2573/2418
f 2573/2573/2418 2570/2570/2415 2571/2571/2416
f 2547/2547/2393 2573/2573/2418 2572/2572/2417
f 2554/2554/2400 2546/2546/2392 2548/2548/2394
f 2551/2551/2397 2550/2550/2396 2558/2558/2404
f 2550/2550/2396 2572/2572/2417 2558/2558/2404
f 1834/1834/1753 1828/1828/1747 2574/2574/2419
f 2565/2565/2410 2575/2575/2419 2564/2564/1747
f 2576/2576/2420 2575/2575/2419 2565/2565/2410
f 2568/2568/2413 2576/2576/2420 2565/2565/2410
f 2577/2577/2421 2576/2576/2420 2568/2568/2413
f 2578/2578/2422 2577/2577/2421 2568/2568/2413
f 2578/2578/2422 2568/2568/2413 2541/2541/2387
f 2554/2554/2400 2579/2579/2423 2546/2546/2392
f 2579/2579/2423 2549/2549/2395 2546/2546/2392
f 2578/2578/2422 2541/2541/2387 2549/2549/2395
f 2578/2578/2422 2549/2549/2395 2579/2579/2423
f 2572/2572/2417 2573/2573/2418 2580/2580/2424
f 2581/2581/2425 2572/2572/2417 2580/2580/2424
f 2571/2571/2416 2582/2582/2426 2583/2583/2427
f 2573/2573/2418 2571/2571/2416 2583/2583/2427
f 2573/2573/2418 2583/2583/2427 2580/2580/2424
f 2584/2584/2428 2578/2578/2422 2579/2579/2423
f 2560/2560/2406 2552/2552/2398 2556/2556/2402
f 2585/2585/2429 2558/2558/2404 2586/2586/2430
f 2557/2557/2403 2558/2558/2404 2585/2585/2429
f 2559/2559/2405 2557/2557/2403 2585/2585/2429
f 2587/2587/2431 2561/2561/2407 2556/2556/2402
f 2587/2587/2431 2556/2556/2402 2559/2559/2405
f 2558/2558/2404 2572/2572/2417 2588/2588/2432
f 2560/2560/2406 2554/2554/2400 2552/2552/2398
f 2587/2587/2431 2559/2559/2405 2585/2585/2429
f 2586/2586/2430 2558/2558/2404 2588/2588/2432
f 2588/2588/2432 2572/2572/2417 2581/2581/2425
f 2587/2587/2431 2585/2585/2429 2589/2589/2433
f 2590/2590/2434 2587/2587/2431 2589/2589/2433
f 2585/2585/2429 2586/2586/2430 2591/2591/2435
f 2590/2590/2434 2561/2561/2407 2587/2587/2431
f 2592/2592/2436 2579/2579/2423 2554/2554/2400
f 2592/2592/2436 2554/2554/2400 2560/2560/2406
f 2586/2586/2430 2588/2588/2432 2593/2593/2437
f 2586/2586/2430 2593/2593/2437 2591/2591/2435
f 2585/2585/2429 2591/2591/2435 2594/2594/2438
f 2589/2589/2433 2585/2585/2429 2594/2594/2438
f 1880/1880/1798 1830/1830/1749 2595/2595/2439
f 2596/2596/2440 1880/1880/1798 2595/2595/2439
f 2566/2566/2411 1880/1880/1798 2596/2596/2440
f 2567/2567/2412 2566/2566/2411 2596/2596/2440
f 2569/2569/2414 2567/2567/2412 2597/2597/2441
f 2569/2569/2414 2597/2597/2441 2571/2571/2416
f 2598/2598/2442 1834/1834/1753 2574/2574/2419
f 1888/1888/1806 1830/1830/1749 1878/1878/1796
f 2595/2595/2439 1830/1830/1749 1888/1888/1806
f 2599/2599/2442 2575/2575/2419 2576/2576/2420
f 2595/2595/2439 1888/1888/1806 2596/2596/2440
f 2596/2596/2440 1888/1888/1806 1891/1891/1809
f 1889/1889/1807 1834/1834/1753 2598/2598/2442
f 2567/2567/2412 2596/2596/2440 2600/2600/2443
f 2600/2600/2443 2596/2596/2440 1891/1891/1809
f 2601/2601/2444 2599/2599/2442 2576/2576/2420
f 2600/2600/2443 1891/1891/1809 2602/2602/2445
f 2603/2603/2446 2599/2599/2442 2601/2601/2444
f 2604/2604/2447 2576/2576/2420 2577/2577/2421
f 2567/2567/2412 2600/2600/2443 2597/2597/2441
f 2602/2602/2445 2597/2597/2441 2600/2600/2443
f 2597/2597/2441 2602/2602/2445 2605/2605/2448
f 2606/2606/2449 2601/2601/2444 2576/2576/2420
f 2604/2604/2447 2606/2606/2449 2576/2576/2420
f 2607/2607/2450 2602/2602/2445 2608/2608/2451
f 2571/2571/2416 2597/2597/2441 2582/2582/2426
f 2609/2609/2452 2577/2577/2421 2578/2578/2422
f 2582/2582/2426 2597/2597/2441 2605/2605/2448
f 2604/2604/2447 2577/2577/2421 2610/2610/2453
f 2610/2610/2453 2577/2577/2421 2609/2609/2452
f 2605/2605/2448 2602/2602/2445 2607/2607/2450
f 2606/2606/2449 2604/2604/2447 2610/2610/2453
f 2584/2584/2428 2609/2609/2452 2578/2578/2422
f 2592/2592/2436 2584/2584/2428 2579/2579/2423
f 2582/2582/2426 2605/2605/2448 2583/2583/2427
f 2580/2580/2424 2583/2583/2427 2611/2611/2454
f 2612/2612/2455 2580/2580/2424 2611/2611/2454
f 2613/2613/2456 2609/2609/2452 2584/2584/2428
f 2614/2614/2457 2613/2613/2456 2584/2584/2428
f 2611/2611/2454 2583/2583/2427 2615/2615/2458
f 2613/2613/2456 2610/2610/2453 2609/2609/2452
f 2583/2583/2427 2605/2605/2448 2616/2616/2459
f 2583/2583/2427 2616/2616/2459 2615/2615/2458
f 2617/2617/2460 2592/2592/2436 2560/2560/2406
f 2581/2581/2425 2580/2580/2424 2612/2612/2455
f 2588/2588/2432 2581/2581/2425 2593/2593/2437
f 2581/2581/2425 2612/2612/2455 2593/2593/2437
f 2614/2614/2457 2592/2592/2436 2617/2617/2460
f 2617/2617/2460 2560/2560/2406 2561/2561/2407
f 2584/2584/2428 2592/2592/2436 2614/2614/2457
f 2591/2591/2435 2593/2593/2437 2618/2618/2461
f 2591/2591/2435 2618/2618/2461 2619/2619/2462
f 2593/2593/2437 2612/2612/2455 2618/2618/2461
f 2612/2612/2455 2611/2611/2454 2620/2620/2463
f 2612/2612/2455 2620/2620/2463 2621/2621/2464
f 2618/2618/2461 2612/2612/2455 2621/2621/2464
f 2622/2622/2465 2614/2614/2457 2617/2617/2460
f 2594/2594/2438 2590/2590/2434 2589/2589/2433
f 2590/2590/2434 2594/2594/2438 2623/2623/2466
f 2624/2624/2467 2617/2617/2460 2561/2561/2407
f 2624/2624/2467 2561/2561/2407 2590/2590/2434
f 2594/2594/2438 2591/2591/2435 2623/2623/2466
f 2623/2623/2466 2591/2591/2435 2619/2619/2462
f 2625/2625/2468 2590/2590/2434 2623/2623/2466
f 2625/2625/2468 2624/2624/2467 2590/2590/2434
f 2623/2623/2466 2619/2619/2462 2625/2625/2468
f 2603/2603/2446 2626/2626/1807 2599/2599/2442
f 2608/2608/2451 1891/1891/1809 1952/1952/1869
f 2608/2608/2451 1952/1952/1869 2627/2627/2469
f 1953/1953/1870 1955/1955/1810 2626/2626/1807
f 1953/1953/1870 2626/2626/1807 2603/2603/2446
f 2628/2628/2470 1953/1953/1870 2603/2603/2446
f 2627/2627/2469 1952/1952/1869 1956/1956/1871
f 2627/2627/2469 1956/1956/1871 2629/2629/2471
f 2602/2602/2445 1891/1891/1809 2608/2608/2451
f 2630/2630/2472 2603/2603/2446 2601/2601/2444
f 2631/2631/2473 2627/2627/2469 2629/2629/2471
f 2628/2628/2470 2603/2603/2446 2630/2630/2472
f 2607/2607/2450 2608/2608/2451 2631/2631/2473
f 2631/2631/2473 2608/2608/2451 2627/2627/2469
f 2630/2630/2472 2601/2601/2444 2606/2606/2449
f 2607/2607/2450 2631/2631/2473 2632/2632/2474
f 2630/2630/2472 2606/2606/2449 2633/2633/2475
f 2633/2633/2475 2606/2606/2449 2610/2610/2453
f 2631/2631/2473 2629/2629/2471 2634/2634/2476
f 2631/2631/2473 2634/2634/2476 2632/2632/2474
f 2634/2634/2476 2635/2635/2477 2632/2632/2474
f 2636/2636/2478 2632/2632/2474 2635/2635/2477
f 2605/2605/2448 2607/2607/2450 2616/2616/2459
f 2607/2607/2450 2632/2632/2474 2616/2616/2459
f 2616/2616/2459 2632/2632/2474 2636/2636/2478
f 2636/2636/2478 2637/2637/2479 2638/2638/2480
f 2636/2636/2478 2635/2635/2477 2637/2637/2479
f 2639/2639/2481 2633/2633/2475 2610/2610/2453
f 2640/2640/2482 2633/2633/2475 2639/2639/2481
f 2615/2615/2458 2616/2616/2459 2636/2636/2478
f 2620/2620/2463 2611/2611/2454 2641/2641/2483
f 2611/2611/2454 2615/2615/2458 2641/2641/2483
f 2620/2620/2463 2641/2641/2483 2642/2642/2484
f 2615/2615/2458 2636/2636/2478 2638/2638/2480
f 2643/2643/2485 2610/2610/2453 2613/2613/2456
f 2641/2641/2483 2615/2615/2458 2638/2638/2480
f 2643/2643/2485 2639/2639/2481 2610/2610/2453
f 2641/2641/2483 2638/2638/2480 2642/2642/2484
f 2644/2644/2486 2639/2639/2481 2643/2643/2485
f 2613/2613/2456 2614/2614/2457 2622/2622/2465
f 2643/2643/2485 2613/2613/2456 2622/2622/2465
f 2620/2620/2463 2642/2642/2484 2621/2621/2464
f 2621/2621/2464 2642/2642/2484 2645/2645/2487
f 2645/2645/2487 2642/2642/2484 2646/2646/2488
f 2644/2644/2486 2643/2643/2485 2647/2647/2489
f 2648/2648/2490 2619/2619/2462 2618/2618/2461
f 2649/2649/2491 2622/2622/2465 2617/2617/2460
f 2624/2624/2467 2649/2649/2491 2617/2617/2460
f 2650/2650/2492 2649/2649/2491 2624/2624/2467
f 2650/2650/2492 2624/2624/2467 2625/2625/2468
f 2625/2625/2468 2619/2619/2462 2651/2651/2493
f 2618/2618/2461 2621/2621/2464 2648/2648/2490
f 2651/2651/2493 2619/2619/2462 2648/2648/2490
f 2650/2650/2492 2625/2625/2468 2651/2651/2493
f 2652/2652/2494 2622/2622/2465 2649/2649/2491
f 2652/2652/2494 2649/2649/2491 2650/2650/2492
f 2647/2647/2489 2643/2643/2485 2622/2622/2465
f 2653/2653/2495 2622/2622/2465 2652/2652/2494
f 2648/2648/2490 2621/2621/2464 2645/2645/2487
f 2654/2654/2496 2650/2650/2492 2651/2651/2493
f 2651/2651/2493 2648/2648/2490 2655/2655/2497
f 2654/2654/2496 2656/2656/2498 2650/2650/2492
f 2654/2654/2496 2651/2651/2493 2655/2655/2497
f 2629/2629/2471 1956/1956/1871 2010/2010/1924
f 2011/2011/1925 1953/1953/1870 2628/2628/2470
f 2011/2011/1925 2628/2628/2470 2657/2657/2499
f 2657/2657/2499 2015/2015/1928 2011/2011/1925
f 2010/2010/1924 2014/2014/1927 2658/2658/2500
f 2015/2015/1928 2657/2657/2499 2659/2659/2501
f 2660/2660/2502 2628/2628/2470 2630/2630/2472
f 2660/2660/2502 2657/2657/2499 2628/2628/2470
f 2629/2629/2471 2010/2010/1924 2634/2634/2476
f 2634/2634/2476 2010/2010/1924 2661/2661/2503
f 2659/2659/2501 2657/2657/2499 2660/2660/2502
f 2659/2659/2501 2660/2660/2502 2662/2662/2504
f 2010/2010/1924 2658/2658/2500 2661/2661/2503
f 2661/2661/2503 2658/2658/2500 2663/2663/2505
f 2660/2660/2502 2630/2630/2472 2633/2633/2475
f 2660/2660/2502 2633/2633/2475 2640/2640/2482
f 2635/2635/2477 2634/2634/2476 2661/2661/2503
f 2637/2637/2479 2635/2635/2477 2664/2664/2506
f 2640/2640/2482 2662/2662/2504 2660/2660/2502
f 2665/2665/2507 2640/2640/2482 2639/2639/2481
f 2635/2635/2477 2661/2661/2503 2664/2664/2506
f 2662/2662/2504 2640/2640/2482 2665/2665/2507
f 2661/2661/2503 2663/2663/2505 2664/2664/2506
f 2638/2638/2480 2637/2637/2479 2666/2666/2508
f 2667/2667/2509 2666/2666/2508 2668/2668/2510
f 2637/2637/2479 2664/2664/2506 2666/2666/2508
f 2668/2668/2510 2666/2666/2508 2664/2664/2506
f 2646/2646/2488 2642/2642/2484 2669/2669/2511
f 2638/2638/2480 2666/2666/2508 2667/2667/2509
f 2638/2638/2480 2667/2667/2509 2642/2642/2484
f 2642/2642/2484 2667/2667/2509 2669/2669/2511
f 2667/2667/2509 2668/2668/2510 2670/2670/2512
f 2669/2669/2511 2667/2667/2509 2670/2670/2512
f 2646/2646/2488 2669/2669/2511 2645/2645/2487
f 2645/2645/2487 2669/2669/2511 2671/2671/2513
f 2672/2672/2514 2639/2639/2481 2644/2644/2486
f 2665/2665/2507 2639/2639/2481 2672/2672/2514
f 2673/2673/2515 2644/2644/2486 2647/2647/2489
f 2673/2673/2515 2647/2647/2489 2674/2674/2516
f 2675/2675/2517 2650/2650/2492 2656/2656/2498
f 2653/2653/2495 2647/2647/2489 2622/2622/2465
f 2648/2648/2490 2645/2645/2487 2676/2676/2518
f 2648/2648/2490 2676/2676/2518 2677/2677/2519
f 2648/2648/2490 2677/2677/2519 2655/2655/2497
f 2675/2675/2517 2678/2678/2520 2652/2652/2494
f 2675/2675/2517 2652/2652/2494 2650/2650/2492
f 2679/2679/2521 2656/2656/2498 2654/2654/2496
f 2654/2654/2496 2655/2655/2497 2680/2680/2522
f 2654/2654/2496 2680/2680/2522 2679/2679/2521
f 2645/2645/2487 2671/2671/2513 2676/2676/2518
f 2655/2655/2497 2677/2677/2519 2680/2680/2522
f 2678/2678/2520 2653/2653/2495 2652/2652/2494
f 2674/2674/2516 2647/2647/2489 2653/2653/2495
f 2681/2681/2523 2675/2675/2517 2656/2656/2498
f 2679/2679/2521 2681/2681/2523 2656/2656/2498
f 2671/2671/2513 2682/2682/2524 2676/2676/2518
f 2683/2683/2525 2674/2674/2516 2653/2653/2495
f 2676/2676/2518 2682/2682/2524 2684/2684/2526
f 2683/2683/2525 2653/2653/2495 2678/2678/2520
f 2677/2677/2519 2676/2676/2518 2685/2685/2527
f 2677/2677/2519 2685/2685/2527 2680/2680/2522
f 2014/2014/1927 2075/2075/1986 2686/2686/2528
f 2658/2658/2500 2014/2014/1927 2686/2686/2528
f 2687/2687/2529 2015/2015/1928 2659/2659/2501
f 2687/2687/2529 2074/2074/1985 2015/2015/1928
f 2686/2686/2528 2075/2075/1986 2688/2688/2530
f 2658/2658/2500 2686/2686/2528 2663/2663/2505
f 2663/2663/2505 2686/2686/2528 2689/2689/2531
f 2690/2690/2532 2659/2659/2501 2662/2662/2504
f 2686/2686/2528 2688/2688/2530 2689/2689/2531
f 2664/2664/2506 2663/2663/2505 2691/2691/2533
f 2691/2691/2533 2663/2663/2505 2689/2689/2531
f 2691/2691/2533 2689/2689/2531 2692/2692/2534
f 2668/2668/2510 2664/2664/2506 2693/2693/2535
f 2664/2664/2506 2691/2691/2533 2693/2693/2535
f 2693/2693/2535 2691/2691/2533 2692/2692/2534
f 2668/2668/2510 2693/2693/2535 2670/2670/2512
f 2669/2669/2511 2670/2670/2512 2694/2694/2536
f 2670/2670/2512 2693/2693/2535 2695/2695/2537
f 2670/2670/2512 2695/2695/2537 2694/2694/2536
f 2690/2690/2532 2687/2687/2529 2659/2659/2501
f 2690/2690/2532 2662/2662/2504 2696/2696/2538
f 2697/2697/2539 2690/2690/2532 2696/2696/2538
f 2696/2696/2538 2662/2662/2504 2665/2665/2507
f 2698/2698/2540 2696/2696/2538 2665/2665/2507
f 2698/2698/2540 2665/2665/2507 2672/2672/2514
f 2699/2699/2541 2698/2698/2540 2672/2672/2514
f 2672/2672/2514 2644/2644/2486 2673/2673/2515
f 2671/2671/2513 2669/2669/2511 2700/2700/2542
f 2700/2700/2542 2669/2669/2511 2694/2694/2536
f 2699/2699/2541 2672/2672/2514 2673/2673/2515
f 2701/2701/2543 2673/2673/2515 2674/2674/2516
f 2701/2701/2543 2699/2699/2541 2673/2673/2515
f 2685/2685/2527 2676/2676/2518 2684/2684/2526
f 2702/2702/2544 2681/2681/2523 2679/2679/2521
f 2671/2671/2513 2700/2700/2542 2682/2682/2524
f 2703/2703/2545 2678/2678/2520 2675/2675/2517
f 2679/2679/2521 2680/2680/2522 2704/2704/2546
f 2705/2705/2547 2702/2702/2544 2679/2679/2521
f 2679/2679/2521 2704/2704/2546 2705/2705/2547
f 2681/2681/2523 2703/2703/2545 2675/2675/2517
f 2706/2706/2548 2703/2703/2545 2681/2681/2523
f 2706/2706/2548 2681/2681/2523 2702/2702/2544
f 2703/2703/2545 2683/2683/2525 2678/2678/2520
f 2707/2707/2549 2706/2706/2548 2702/2702/2544
f 2707/2707/2549 2702/2702/2544 2705/2705/2547
f 2683/2683/2525 2701/2701/2543 2674/2674/2516
f 2680/2680/2522 2685/2685/2527 2708/2708/2550
f 2704/2704/2546 2680/2680/2522 2708/2708/2550
f 2709/2709/2551 2707/2707/2549 2705/2705/2547
f 2705/2705/2547 2704/2704/2546 2709/2709/2551
f 653/653/653 652/652/652 2710/2710/2552
f 653/653/653 2710/2710/2552 2711/2711/2553
f 655/655/655 653/653/653 2711/2711/2553
f 2712/2712/2554 658/658/658 657/657/657
f 660/660/660 2712/2712/2554 657/657/657
f 661/661/661 659/659/659 2713/2713/2555
f 659/659/659 2714/2714/2556 2713/2713/2555
f 659/659/659 658/658/658 2715/2715/2557
f 2715/2715/2557 658/658/658 2712/2712/2554
f 659/659/659 2715/2715/2557 2714/2714/2556
f 2713/2713/2555 666/666/666 661/661/661
f 664/664/664 2716/2716/2558 2717/2717/2559
f 2716/2716/2558 664/664/664 663/663/663
f 663/663/663 665/665/665 2716/2716/2558
f 666/666/666 2718/2718/2560 665/665/665
f 2718/2718/2560 666/666/666 2713/2713/2555
f 669/669/669 664/664/664 2719/2719/2561
f 2719/2719/2561 664/664/664 2720/2720/2562
f 2721/2721/2563 669/669/669 2719/2719/2561
f 664/664/664 2717/2717/2559 2720/2720/2562
f 2722/2722/2564 667/667/667 668/668/668
f 2723/2723/2565 2722/2722/2564 668/668/668
f 2724/2724/2566 671/671/671 667/667/667
f 667/667/667 2722/2722/2564 2724/2724/2566
f 2724/2724/2566 2725/2725/2567 670/670/670
f 2724/2724/2566 670/670/670 671/671/671
f 652/652/652 673/673/673 2721/2721/2563
f 673/673/673 669/669/669 2721/2721/2563
f 2726/2726/2568 675/675/675 674/674/674
f 2721/2721/2563 2719/2719/2561 2727/2727/2569
f 652/652/652 2721/2721/2563 2728/2728/2570
f 2729/2729/2571 668/668/668 675/675/675
f 675/675/675 2726/2726/2568 2729/2729/2571
f 2721/2721/2563 2727/2727/2569 2728/2728/2570
f 2723/2723/2565 668/668/668 2729/2729/2571
f 677/677/677 2726/2726/2568 674/674/674
f 2710/2710/2552 652/652/652 2728/2728/2570
f 2730/2730/2572 2710/2710/2552 2728/2728/2570
f 2731/2731/2573 2726/2726/2568 677/677/677
f 2732/2732/2574 677/677/677 678/678/678
f 2710/2710/2552 2730/2730/2572 2733/2733/2575
f 2733/2733/2575 2711/2711/2553 2710/2710/2552
f 2731/2731/2573 677/677/677 2732/2732/2574
f 2734/2734/2576 678/678/678 680/680/680
f 2732/2732/2574 678/678/678 2734/2734/2576
f 2732/2732/2574 2734/2734/2576 2735/2735/2577
f 2736/2736/2578 681/681/681 618/618/618
f 688/688/688 2736/2736/2578 618/618/618
f 2737/2737/2579 682/682/682 681/681/681
f 2737/2737/2579 681/681/681 2736/2736/2578
f 2738/2738/2580 660/660/660 682/682/682
f 2739/2739/2581 2736/2736/2578 688/688/688
f 2737/2737/2579 2738/2738/2580 682/682/682
f 2738/2738/2580 2712/2712/2554 660/660/660
f 686/686/686 670/670/670 2740/2740/2582
f 2741/2741/2583 684/684/684 683/683/683
f 683/683/683 686/686/686 2740/2740/2582
f 683/683/683 2740/2740/2582 2741/2741/2583
f 684/684/684 2741/2741/2583 690/690/690
f 2740/2740/2582 670/670/670 2725/2725/2567
f 2740/2740/2582 2725/2725/2567 2742/2742/2584
f 2741/2741/2583 2740/2740/2582 2743/2743/2585
f 2741/2741/2583 2744/2744/2586 690/690/690
f 2740/2740/2582 2742/2742/2584 2743/2743/2585
f 2741/2741/2583 2743/2743/2585 2744/2744/2586
f 690/690/690 2744/2744/2586 2745/2745/2587
f 2746/2746/2588 688/688/688 687/687/687
f 689/689/689 690/690/690 2747/2747/2589
f 685/685/685 684/684/684 690/690/690
f 2747/2747/2589 690/690/690 2745/2745/2587
f 2747/2747/2589 2745/2745/2587 2748/2748/2590
f 2749/2749/2591 687/687/687 691/691/691
f 2749/2749/2591 2746/2746/2588 687/687/687
f 2750/2750/2592 2749/2749/2591 691/691/691
f 692/692/692 689/689/689 2751/2751/2593
f 692/692/692 2751/2751/2593 696/696/696
f 689/689/689 2747/2747/2589 2751/2751/2593
f 696/696/696 2751/2751/2593 2752/2752/2594
f 2751/2751/2593 2747/2747/2589 2752/2752/2594
f 696/696/696 2752/2752/2594 2753/2753/2595
f 2747/2747/2589 2748/2748/2590 2752/2752/2594
f 2754/2754/2596 691/691/691 694/694/694
f 2754/2754/2596 2750/2750/2592 691/691/691
f 693/693/693 696/696/696 2755/2755/2597
f 2755/2755/2597 696/696/696 2753/2753/2595
f 697/697/697 2754/2754/2596 694/694/694
f 2756/2756/2598 2754/2754/2596 697/697/697
f 2757/2757/2599 2754/2754/2596 2756/2756/2598
f 2756/2756/2598 697/697/697 637/637/637
f 695/695/695 693/693/693 2755/2755/2597
f 698/698/698 695/695/695 2755/2755/2597
f 698/698/698 2755/2755/2597 2758/2758/2600
f 2758/2758/2600 2755/2755/2597 2759/2759/2601
f 2755/2755/2597 2753/2753/2595 2760/2760/2602
f 2759/2759/2601 2755/2755/2597 2760/2760/2602
f 699/699/699 2756/2756/2598 637/637/637
f 2761/2761/2603 2756/2756/2598 699/699/699
f 2762/2762/2604 2761/2761/2603 699/699/699
f 2763/2763/2605 2756/2756/2598 2761/2761/2603
f 2762/2762/2604 2763/2763/2605 2761/2761/2603
f 700/700/700 698/698/698 2758/2758/2600
f 700/700/700 2758/2758/2600 2764/2764/2606
f 2758/2758/2600 2759/2759/2601 2765/2765/2607
f 2764/2764/2606 2758/2758/2600 2765/2765/2607
f 703/703/703 2762/2762/2604 699/699/699
f 2766/2766/2608 703/703/703 2767/2767/2609
f 700/700/700 2764/2764/2606 701/701/701
f 704/704/704 701/701/701 2768/2768/2610
f 701/701/701 2764/2764/2606 2768/2768/2610
f 2768/2768/2610 2764/2764/2606 2769/2769/2611
f 2769/2769/2611 2764/2764/2606 2765/2765/2607
f 2767/2767/2609 702/702/702 705/705/705
f 2767/2767/2609 703/703/703 702/702/702
f 2770/2770/2612 2767/2767/2609 705/705/705
f 706/706/706 704/704/704 2768/2768/2610
f 706/706/706 2768/2768/2610 2771/2771/2613
f 708/708/708 706/706/706 2771/2771/2613
f 2771/2771/2613 2768/2768/2610 2772/2772/2614
f 708/708/708 2771/2771/2613 2773/2773/2615
f 2772/2772/2614 2768/2768/2610 2769/2769/2611
f 2771/2771/2613 2772/2772/2614 2773/2773/2615
f 2017/2017/1930 710/710/710 709/709/709
f 2770/2770/2612 648/648/648 710/710/710
f 2770/2770/2612 705/705/705 648/648/648
f 2774/2774/2616 711/711/711 2775/2775/2617
f 711/711/711 708/708/708 2775/2775/2617
f 2775/2775/2617 708/708/708 2773/2773/2615
f 2711/2711/2553 2733/2733/2575 2776/2776/2618
f 655/655/655 2711/2711/2553 2776/2776/2618
f 2714/2714/2556 2715/2715/2557 2777/2777/2619
f 2778/2778/2620 2715/2715/2557 2712/2712/2554
f 2777/2777/2619 2715/2715/2557 2778/2778/2620
f 2778/2778/2620 2779/2779/2621 2777/2777/2619
f 2777/2777/2619 2780/2780/2622 2714/2714/2556
f 2716/2716/2558 665/665/665 2781/2781/2623
f 2781/2781/2623 665/665/665 2718/2718/2560
f 2716/2716/2558 2781/2781/2623 2782/2782/2624
f 2717/2717/2559 2716/2716/2558 2782/2782/2624
f 2781/2781/2623 2718/2718/2560 2783/2783/2625
f 2713/2713/2555 2714/2714/2556 2780/2780/2622
f 2780/2780/2622 2718/2718/2560 2713/2713/2555
f 2718/2718/2560 2780/2780/2622 2783/2783/2625
f 2720/2720/2562 2717/2717/2559 2784/2784/2626
f 2719/2719/2561 2720/2720/2562 2785/2785/2627
f 2719/2719/2561 2785/2785/2627 2727/2727/2569
f 2722/2722/2564 2723/2723/2565 2786/2786/2628
f 2720/2720/2562 2784/2784/2626 2785/2785/2627
f 2717/2717/2559 2782/2782/2624 2784/2784/2626
f 2786/2786/2628 2724/2724/2566 2722/2722/2564
f 2724/2724/2566 2786/2786/2628 2787/2787/2629
f 2729/2729/2571 2726/2726/2568 2788/2788/2630
f 2728/2728/2570 2727/2727/2569 2789/2789/2631
f 2727/2727/2569 2785/2785/2627 2790/2790/2632
f 2789/2789/2631 2727/2727/2569 2790/2790/2632
f 2791/2791/2633 2723/2723/2565 2729/2729/2571
f 2791/2791/2633 2729/2729/2571 2788/2788/2630
f 2723/2723/2565 2791/2791/2633 2786/2786/2628
f 2792/2792/2634 2786/2786/2628 2791/2791/2633
f 2789/2789/2631 2790/2790/2632 2793/2793/2635
f 2794/2794/2636 2791/2791/2633 2788/2788/2630
f 2788/2788/2630 2726/2726/2568 2731/2731/2573
f 2730/2730/2572 2728/2728/2570 2789/2789/2631
f 2730/2730/2572 2789/2789/2631 2795/2795/2637
f 2730/2730/2572 2795/2795/2637 2733/2733/2575
f 2796/2796/2638 2731/2731/2573 2732/2732/2574
f 2733/2733/2575 2795/2795/2637 2797/2797/2639
f 2798/2798/2640 2788/2788/2630 2731/2731/2573
f 2798/2798/2640 2731/2731/2573 2796/2796/2638
f 2795/2795/2637 2789/2789/2631 2793/2793/2635
f 2799/2799/2641 2797/2797/2639 2795/2795/2637
f 2798/2798/2640 2794/2794/2636 2788/2788/2630
f 2795/2795/2637 2793/2793/2635 2799/2799/2641
f 2800/2800/2642 2798/2798/2640 2796/2796/2638
f 2732/2732/2574 2735/2735/2577 2801/2801/2643
f 2776/2776/2618 2733/2733/2575 2797/2797/2639
f 2801/2801/2643 2796/2796/2638 2732/2732/2574
f 2776/2776/2618 2797/2797/2639 2802/2802/2644
f 2803/2803/2645 2804/2804/2643 2805/2805/2577
f 2806/2806/2646 2802/2802/2644 2797/2797/2639
f 2800/2800/2642 2796/2796/2638 2801/2801/2643
f 2739/2739/2581 2737/2737/2579 2736/2736/2578
f 2778/2778/2620 2712/2712/2554 2738/2738/2580
f 2807/2807/2647 2778/2778/2620 2738/2738/2580
f 2807/2807/2647 2779/2779/2621 2778/2778/2620
f 2808/2808/2648 2807/2807/2647 2738/2738/2580
f 2737/2737/2579 2808/2808/2648 2738/2738/2580
f 2808/2808/2648 2809/2809/2649 2807/2807/2647
f 2810/2810/2650 2808/2808/2648 2737/2737/2579
f 2810/2810/2650 2737/2737/2579 2739/2739/2581
f 2811/2811/2651 2744/2744/2586 2743/2743/2585
f 2811/2811/2651 2743/2743/2585 2742/2742/2584
f 2744/2744/2586 2811/2811/2651 2812/2812/2652
f 2725/2725/2567 2813/2813/2653 2742/2742/2584
f 2742/2742/2584 2814/2814/2654 2811/2811/2651
f 2742/2742/2584 2813/2813/2653 2814/2814/2654
f 2812/2812/2652 2811/2811/2651 2815/2815/2655
f 2739/2739/2581 688/688/688 2746/2746/2588
f 2749/2749/2591 2816/2816/2656 2746/2746/2588
f 2816/2816/2656 2817/2817/2657 2746/2746/2588
f 2746/2746/2588 2817/2817/2657 2739/2739/2581
f 2745/2745/2587 2744/2744/2586 2812/2812/2652
f 2745/2745/2587 2812/2812/2652 2748/2748/2590
f 2812/2812/2652 2815/2815/2655 2748/2748/2590
f 2818/2818/2658 2748/2748/2590 2819/2819/2659
f 2748/2748/2590 2815/2815/2655 2820/2820/2660
f 2748/2748/2590 2820/2820/2660 2819/2819/2659
f 2821/2821/2661 2749/2749/2591 2750/2750/2592
f 2821/2821/2661 2816/2816/2656 2749/2749/2591
f 2753/2753/2595 2752/2752/2594 2822/2822/2662
f 2822/2822/2662 2752/2752/2594 2818/2818/2658
f 2752/2752/2594 2748/2748/2590 2818/2818/2658
f 2822/2822/2662 2818/2818/2658 2819/2819/2659
f 2822/2822/2662 2819/2819/2659 2823/2823/2663
f 2757/2757/2599 2750/2750/2592 2754/2754/2596
f 2757/2757/2599 2821/2821/2661 2750/2750/2592
f 2821/2821/2661 2757/2757/2599 2824/2824/2664
f 2753/2753/2595 2822/2822/2662 2825/2825/2665
f 2760/2760/2602 2753/2753/2595 2825/2825/2665
f 2825/2825/2665 2822/2822/2662 2826/2826/2666
f 2826/2826/2666 2822/2822/2662 2823/2823/2663
f 2763/2763/2605 2827/2827/2667 2756/2756/2598
f 2828/2828/2668 2827/2827/2667 2763/2763/2605
f 2757/2757/2599 2756/2756/2598 2827/2827/2667
f 2824/2824/2664 2757/2757/2599 2827/2827/2667
f 2760/2760/2602 2825/2825/2665 2829/2829/2669
f 2759/2759/2601 2760/2760/2602 2829/2829/2669
f 2829/2829/2669 2825/2825/2665 2826/2826/2666
f 2762/2762/2604 2828/2828/2668 2763/2763/2605
f 2830/2830/2670 2828/2828/2668 2762/2762/2604
f 2831/2831/2671 2765/2765/2607 2759/2759/2601
f 2759/2759/2601 2829/2829/2669 2832/2832/2672
f 2831/2831/2671 2759/2759/2601 2832/2832/2672
f 2766/2766/2608 2762/2762/2604 703/703/703
f 2830/2830/2670 2762/2762/2604 2766/2766/2608
f 2765/2765/2607 2831/2831/2671 2769/2769/2611
f 2769/2769/2611 2831/2831/2671 2833/2833/2673
f 2833/2833/2673 2831/2831/2671 2832/2832/2672
f 2770/2770/2612 2834/2834/2674 2767/2767/2609
f 2834/2834/2674 2766/2766/2608 2767/2767/2609
f 2835/2835/2675 2834/2834/2674 2770/2770/2612
f 2836/2836/2676 2766/2766/2608 2834/2834/2674
f 2836/2836/2676 2834/2834/2674 2835/2835/2675
f 2772/2772/2614 2769/2769/2611 2833/2833/2673
f 2773/2773/2615 2772/2772/2614 2837/2837/2677
f 2772/2772/2614 2833/2833/2673 2837/2837/2677
f 2773/2773/2615 2837/2837/2677 2838/2838/2678
f 2837/2837/2677 2833/2833/2673 2839/2839/2679
f 2837/2837/2677 2839/2839/2679 2838/2838/2678
f 2840/2840/2680 710/710/710 2017/2017/1930
f 710/710/710 2835/2835/2675 2770/2770/2612
f 2841/2841/2681 710/710/710 2840/2840/2680
f 2841/2841/2681 2835/2835/2675 710/710/710
f 2775/2775/2617 2773/2773/2615 2842/2842/2682
f 2773/2773/2615 2838/2838/2678 2842/2842/2682
f 2838/2838/2678 2843/2843/2683 2842/2842/2682
f 2780/2780/2622 2777/2777/2619 2844/2844/2684
f 2845/2845/2685 2782/2782/2624 2781/2781/2623
f 2846/2846/2686 2782/2782/2624 2845/2845/2685
f 2847/2847/2687 2781/2781/2623 2783/2783/2625
f 2781/2781/2623 2847/2847/2687 2845/2845/2685
f 2848/2848/2688 2847/2847/2687 2783/2783/2625
f 2849/2849/2689 2783/2783/2625 2850/2850/2690
f 2849/2849/2689 2848/2848/2688 2783/2783/2625
f 2845/2845/2685 2847/2847/2687 2851/2851/2691
f 2847/2847/2687 2848/2848/2688 2851/2851/2691
f 2852/2852/2692 2785/2785/2627 2784/2784/2626
f 2784/2784/2626 2782/2782/2624 2846/2846/2686
f 2852/2852/2692 2784/2784/2626 2846/2846/2686
f 2787/2787/2629 2792/2792/2634 2853/2853/2693
f 2853/2853/2693 2854/2854/2694 2787/2787/2629
f 2846/2846/2686 2845/2845/2685 2855/2855/2695
f 2852/2852/2692 2846/2846/2686 2856/2856/2696
f 2856/2856/2696 2857/2857/2697 2852/2852/2692
f 2858/2858/2698 2792/2792/2634 2791/2791/2633
f 2858/2858/2698 2791/2791/2633 2794/2794/2636
f 2790/2790/2632 2785/2785/2627 2852/2852/2692
f 2790/2790/2632 2852/2852/2692 2857/2857/2697
f 2792/2792/2634 2787/2787/2629 2786/2786/2628
f 2790/2790/2632 2857/2857/2697 2793/2793/2635
f 2858/2858/2698 2853/2853/2693 2792/2792/2634
f 2793/2793/2635 2857/2857/2697 2859/2859/2699
f 2860/2860/2700 2853/2853/2693 2858/2858/2698
f 2860/2860/2700 2858/2858/2698 2861/2861/2701
f 2794/2794/2636 2798/2798/2640 2800/2800/2642
f 2862/2862/2702 2793/2793/2635 2859/2859/2699
f 2799/2799/2641 2793/2793/2635 2862/2862/2702
f 2863/2863/2703 2794/2794/2636 2800/2800/2642
f 2863/2863/2703 2858/2858/2698 2794/2794/2636
f 2858/2858/2698 2863/2863/2703 2861/2861/2701
f 2861/2861/2701 2863/2863/2703 2864/2864/2704
f 2862/2862/2702 2859/2859/2699 2865/2865/2705
f 2797/2797/2639 2799/2799/2641 2806/2806/2646
f 2866/2866/2706 2804/2804/2643 2803/2803/2645
f 2867/2867/2642 2804/2804/2643 2866/2866/2706
f 2806/2806/2646 2799/2799/2641 2862/2862/2702
f 2806/2806/2646 2862/2862/2702 2868/2868/2707
f 2864/2864/2704 2863/2863/2703 2800/2800/2642
f 2869/2869/2704 2867/2867/2642 2866/2866/2706
f 2870/2870/2708 2869/2869/2704 2866/2866/2706
f 2862/2862/2702 2871/2871/2709 2868/2868/2707
f 2779/2779/2621 2807/2807/2647 2872/2872/2710
f 2779/2779/2621 2872/2872/2710 2844/2844/2684
f 2844/2844/2684 2777/2777/2619 2779/2779/2621
f 2809/2809/2649 2872/2872/2710 2807/2807/2647
f 2873/2873/2711 2808/2808/2648 2810/2810/2650
f 2780/2780/2622 2844/2844/2684 2850/2850/2690
f 2873/2873/2711 2809/2809/2649 2808/2808/2648
f 2874/2874/2712 2810/2810/2650 2739/2739/2581
f 2875/2875/2713 2872/2872/2710 2809/2809/2649
f 2873/2873/2711 2875/2875/2713 2809/2809/2649
f 2850/2850/2690 2844/2844/2684 2849/2849/2689
f 2874/2874/2712 2873/2873/2711 2810/2810/2650
f 2844/2844/2684 2872/2872/2710 2875/2875/2713
f 2850/2850/2690 2783/2783/2625 2780/2780/2622
f 2811/2811/2651 2814/2814/2654 2876/2876/2714
f 2814/2814/2654 2877/2877/2715 2876/2876/2714
f 2876/2876/2714 2877/2877/2715 2878/2878/2716
f 2787/2787/2629 2879/2879/2717 2724/2724/2566
f 2879/2879/2717 2813/2813/2653 2725/2725/2567
f 2725/2725/2567 2724/2724/2566 2879/2879/2717
f 2813/2813/2653 2880/2880/2718 2814/2814/2654
f 2854/2854/2694 2879/2879/2717 2787/2787/2629
f 2880/2880/2718 2877/2877/2715 2814/2814/2654
f 2880/2880/2718 2813/2813/2653 2879/2879/2717
f 2874/2874/2712 2739/2739/2581 2817/2817/2657
f 2881/2881/2719 2817/2817/2657 2816/2816/2656
f 2882/2882/2720 2874/2874/2712 2817/2817/2657
f 2882/2882/2720 2817/2817/2657 2881/2881/2719
f 2815/2815/2655 2811/2811/2651 2876/2876/2714
f 2815/2815/2655 2876/2876/2714 2820/2820/2660
f 2881/2881/2719 2816/2816/2656 2821/2821/2661
f 2883/2883/2721 2881/2881/2719 2821/2821/2661
f 2823/2823/2663 2819/2819/2659 2884/2884/2722
f 2819/2819/2659 2820/2820/2660 2885/2885/2723
f 2819/2819/2659 2885/2885/2723 2884/2884/2722
f 2883/2883/2721 2821/2821/2661 2824/2824/2664
f 2886/2886/2724 2883/2883/2721 2824/2824/2664
f 2826/2826/2666 2823/2823/2663 2887/2887/2725
f 2887/2887/2725 2823/2823/2663 2888/2888/2726
f 2888/2888/2726 2823/2823/2663 2884/2884/2722
f 2886/2886/2724 2824/2824/2664 2827/2827/2667
f 2889/2889/2727 2886/2886/2724 2827/2827/2667
f 2829/2829/2669 2890/2890/2728 2832/2832/2672
f 2829/2829/2669 2826/2826/2666 2887/2887/2725
f 2829/2829/2669 2887/2887/2725 2890/2890/2728
f 2887/2887/2725 2888/2888/2726 2890/2890/2728
f 2889/2889/2727 2827/2827/2667 2828/2828/2668
f 2891/2891/2729 2889/2889/2727 2828/2828/2668
f 2830/2830/2670 2891/2891/2729 2828/2828/2668
f 2892/2892/2730 2891/2891/2729 2830/2830/2670
f 2832/2832/2672 2890/2890/2728 2893/2893/2731
f 2893/2893/2731 2890/2890/2728 2894/2894/2732
f 2895/2895/2733 2830/2830/2670 2766/2766/2608
f 2836/2836/2676 2895/2895/2733 2766/2766/2608
f 2895/2895/2733 2892/2892/2730 2830/2830/2670
f 2896/2896/2734 2895/2895/2733 2836/2836/2676
f 2833/2833/2673 2832/2832/2672 2893/2893/2731
f 2833/2833/2673 2893/2893/2731 2897/2897/2735
f 2893/2893/2731 2894/2894/2732 2897/2897/2735
f 2835/2835/2675 2896/2896/2734 2836/2836/2676
f 2898/2898/2736 2896/2896/2734 2835/2835/2675
f 2838/2838/2678 2839/2839/2679 2899/2899/2737
f 2833/2833/2673 2897/2897/2735 2839/2839/2679
f 2839/2839/2679 2897/2897/2735 2900/2900/2738
f 2899/2899/2737 2839/2839/2679 2900/2900/2738
f 2901/2901/2739 2835/2835/2675 2841/2841/2681
f 2902/2902/2740 2901/2901/2739 2841/2841/2681
f 2898/2898/2736 2835/2835/2675 2901/2901/2739
f 2838/2838/2678 2899/2899/2737 2843/2843/2683
f 2846/2846/2686 2855/2855/2695 2856/2856/2696
f 2855/2855/2695 2845/2845/2685 2903/2903/2741
f 2845/2845/2685 2851/2851/2691 2903/2903/2741
f 2855/2855/2695 2903/2903/2741 2904/2904/2742
f 2904/2904/2742 2903/2903/2741 2905/2905/2743
f 2856/2856/2696 2855/2855/2695 2904/2904/2742
f 2906/2906/2744 2859/2859/2699 2857/2857/2697
f 2857/2857/2697 2856/2856/2696 2906/2906/2744
f 2865/2865/2705 2859/2859/2699 2906/2906/2744
f 2860/2860/2700 2907/2907/2745 2853/2853/2693
f 2865/2865/2705 2906/2906/2744 2908/2908/2746
f 2906/2906/2744 2856/2856/2696 2909/2909/2747
f 2908/2908/2746 2906/2906/2744 2909/2909/2747
f 2862/2862/2702 2865/2865/2705 2871/2871/2709
f 2910/2910/2748 2860/2860/2700 2861/2861/2701
f 2911/2911/2749 2912/2912/2748 2913/2913/2701
f 2871/2871/2709 2865/2865/2705 2908/2908/2746
f 2871/2871/2709 2908/2908/2746 2914/2914/2750
f 2915/2915/2751 2914/2914/2750 2908/2908/2746
f 2916/2916/2752 2869/2869/2704 2870/2870/2708
f 2916/2916/2752 2913/2913/2701 2869/2869/2704
f 2911/2911/2749 2913/2913/2701 2916/2916/2752
f 2868/2868/2707 2871/2871/2709 2917/2917/2753
f 2917/2917/2753 2871/2871/2709 2918/2918/2754
f 2918/2918/2754 2871/2871/2709 2914/2914/2750
f 2849/2849/2689 2844/2844/2684 2919/2919/2755
f 2919/2919/2755 2844/2844/2684 2875/2875/2713
f 2919/2919/2755 2875/2875/2713 2920/2920/2756
f 2921/2921/2757 2873/2873/2711 2874/2874/2712
f 2922/2922/2758 2920/2920/2756 2875/2875/2713
f 2921/2921/2757 2922/2922/2758 2873/2873/2711
f 2922/2922/2758 2875/2875/2713 2873/2873/2711
f 2849/2849/2689 2919/2919/2755 2923/2923/2759
f 2919/2919/2755 2924/2924/2760 2923/2923/2759
f 2924/2924/2760 2919/2919/2755 2920/2920/2756
f 2925/2925/2761 2922/2922/2758 2921/2921/2757
f 2924/2924/2760 2920/2920/2756 2926/2926/2762
f 2926/2926/2762 2920/2920/2756 2922/2922/2758
f 2926/2926/2762 2922/2922/2758 2925/2925/2761
f 2927/2927/2763 2848/2848/2688 2849/2849/2689
f 2848/2848/2688 2927/2927/2763 2851/2851/2691
f 2849/2849/2689 2923/2923/2759 2927/2927/2763
f 2928/2928/2764 2903/2903/2741 2851/2851/2691
f 2851/2851/2691 2927/2927/2763 2928/2928/2764
f 2905/2905/2743 2903/2903/2741 2928/2928/2764
f 2880/2880/2718 2879/2879/2717 2929/2929/2765
f 2879/2879/2717 2854/2854/2694 2929/2929/2765
f 2930/2930/2766 2929/2929/2765 2854/2854/2694
f 2880/2880/2718 2929/2929/2765 2877/2877/2715
f 2931/2931/2767 2930/2930/2766 2854/2854/2694
f 2877/2877/2715 2929/2929/2765 2932/2932/2768
f 2878/2878/2716 2877/2877/2715 2933/2933/2769
f 2877/2877/2715 2932/2932/2768 2933/2933/2769
f 2929/2929/2765 2930/2930/2766 2932/2932/2768
f 2854/2854/2694 2853/2853/2693 2931/2931/2767
f 2907/2907/2745 2931/2931/2767 2853/2853/2693
f 2910/2910/2748 2907/2907/2745 2860/2860/2700
f 2931/2931/2767 2907/2907/2745 2934/2934/2770
f 2907/2907/2745 2910/2910/2748 2935/2935/2771
f 2935/2935/2771 2934/2934/2770 2907/2907/2745
f 2936/2936/2772 2934/2934/2770 2935/2935/2771
f 2937/2937/2773 2912/2912/2748 2911/2911/2749
f 2935/2935/2771 2910/2910/2748 2938/2938/2773
f 2937/2937/2773 2911/2911/2749 2939/2939/2774
f 2921/2921/2757 2874/2874/2712 2882/2882/2720
f 2940/2940/2775 2882/2882/2720 2881/2881/2719
f 2941/2941/2776 2921/2921/2757 2882/2882/2720
f 2876/2876/2714 2878/2878/2716 2942/2942/2777
f 2876/2876/2714 2942/2942/2777 2820/2820/2660
f 2942/2942/2777 2878/2878/2716 2933/2933/2769
f 2820/2820/2660 2942/2942/2777 2943/2943/2778
f 2944/2944/2779 2820/2820/2660 2943/2943/2778
f 2942/2942/2777 2933/2933/2769 2945/2945/2780
f 2943/2943/2778 2942/2942/2777 2945/2945/2780
f 2883/2883/2721 2940/2940/2775 2881/2881/2719
f 2946/2946/2781 2940/2940/2775 2883/2883/2721
f 2884/2884/2722 2885/2885/2723 2944/2944/2779
f 2885/2885/2723 2820/2820/2660 2944/2944/2779
f 2884/2884/2722 2944/2944/2779 2947/2947/2782
f 2947/2947/2782 2944/2944/2779 2948/2948/2783
f 2944/2944/2779 2943/2943/2778 2948/2948/2783
f 2946/2946/2781 2883/2883/2721 2886/2886/2724
f 2946/2946/2781 2886/2886/2724 2949/2949/2784
f 2888/2888/2726 2884/2884/2722 2947/2947/2782
f 2950/2950/2785 2888/2888/2726 2947/2947/2782
f 2947/2947/2782 2951/2951/2786 2950/2950/2785
f 2947/2947/2782 2948/2948/2783 2951/2951/2786
f 2950/2950/2785 2951/2951/2786 2952/2952/2787
f 2953/2953/2788 2886/2886/2724 2889/2889/2727
f 2953/2953/2788 2954/2954/2789 2886/2886/2724
f 2954/2954/2789 2949/2949/2784 2886/2886/2724
f 2888/2888/2726 2950/2950/2785 2890/2890/2728
f 2890/2890/2728 2950/2950/2785 2955/2955/2790
f 2950/2950/2785 2952/2952/2787 2956/2956/2791
f 2950/2950/2785 2956/2956/2791 2955/2955/2790
f 2953/2953/2788 2889/2889/2727 2891/2891/2729
f 2957/2957/2792 2891/2891/2729 2892/2892/2730
f 2957/2957/2792 2953/2953/2788 2891/2891/2729
f 2897/2897/2735 2894/2894/2732 2955/2955/2790
f 2894/2894/2732 2890/2890/2728 2955/2955/2790
f 2955/2955/2790 2956/2956/2791 2958/2958/2793
f 2959/2959/2794 2957/2957/2792 2892/2892/2730
f 2959/2959/2794 2892/2892/2730 2895/2895/2733
f 2960/2960/2795 2959/2959/2794 2895/2895/2733
f 2900/2900/2738 2897/2897/2735 2961/2961/2796
f 2961/2961/2796 2897/2897/2735 2955/2955/2790
f 2961/2961/2796 2955/2955/2790 2962/2962/2797
f 2962/2962/2797 2955/2955/2790 2958/2958/2793
f 2963/2963/2798 2959/2959/2794 2960/2960/2795
f 2960/2960/2795 2896/2896/2734 2898/2898/2736
f 2960/2960/2795 2895/2895/2733 2896/2896/2734
f 2964/2964/2799 2960/2960/2795 2898/2898/2736
f 2965/2965/2800 2960/2960/2795 2964/2964/2799
f 2900/2900/2738 2961/2961/2796 2899/2899/2737
f 2899/2899/2737 2961/2961/2796 2966/2966/2801
f 2961/2961/2796 2962/2962/2797 2966/2966/2801
f 2901/2901/2739 2964/2964/2799 2898/2898/2736
f 2967/2967/2802 2964/2964/2799 2901/2901/2739
f 2967/2967/2802 2901/2901/2739 2902/2902/2740
f 2899/2899/2737 2966/2966/2801 2843/2843/2683
f 2843/2843/2683 2966/2966/2801 2968/2968/2803
f 2968/2968/2803 2966/2966/2801 2969/2969/2804
f 2856/2856/2696 2904/2904/2742 2909/2909/2747
f 2915/2915/2751 2908/2908/2746 2909/2909/2747
f 2914/2914/2750 2915/2915/2751 2970/2970/2805
f 2918/2918/2754 2914/2914/2750 2970/2970/2805
f 2923/2923/2759 2924/2924/2760 2971/2971/2806
f 2941/2941/2776 2925/2925/2761 2921/2921/2757
f 2924/2924/2760 2926/2926/2762 2972/2972/2807
f 2971/2971/2806 2924/2924/2760 2972/2972/2807
f 2972/2972/2807 2926/2926/2762 2925/2925/2761
f 2973/2973/2808 2972/2972/2807 2925/2925/2761
f 2971/2971/2806 2972/2972/2807 2974/2974/2809
f 2975/2975/2810 2928/2928/2764 2927/2927/2763
f 2975/2975/2810 2927/2927/2763 2976/2976/2811
f 2976/2976/2811 2927/2927/2763 2923/2923/2759
f 2928/2928/2764 2975/2975/2810 2905/2905/2743
f 2971/2971/2806 2976/2976/2811 2923/2923/2759
f 2905/2905/2743 2975/2975/2810 2977/2977/2812
f 2977/2977/2812 2975/2975/2810 2976/2976/2811
f 2931/2931/2767 2978/2978/2813 2930/2930/2766
f 2979/2979/2814 2932/2932/2768 2930/2930/2766
f 2980/2980/2815 2904/2904/2742 2905/2905/2743
f 2980/2980/2815 2909/2909/2747 2904/2904/2742
f 2930/2930/2766 2978/2978/2813 2979/2979/2814
f 2932/2932/2768 2979/2979/2814 2981/2981/2816
f 2909/2909/2747 2982/2982/2817 2983/2983/2818
f 2979/2979/2814 2978/2978/2813 2984/2984/2819
f 2909/2909/2747 2980/2980/2815 2982/2982/2817
f 2984/2984/2819 2978/2978/2813 2985/2985/2820
f 2931/2931/2767 2934/2934/2770 2978/2978/2813
f 2915/2915/2751 2909/2909/2747 2983/2983/2818
f 2936/2936/2772 2986/2986/2821 2934/2934/2770
f 2986/2986/2821 2978/2978/2813 2934/2934/2770
f 2986/2986/2821 2936/2936/2772 2987/2987/2822
f 2983/2983/2818 2988/2988/2823 2915/2915/2751
f 2978/2978/2813 2986/2986/2821 2989/2989/2824
f 2935/2935/2771 2938/2938/2773 2936/2936/2772
f 2990/2990/2822 2991/2991/2772 2992/2992/2825
f 2993/2993/2826 2937/2937/2773 2939/2939/2774
f 2993/2993/2826 2991/2991/2772 2937/2937/2773
f 2992/2992/2825 2991/2991/2772 2993/2993/2826
f 2988/2988/2823 2970/2970/2805 2915/2915/2751
f 2994/2994/2827 2992/2992/2825 2993/2993/2826
f 2995/2995/2828 2970/2970/2805 2988/2988/2823
f 2996/2996/2829 2941/2941/2776 2882/2882/2720
f 2996/2996/2829 2882/2882/2720 2940/2940/2775
f 2973/2973/2808 2925/2925/2761 2941/2941/2776
f 2997/2997/2830 2941/2941/2776 2996/2996/2829
f 2974/2974/2809 2972/2972/2807 2973/2973/2808
f 2998/2998/2831 2997/2997/2830 2996/2996/2829
f 2973/2973/2808 2941/2941/2776 2997/2997/2830
f 2999/2999/2832 2971/2971/2806 2974/2974/2809
f 3000/3000/2833 2973/2973/2808 2997/2997/2830
f 2943/2943/2778 2945/2945/2780 3001/3001/2834
f 2943/2943/2778 3001/3001/2834 3002/3002/2835
f 3001/3001/2834 2945/2945/2780 2933/2933/2769
f 2933/2933/2769 2932/2932/2768 2981/2981/2816
f 2933/2933/2769 2981/2981/2816 3001/3001/2834
f 2948/2948/2783 2943/2943/2778 3003/3003/2836
f 2943/2943/2778 3002/3002/2835 3003/3003/2836
f 2984/2984/2819 2981/2981/2816 2979/2979/2814
f 3004/3004/2837 2981/2981/2816 2984/2984/2819
f 3001/3001/2834 2981/2981/2816 3004/3004/2837
f 3005/3005/2838 2996/2996/2829 2940/2940/2775
f 3006/3006/2839 2940/2940/2775 2946/2946/2781
f 3006/3006/2839 3005/3005/2838 2940/2940/2775
f 3007/3007/2840 2998/2998/2831 2996/2996/2829
f 3005/3005/2838 3007/3007/2840 2996/2996/2829
f 2951/2951/2786 2948/2948/2783 3008/3008/2841
f 2951/2951/2786 3008/3008/2841 3009/3009/2842
f 2948/2948/2783 3003/3003/2836 3008/3008/2841
f 2949/2949/2784 3006/3006/2839 2946/2946/2781
f 3010/3010/2843 2949/2949/2784 2954/2954/2789
f 3010/3010/2843 3006/3006/2839 2949/2949/2784
f 2952/2952/2787 2951/2951/2786 3011/3011/2844
f 2951/2951/2786 3009/3009/2842 3011/3011/2844
f 3012/3012/2845 2954/2954/2789 2953/2953/2788
f 3012/3012/2845 3010/3010/2843 2954/2954/2789
f 2956/2956/2791 2952/2952/2787 3011/3011/2844
f 2956/2956/2791 3011/3011/2844 3013/3013/2846
f 3012/3012/2845 2953/2953/2788 2957/2957/2792
f 3014/3014/2847 3012/3012/2845 2957/2957/2792
f 2956/2956/2791 3013/3013/2846 3015/3015/2848
f 2958/2958/2793 2956/2956/2791 3015/3015/2848
f 3015/3015/2848 3013/3013/2846 3016/3016/2849
f 2959/2959/2794 3014/3014/2847 2957/2957/2792
f 3017/3017/2850 2959/2959/2794 2963/2963/2798
f 2962/2962/2797 2958/2958/2793 3015/3015/2848
f 2962/2962/2797 3015/3015/2848 3018/3018/2851
f 3018/3018/2851 3015/3015/2848 3016/3016/2849
f 3018/3018/2851 3016/3016/2849 3019/3019/2852
f 2965/2965/2800 2963/2963/2798 2960/2960/2795
f 3020/3020/2853 2963/2963/2798 2965/2965/2800
f 3021/3021/2854 3020/3020/2853 2965/2965/2800
f 3020/3020/2853 3017/3017/2850 2963/2963/2798
f 2966/2966/2801 2962/2962/2797 3018/3018/2851
f 2966/2966/2801 3018/3018/2851 3022/3022/2855
f 2969/2969/2804 2966/2966/2801 3022/3022/2855
f 3018/3018/2851 3019/3019/2852 3022/3022/2855
f 3021/3021/2854 2965/2965/2800 2964/2964/2799
f 3023/3023/2856 3021/3021/2854 2964/2964/2799
f 3023/3023/2856 3024/3024/2857 3021/3021/2854
f 3023/3023/2856 2964/2964/2799 2967/2967/2802
f 2902/2902/2740 3023/3023/2856 2967/2967/2802
f 2968/2968/2803 2969/2969/2804 3025/3025/2858
f 2969/2969/2804 3022/3022/2855 3025/3025/2858
f 3026/3026/2859 2968/2968/2803 3025/3025/2858
f 3025/3025/2858 3022/3022/2855 3027/3027/2860
f 3025/3025/2858 3027/3027/2860 3026/3026/2859
f 3026/3026/2859 3027/3027/2860 3028/3028/2861
f 2905/2905/2743 2977/2977/2812 3029/3029/2862
f 3029/3029/2862 2977/2977/2812 3030/3030/2863
f 3029/3029/2862 2980/2980/2815 2905/2905/2743
f 2982/2982/2817 2980/2980/2815 3029/3029/2862
f 2982/2982/2817 3029/3029/2862 3031/3031/2864
f 3032/3032/2865 3031/3031/2864 3029/3029/2862
f 3033/3033/2866 3031/3031/2864 3032/3032/2865
f 2983/2983/2818 2982/2982/2817 3031/3031/2864
f 2989/2989/2824 2986/2986/2821 2987/2987/2822
f 2988/2988/2823 2983/2983/2818 3034/3034/2867
f 3034/3034/2867 2983/2983/2818 3031/3031/2864
f 3034/3034/2867 3031/3031/2864 3033/3033/2866
f 3033/3033/2866 3032/3032/2865 3035/3035/2868
f 3036/3036/2869 3033/3033/2866 3035/3035/2868
f 2988/2988/2823 3034/3034/2867 3037/3037/2870
f 3033/3033/2866 3036/3036/2869 3034/3034/2867
f 3037/3037/2870 3034/3034/2867 3036/3036/2869
f 2995/2995/2828 2988/2988/2823 3037/3037/2870
f 3038/3038/2871 2990/2990/2822 2992/2992/2825
f 3038/3038/2871 2992/2992/2825 2994/2994/2827
f 2995/2995/2828 3037/3037/2870 3039/3039/2872
f 3040/3040/2873 2995/2995/2828 3039/3039/2872
f 3037/3037/2870 3041/3041/2874 3039/3039/2872
f 3041/3041/2874 3037/3037/2870 3036/3036/2869
f 3039/3039/2872 3041/3041/2874 3042/3042/2875
f 3043/3043/2876 2999/2999/2832 2974/2974/2809
f 2974/2974/2809 2973/2973/2808 3000/3000/2833
f 3043/3043/2876 2974/2974/2809 3000/3000/2833
f 3044/3044/2877 3000/3000/2833 3045/3045/2878
f 3045/3045/2878 3000/3000/2833 2997/2997/2830
f 3045/3045/2878 2997/2997/2830 2998/2998/2831
f 3044/3044/2877 3043/3043/2876 3000/3000/2833
f 2999/2999/2832 3043/3043/2876 3046/3046/2879
f 3047/3047/2880 3043/3043/2876 3044/3044/2877
f 3046/3046/2879 3043/3043/2876 3047/3047/2880
f 3048/3048/2881 3044/3044/2877 3045/3045/2878
f 3044/3044/2877 3049/3049/2882 3047/3047/2880
f 3046/3046/2879 3047/3047/2880 3050/3050/2883
f 2999/2999/2832 2976/2976/2811 2971/2971/2806
f 2976/2976/2811 3051/3051/2884 3030/3030/2863
f 3030/3030/2863 2977/2977/2812 2976/2976/2811
f 3051/3051/2884 2976/2976/2811 2999/2999/2832
f 3046/3046/2879 3051/3051/2884 2999/2999/2832
f 3052/3052/2885 3029/3029/2862 3030/3030/2863
f 3053/3053/2886 3030/3030/2863 3051/3051/2884
f 3054/3054/2887 3053/3053/2886 3051/3051/2884
f 3054/3054/2887 3051/3051/2884 3046/3046/2879
f 3052/3052/2885 3030/3030/2863 3053/3053/2886
f 3002/3002/2835 3001/3001/2834 3004/3004/2837
f 3003/3003/2836 3002/3002/2835 3055/3055/2888
f 2985/2985/2820 3004/3004/2837 2984/2984/2819
f 3002/3002/2835 3004/3004/2837 3055/3055/2888
f 3004/3004/2837 2985/2985/2820 3056/3056/2889
f 3032/3032/2865 3029/3029/2862 3052/3052/2885
f 3056/3056/2889 2985/2985/2820 3057/3057/2890
f 2985/2985/2820 3058/3058/2891 3057/3057/2890
f 3059/3059/2892 3004/3004/2837 3056/3056/2889
f 3058/3058/2891 2985/2985/2820 2978/2978/2813
f 2989/2989/2824 3058/3058/2891 2978/2978/2813
f 2989/2989/2824 2987/2987/2822 3060/3060/2893
f 3061/3061/2894 3058/3058/2891 2989/2989/2824
f 3057/3057/2890 3058/3058/2891 3061/3061/2894
f 3062/3062/2895 2989/2989/2824 3060/3060/2893
f 3063/3063/2896 2990/2990/2822 3038/3038/2871
f 3064/3064/2896 3060/3060/2893 2987/2987/2822
f 3062/3062/2895 3060/3060/2893 3064/3064/2896
f 3062/3062/2895 3064/3064/2896 3065/3065/2897
f 3038/3038/2871 3066/3066/2898 3063/3063/2896
f 3067/3067/2897 3063/3063/2896 3066/3066/2898
f 3045/3045/2878 2998/2998/2831 3007/3007/2840
f 3068/3068/2899 3007/3007/2840 3005/3005/2838
f 3068/3068/2899 3005/3005/2838 3006/3006/2839
f 3048/3048/2881 3045/3045/2878 3007/3007/2840
f 3068/3068/2899 3048/3048/2881 3007/3007/2840
f 3049/3049/2882 3044/3044/2877 3048/3048/2881
f 3003/3003/2836 3055/3055/2888 3069/3069/2900
f 3003/3003/2836 3069/3069/2900 3070/3070/2901
f 3008/3008/2841 3003/3003/2836 3070/3070/2901
f 3055/3055/2888 3004/3004/2837 3071/3071/2902
f 3069/3069/2900 3055/3055/2888 3071/3071/2902
f 3070/3070/2901 3069/3069/2900 3072/3072/2903
f 3071/3071/2902 3004/3004/2837 3059/3059/2892
f 3072/3072/2903 3069/3069/2900 3071/3071/2902
f 3071/3071/2902 3059/3059/2892 3073/3073/2904
f 3010/3010/2843 3074/3074/2905 3006/3006/2839
f 3074/3074/2905 3068/3068/2899 3006/3006/2839
f 3075/3075/2906 3074/3074/2905 3010/3010/2843
f 3008/3008/2841 3070/3070/2901 3009/3009/2842
f 3011/3011/2844 3009/3009/2842 3076/3076/2907
f 3009/3009/2842 3070/3070/2901 3076/3076/2907
f 3013/3013/2846 3011/3011/2844 3076/3076/2907
f 3077/3077/2908 3012/3012/2845 3014/3014/2847
f 3077/3077/2908 3078/3078/2909 3012/3012/2845
f 3075/3075/2906 3010/3010/2843 3012/3012/2845
f 3078/3078/2909 3075/3075/2906 3012/3012/2845
f 3079/3079/2910 3013/3013/2846 3080/3080/2911
f 3080/3080/2911 3013/3013/2846 3076/3076/2907
f 3080/3080/2911 3076/3076/2907 3081/3081/2912
f 3016/3016/2849 3013/3013/2846 3079/3079/2910
f 3079/3079/2910 3080/3080/2911 3082/3082/2913
f 3017/3017/2850 3014/3014/2847 2959/2959/2794
f 3017/3017/2850 3077/3077/2908 3014/3014/2847
f 3019/3019/2852 3016/3016/2849 3079/3079/2910
f 3019/3019/2852 3079/3079/2910 3083/3083/2914
f 3083/3083/2914 3079/3079/2910 3084/3084/2915
f 3021/3021/2854 3024/3024/2857 3020/3020/2853
f 3027/3027/2860 3022/3022/2855 3085/3085/2916
f 3022/3022/2855 3019/3019/2852 3083/3083/2914
f 3022/3022/2855 3083/3083/2914 3085/3085/2916
f 3086/3086/2917 3024/3024/2857 3023/3023/2856
f 3028/3028/2861 3027/3027/2860 3085/3085/2916
f 3026/3026/2859 3028/3028/2861 3087/3087/2918
f 3028/3028/2861 3085/3085/2916 3087/3087/2918
f 3087/3087/2918 3085/3085/2916 3088/3088/2919
f 3050/3050/2883 3054/3054/2887 3046/3046/2879
f 3052/3052/2885 3053/3053/2886 3089/3089/2920
f 3090/3090/2921 3053/3053/2886 3054/3054/2887
f 3089/3089/2920 3053/3053/2886 3090/3090/2921
f 3054/3054/2887 3091/3091/2922 3090/3090/2921
f 3090/3090/2921 3092/3092/2923 3089/3089/2920
f 3032/3032/2865 3052/3052/2885 3093/3093/2924
f 3089/3089/2920 3093/3093/2924 3052/3052/2885
f 3057/3057/2890 3094/3094/2925 3056/3056/2889
f 3095/3095/2926 3032/3032/2865 3093/3093/2924
f 3096/3096/2927 3093/3093/2924 3089/3089/2920
f 3096/3096/2927 3095/3095/2926 3093/3093/2924
f 3097/3097/2928 3095/3095/2926 3096/3096/2927
f 3062/3062/2895 3061/3061/2894 2989/2989/2824
f 3095/3095/2926 3035/3035/2868 3032/3032/2865
f 3098/3098/2929 3061/3061/2894 3062/3062/2895
f 3099/3099/2930 3035/3035/2868 3095/3095/2926
f 3100/3100/2931 3099/3099/2930 3095/3095/2926
f 3099/3099/2930 3100/3100/2931 3101/3101/2932
f 3100/3100/2931 3095/3095/2926 3097/3097/2928
f 3102/3102/2933 3101/3101/2932 3100/3100/2931
f 3041/3041/2874 3036/3036/2869 3035/3035/2868
f 3041/3041/2874 3035/3035/2868 3099/3099/2930
f 3062/3062/2895 3065/3065/2897 3098/3098/2929
f 3103/3103/2934 3041/3041/2874 3099/3099/2930
f 3104/3104/2929 3067/3067/2897 3105/3105/2935
f 3099/3099/2930 3101/3101/2932 3106/3106/2936
f 3099/3099/2930 3106/3106/2936 3103/3103/2934
f 3107/3107/2937 3106/3106/2936 3101/3101/2932
f 3101/3101/2932 3102/3102/2933 3107/3107/2937
f 3105/3105/2935 3066/3066/2898 3108/3108/2938
f 3042/3042/2875 3041/3041/2874 3103/3103/2934
f 3105/3105/2935 3067/3067/2897 3066/3066/2898
f 3109/3109/2939 3105/3105/2935 3108/3108/2938
f 3110/3110/2940 3103/3103/2934 3106/3106/2936
f 3106/3106/2936 3107/3107/2937 3110/3110/2940
f 3048/3048/2881 3111/3111/2941 3049/3049/2882
f 3112/3112/2942 3048/3048/2881 3068/3068/2899
f 3074/3074/2905 3112/3112/2942 3068/3068/2899
f 3047/3047/2880 3049/3049/2882 3113/3113/2943
f 3050/3050/2883 3047/3047/2880 3113/3113/2943
f 3113/3113/2943 3049/3049/2882 3114/3114/2944
f 3114/3114/2944 3049/3049/2882 3111/3111/2941
f 3112/3112/2942 3111/3111/2941 3048/3048/2881
f 3115/3115/2945 3050/3050/2883 3113/3113/2943
f 3116/3116/2946 3114/3114/2944 3111/3111/2941
f 3112/3112/2942 3116/3116/2946 3111/3111/2941
f 3115/3115/2945 3113/3113/2943 3117/3117/2947
f 3117/3117/2947 3113/3113/2943 3114/3114/2944
f 3091/3091/2922 3054/3054/2887 3050/3050/2883
f 3091/3091/2922 3050/3050/2883 3115/3115/2945
f 3118/3118/2948 3090/3090/2921 3091/3091/2922
f 3119/3119/2949 3091/3091/2922 3115/3115/2945
f 3092/3092/2923 3090/3090/2921 3118/3118/2948
f 3118/3118/2948 3091/3091/2922 3119/3119/2949
f 3094/3094/2925 3059/3059/2892 3056/3056/2889
f 3071/3071/2902 3073/3073/2904 3072/3072/2903
f 3073/3073/2904 3059/3059/2892 3120/3120/2950
f 3120/3120/2950 3059/3059/2892 3094/3094/2925
f 3072/3072/2903 3073/3073/2904 3121/3121/2951
f 3073/3073/2904 3120/3120/2950 3122/3122/2952
f 3121/3121/2951 3073/3073/2904 3122/3122/2952
f 3120/3120/2950 3094/3094/2925 3123/3123/2953
f 3123/3123/2953 3094/3094/2925 3124/3124/2954
f 3124/3124/2954 3057/3057/2890 3061/3061/2894
f 3124/3124/2954 3094/3094/2925 3057/3057/2890
f 3124/3124/2954 3061/3061/2894 3098/3098/2929
f 3124/3124/2954 3098/3098/2929 3125/3125/2955
f 3104/3104/2929 3105/3105/2935 3126/3126/2956
f 3126/3126/2956 3105/3105/2935 3109/3109/2939
f 3127/3127/2957 3109/3109/2939 3108/3108/2938
f 3075/3075/2906 3128/3128/2958 3074/3074/2905
f 3112/3112/2942 3074/3074/2905 3128/3128/2958
f 3129/3129/2959 3112/3112/2942 3128/3128/2958
f 3117/3117/2947 3114/3114/2944 3116/3116/2946
f 3130/3130/2960 3116/3116/2946 3112/3112/2942
f 3076/3076/2907 3070/3070/2901 3081/3081/2912
f 3070/3070/2901 3131/3131/2961 3081/3081/2912
f 3070/3070/2901 3072/3072/2903 3131/3131/2961
f 3081/3081/2912 3131/3131/2961 3132/3132/2962
f 3131/3131/2961 3072/3072/2903 3121/3121/2951
f 3133/3133/2963 3121/3121/2951 3122/3122/2952
f 3134/3134/2964 3128/3128/2958 3075/3075/2906
f 3134/3134/2964 3075/3075/2906 3078/3078/2909
f 3080/3080/2911 3081/3081/2912 3082/3082/2913
f 3082/3082/2913 3081/3081/2912 3135/3135/2965
f 3081/3081/2912 3132/3132/2962 3135/3135/2965
f 3136/3136/2966 3078/3078/2909 3077/3077/2908
f 3137/3137/2967 3077/3077/2908 3138/3138/2968
f 3137/3137/2967 3136/3136/2966 3077/3077/2908
f 3079/3079/2910 3082/3082/2913 3084/3084/2915
f 3084/3084/2915 3082/3082/2913 3139/3139/2969
f 3082/3082/2913 3135/3135/2965 3139/3139/2969
f 3139/3139/2969 3135/3135/2965 3140/3140/2970
f 3139/3139/2969 3140/3140/2970 3141/3141/2971
f 3138/3138/2968 3077/3077/2908 3017/3017/2850
f 3142/3142/2972 3137/3137/2967 3138/3138/2968
f 3143/3143/2973 3142/3142/2972 3138/3138/2968
f 3084/3084/2915 3139/3139/2969 3144/3144/2974
f 3084/3084/2915 3144/3144/2974 3083/3083/2914
f 3144/3144/2974 3139/3139/2969 3141/3141/2971
f 3138/3138/2968 3017/3017/2850 3020/3020/2853
f 3143/3143/2973 3138/3138/2968 3020/3020/2853
f 3024/3024/2857 3143/3143/2973 3020/3020/2853
f 3143/3143/2973 3024/3024/2857 3145/3145/2975
f 3083/3083/2914 3146/3146/2976 3085/3085/2916
f 3146/3146/2976 3147/3147/2977 3148/3148/2978
f 3085/3085/2916 3146/3146/2976 3148/3148/2978
f 3083/3083/2914 3144/3144/2974 3147/3147/2977
f 3146/3146/2976 3083/3083/2914 3147/3147/2977
f 3147/3147/2977 3144/3144/2974 3149/3149/2979
f 3145/3145/2975 3024/3024/2857 3086/3086/2917
f 3150/3150/2980 3145/3145/2975 3086/3086/2917
f 3088/3088/2919 3085/3085/2916 3148/3148/2978
f 3088/3088/2919 3148/3148/2978 3151/3151/2981
f 3088/3088/2919 3151/3151/2981 3152/3152/2982
f 3097/3097/2928 3096/3096/2927 3153/3153/2983
f 3154/3154/2984 3102/3102/2933 3097/3097/2928
f 3102/3102/2933 3100/3100/2931 3097/3097/2928
f 3102/3102/2933 3154/3154/2984 3155/3155/2985
f 3107/3107/2937 3102/3102/2933 3155/3155/2985
f 3107/3107/2937 3155/3155/2985 3156/3156/2986
f 3119/3119/2949 3115/3115/2945 3157/3157/2987
f 3158/3158/2988 3089/3089/2920 3092/3092/2923
f 3158/3158/2988 3092/3092/2923 3118/3118/2948
f 3118/3118/2948 3119/3119/2949 3159/3159/2989
f 3160/3160/2990 3153/3153/2983 3096/3096/2927
f 3161/3161/2991 3153/3153/2983 3160/3160/2990
f 3160/3160/2990 3096/3096/2927 3089/3089/2920
f 3158/3158/2988 3160/3160/2990 3089/3089/2920
f 3162/3162/2992 3160/3160/2990 3158/3158/2988
f 3163/3163/2993 3161/3161/2991 3160/3160/2990
f 3160/3160/2990 3162/3162/2992 3163/3163/2993
f 3154/3154/2984 3097/3097/2928 3153/3153/2983
f 3123/3123/2953 3124/3124/2954 3164/3164/2994
f 3124/3124/2954 3125/3125/2955 3165/3165/2995
f 3154/3154/2984 3153/3153/2983 3161/3161/2991
f 3165/3165/2995 3164/3164/2994 3124/3124/2954
f 3166/3166/2996 3155/3155/2985 3154/3154/2984
f 3161/3161/2991 3166/3166/2996 3154/3154/2984
f 3161/3161/2991 3163/3163/2993 3167/3167/2997
f 3166/3166/2996 3161/3161/2991 3167/3167/2997
f 3125/3125/2955 3098/3098/2929 3168/3168/2956
f 3169/3169/2998 3125/3125/2955 3168/3168/2956
f 3125/3125/2955 3169/3169/2998 3170/3170/2999
f 3155/3155/2985 3166/3166/2996 3171/3171/3000
f 3172/3172/3001 3165/3165/2995 3125/3125/2955
f 3172/3172/3001 3125/3125/2955 3170/3170/2999
f 3173/3173/3002 3171/3171/3000 3166/3166/2996
f 3174/3174/2998 3126/3126/2956 3109/3109/2939
f 3156/3156/2986 3155/3155/2985 3171/3171/3000
f 3175/3175/3003 3156/3156/2986 3171/3171/3000
f 3176/3176/3004 3109/3109/2939 3127/3127/2957
f 3174/3174/2998 3109/3109/2939 3176/3176/3004
f 3173/3173/3002 3177/3177/3005 3171/3171/3000
f 3177/3177/3005 3173/3173/3002 3178/3178/3006
f 3130/3130/2960 3117/3117/2947 3116/3116/2946
f 3129/3129/2959 3130/3130/2960 3112/3112/2942
f 3115/3115/2945 3117/3117/2947 3179/3179/3007
f 3115/3115/2945 3179/3179/3007 3157/3157/2987
f 3130/3130/2960 3179/3179/3007 3117/3117/2947
f 3129/3129/2959 3128/3128/2958 3134/3134/2964
f 3180/3180/3008 3179/3179/3007 3130/3130/2960
f 3181/3181/3009 3130/3130/2960 3129/3129/2959
f 3181/3181/3009 3180/3180/3008 3130/3130/2960
f 3182/3182/3010 3181/3181/3009 3129/3129/2959
f 3183/3183/3011 3179/3179/3007 3180/3180/3008
f 3157/3157/2987 3179/3179/3007 3183/3183/3011
f 3157/3157/2987 3183/3183/3011 3184/3184/3012
f 3159/3159/2989 3119/3119/2949 3157/3157/2987
f 3118/3118/2948 3185/3185/3013 3158/3158/2988
f 3185/3185/3013 3118/3118/2948 3159/3159/2989
f 3159/3159/2989 3157/3157/2987 3186/3186/3014
f 3186/3186/3014 3157/3157/2987 3184/3184/3012
f 3187/3187/3015 3185/3185/3013 3159/3159/2989
f 3188/3188/3016 3158/3158/2988 3185/3185/3013
f 3187/3187/3015 3159/3159/2989 3186/3186/3014
f 3122/3122/2952 3120/3120/2950 3123/3123/2953
f 3132/3132/2962 3131/3131/2961 3121/3121/2951
f 3132/3132/2962 3121/3121/2951 3189/3189/3017
f 3190/3190/3018 3122/3122/2952 3123/3123/2953
f 3190/3190/3018 3123/3123/2953 3164/3164/2994
f 3133/3133/2963 3122/3122/2952 3190/3190/3018
f 3133/3133/2963 3189/3189/3017 3121/3121/2951
f 3189/3189/3017 3133/3133/2963 3191/3191/3019
f 3192/3192/3020 3191/3191/3019 3133/3133/2963
f 3192/3192/3020 3133/3133/2963 3190/3190/3018
f 3190/3190/3018 3164/3164/2994 3193/3193/3021
f 3192/3192/3020 3190/3190/3018 3193/3193/3021
f 3164/3164/2994 3165/3165/2995 3194/3194/3022
f 3193/3193/3021 3164/3164/2994 3194/3194/3022
f 3172/3172/3001 3194/3194/3022 3165/3165/2995
f 3195/3195/3023 3193/3193/3021 3194/3194/3022
f 3196/3196/3024 3194/3194/3022 3172/3172/3001
f 3195/3195/3023 3194/3194/3022 3196/3196/3024
f 3172/3172/3001 3170/3170/2999 3197/3197/3025
f 3198/3198/3026 3173/3173/3002 3166/3166/2996
f 3199/3199/3027 3174/3174/2998 3176/3176/3004
f 3174/3174/2998 3199/3199/3027 3200/3200/2999
f 3201/3201/3028 3197/3197/3025 3170/3170/2999
f 3202/3202/3029 3203/3203/3028 3200/3200/2999
f 3202/3202/3029 3200/3200/2999 3199/3199/3027
f 3136/3136/2966 3204/3204/3030 3078/3078/2909
f 3204/3204/3030 3134/3134/2964 3078/3078/2909
f 3182/3182/3010 3129/3129/2959 3134/3134/2964
f 3182/3182/3010 3134/3134/2964 3204/3204/3030
f 3205/3205/3031 3180/3180/3008 3181/3181/3009
f 3205/3205/3031 3181/3181/3009 3182/3182/3010
f 3206/3206/3032 3205/3205/3031 3182/3182/3010
f 3207/3207/3033 3182/3182/3010 3204/3204/3030
f 3180/3180/3008 3208/3208/3034 3183/3183/3011
f 3208/3208/3034 3180/3180/3008 3205/3205/3031
f 3209/3209/3035 3184/3184/3012 3183/3183/3011
f 3206/3206/3032 3208/3208/3034 3205/3205/3031
f 3207/3207/3033 3206/3206/3032 3182/3182/3010
f 3132/3132/2962 3210/3210/3036 3135/3135/2965
f 3135/3135/2965 3210/3210/3036 3211/3211/3037
f 3140/3140/2970 3135/3135/2965 3211/3211/3037
f 3132/3132/2962 3189/3189/3017 3210/3210/3036
f 3210/3210/3036 3189/3189/3017 3191/3191/3019
f 3210/3210/3036 3191/3191/3019 3211/3211/3037
f 3191/3191/3019 3192/3192/3020 3212/3212/3038
f 3211/3211/3037 3191/3191/3019 3213/3213/3039
f 3213/3213/3039 3191/3191/3019 3212/3212/3038
f 3204/3204/3030 3136/3136/2966 3137/3137/2967
f 3214/3214/3040 3137/3137/2967 3142/3142/2972
f 3214/3214/3040 3204/3204/3030 3137/3137/2967
f 3207/3207/3033 3204/3204/3030 3214/3214/3040
f 3140/3140/2970 3211/3211/3037 3215/3215/3041
f 3141/3141/2971 3140/3140/2970 3216/3216/3042
f 3140/3140/2970 3215/3215/3041 3216/3216/3042
f 3215/3215/3041 3211/3211/3037 3213/3213/3039
f 3216/3216/3042 3215/3215/3041 3217/3217/3043
f 3142/3142/2972 3143/3143/2973 3218/3218/3044
f 3219/3219/3045 3142/3142/2972 3218/3218/3044
f 3219/3219/3045 3214/3214/3040 3142/3142/2972
f 3220/3220/3046 3214/3214/3040 3219/3219/3045
f 3144/3144/2974 3141/3141/2971 3216/3216/3042
f 3221/3221/3047 3218/3218/3044 3143/3143/2973
f 3219/3219/3045 3218/3218/3044 3222/3222/3048
f 3222/3222/3048 3218/3218/3044 3221/3221/3047
f 3148/3148/2978 3147/3147/2977 3149/3149/2979
f 3148/3148/2978 3149/3149/2979 3223/3223/3049
f 3216/3216/3042 3224/3224/3050 3144/3144/2974
f 3144/3144/2974 3224/3224/3050 3149/3149/2979
f 3223/3223/3049 3149/3149/2979 3225/3225/3051
f 3223/3223/3049 3225/3225/3051 3226/3226/3052
f 3221/3221/3047 3143/3143/2973 3145/3145/2975
f 3227/3227/3053 3221/3221/3047 3150/3150/2980
f 3222/3222/3048 3221/3221/3047 3227/3227/3053
f 3152/3152/2982 3151/3151/2981 3228/3228/3054
f 3148/3148/2978 3223/3223/3049 3151/3151/2981
f 3152/3152/2982 3228/3228/3054 3229/3229/3055
f 3228/3228/3054 3151/3151/2981 3223/3223/3049
f 3228/3228/3054 3223/3223/3049 3226/3226/3052
f 3187/3187/3015 3188/3188/3016 3185/3185/3013
f 3162/3162/2992 3158/3158/2988 3188/3188/3016
f 3162/3162/2992 3188/3188/3016 3230/3230/3056
f 3163/3163/2993 3162/3162/2992 3230/3230/3056
f 3231/3231/3057 3163/3163/2993 3230/3230/3056
f 3232/3232/3058 3167/3167/2997 3163/3163/2993
f 3232/3232/3058 3163/3163/2993 3231/3231/3057
f 3233/3233/3059 3232/3232/3058 3231/3231/3057
f 3166/3166/2996 3167/3167/2997 3198/3198/3026
f 3196/3196/3024 3172/3172/3001 3197/3197/3025
f 3198/3198/3026 3234/3234/3060 3173/3173/3002
f 3198/3198/3026 3167/3167/2997 3232/3232/3058
f 3234/3234/3060 3198/3198/3026 3232/3232/3058
f 3233/3233/3059 3234/3234/3060 3232/3232/3058
f 3234/3234/3060 3233/3233/3059 3235/3235/3061
f 3178/3178/3006 3173/3173/3002 3236/3236/3062
f 3173/3173/3002 3234/3234/3060 3236/3236/3062
f 3235/3235/3061 3236/3236/3062 3234/3234/3060
f 3237/3237/3063 3183/3183/3011 3208/3208/3034
f 3209/3209/3035 3183/3183/3011 3237/3237/3063
f 3237/3237/3063 3208/3208/3034 3206/3206/3032
f 3238/3238/3064 3209/3209/3035 3237/3237/3063
f 3239/3239/3065 3186/3186/3014 3184/3184/3012
f 3209/3209/3035 3239/3239/3065 3184/3184/3012
f 3240/3240/3066 3187/3187/3015 3186/3186/3014
f 3240/3240/3066 3186/3186/3014 3239/3239/3065
f 3239/3239/3065 3209/3209/3035 3238/3238/3064
f 3188/3188/3016 3187/3187/3015 3240/3240/3066
f 3188/3188/3016 3240/3240/3066 3241/3241/3067
f 3241/3241/3067 3240/3240/3066 3242/3242/3068
f 3242/3242/3068 3240/3240/3066 3239/3239/3065
f 3243/3243/3069 3241/3241/3067 3242/3242/3068
f 3192/3192/3020 3193/3193/3021 3244/3244/3070
f 3245/3245/3071 3212/3212/3038 3192/3192/3020
f 3245/3245/3071 3192/3192/3020 3244/3244/3070
f 3246/3246/3072 3247/3247/3073 3245/3245/3071
f 3245/3245/3071 3244/3244/3070 3246/3246/3072
f 3230/3230/3056 3188/3188/3016 3241/3241/3067
f 3248/3248/3074 3231/3231/3057 3230/3230/3056
f 3230/3230/3056 3241/3241/3067 3248/3248/3074
f 3243/3243/3069 3248/3248/3074 3241/3241/3067
f 3248/3248/3074 3243/3243/3069 3249/3249/3075
f 3193/3193/3021 3195/3195/3023 3244/3244/3070
f 3195/3195/3023 3196/3196/3024 3250/3250/3076
f 3244/3244/3070 3195/3195/3023 3250/3250/3076
f 3250/3250/3076 3196/3196/3024 3251/3251/3077
f 3252/3252/3078 3250/3250/3076 3251/3251/3077
f 3246/3246/3072 3244/3244/3070 3250/3250/3076
f 3253/3253/3079 3250/3250/3076 3252/3252/3078
f 3246/3246/3072 3250/3250/3076 3253/3253/3079
f 3231/3231/3057 3248/3248/3074 3254/3254/3080
f 3254/3254/3080 3233/3233/3059 3231/3231/3057
f 3249/3249/3075 3254/3254/3080 3248/3248/3074
f 3249/3249/3075 3255/3255/3081 3254/3254/3080
f 3251/3251/3077 3196/3196/3024 3197/3197/3025
f 3256/3256/3082 3252/3252/3078 3251/3251/3077
f 3257/3257/3083 3233/3233/3059 3254/3254/3080
f 3235/3235/3061 3233/3233/3059 3257/3257/3083
f 3235/3235/3061 3257/3257/3083 3258/3258/3084
f 3257/3257/3083 3254/3254/3080 3255/3255/3081
f 3203/3203/3028 3202/3202/3029 3259/3259/3085
f 3197/3197/3025 3201/3201/3028 3260/3260/3086
f 3201/3201/3028 3261/3261/3085 3260/3260/3086
f 3251/3251/3077 3197/3197/3025 3260/3260/3086
f 3260/3260/3086 3261/3261/3085 3262/3262/3087
f 3262/3262/3087 3251/3251/3077 3260/3260/3086
f 3263/3263/3088 3262/3262/3087 3261/3261/3085
f 3235/3235/3061 3258/3258/3084 3264/3264/3089
f 3265/3265/3090 3237/3237/3063 3206/3206/3032
f 3265/3265/3090 3206/3206/3032 3207/3207/3033
f 3265/3265/3090 3207/3207/3033 3266/3266/3091
f 3266/3266/3091 3207/3207/3033 3214/3214/3040
f 3266/3266/3091 3214/3214/3040 3220/3220/3046
f 3238/3238/3064 3237/3237/3063 3267/3267/3092
f 3268/3268/3093 3237/3237/3063 3265/3265/3090
f 3267/3267/3092 3237/3237/3063 3268/3268/3093
f 3269/3269/3094 3238/3238/3064 3267/3267/3092
f 3269/3269/3094 3267/3267/3092 3268/3268/3093
f 3270/3270/3095 3268/3268/3093 3265/3265/3090
f 3268/3268/3093 3270/3270/3095 3271/3271/3096
f 3242/3242/3068 3239/3239/3065 3272/3272/3097
f 3239/3239/3065 3238/3238/3064 3272/3272/3097
f 3269/3269/3094 3272/3272/3097 3238/3238/3064
f 3273/3273/3098 3243/3243/3069 3242/3242/3068
f 3274/3274/3099 3242/3242/3068 3272/3272/3097
f 3213/3213/3039 3212/3212/3038 3245/3245/3071
f 3215/3215/3041 3213/3213/3039 3275/3275/3100
f 3213/3213/3039 3247/3247/3073 3275/3275/3100
f 3217/3217/3043 3215/3215/3041 3275/3275/3100
f 3247/3247/3073 3213/3213/3039 3245/3245/3071
f 3275/3275/3100 3247/3247/3073 3276/3276/3101
f 3277/3277/3102 3247/3247/3073 3246/3246/3072
f 3247/3247/3073 3277/3277/3102 3276/3276/3101
f 3273/3273/3098 3278/3278/3103 3243/3243/3069
f 3277/3277/3102 3246/3246/3072 3253/3253/3079
f 3277/3277/3102 3253/3253/3079 3279/3279/3104
f 3279/3279/3104 3256/3256/3082 3280/3280/3105
f 3256/3256/3082 3251/3251/3077 3262/3262/3087
f 3253/3253/3079 3252/3252/3078 3256/3256/3082
f 3253/3253/3079 3256/3256/3082 3279/3279/3104
f 3280/3280/3105 3256/3256/3082 3281/3281/3106
f 3256/3256/3082 3282/3282/3107 3281/3281/3106
f 3282/3282/3107 3283/3283/3108 3281/3281/3106
f 3262/3262/3087 3263/3263/3088 3282/3282/3107
f 3282/3282/3107 3256/3256/3082 3262/3262/3087
f 3283/3283/3108 3282/3282/3107 3263/3263/3088
f 3281/3281/3106 3283/3283/3108 3284/3284/3109
f 3284/3284/3109 3283/3283/3108 3285/3285/3110
f 3286/3286/3111 3220/3220/3046 3219/3219/3045
f 3287/3287/3112 3266/3266/3091 3220/3220/3046
f 3287/3287/3112 3220/3220/3046 3286/3286/3111
f 3288/3288/3113 3287/3287/3112 3286/3286/3111
f 3270/3270/3095 3265/3265/3090 3266/3266/3091
f 3270/3270/3095 3266/3266/3091 3287/3287/3112
f 3269/3269/3094 3268/3268/3093 3271/3271/3096
f 3289/3289/3114 3270/3270/3095 3287/3287/3112
f 3289/3289/3114 3287/3287/3112 3290/3290/3115
f 3269/3269/3094 3271/3271/3096 3291/3291/3116
f 3269/3269/3094 3291/3291/3116 3292/3292/3117
f 3291/3291/3116 3271/3271/3096 3270/3270/3095
f 3291/3291/3116 3270/3270/3095 3289/3289/3114
f 3292/3292/3117 3291/3291/3116 3293/3293/3118
f 3274/3274/3099 3272/3272/3097 3269/3269/3094
f 3294/3294/3119 3269/3269/3094 3292/3292/3117
f 3294/3294/3119 3292/3292/3117 3293/3293/3118
f 3224/3224/3050 3216/3216/3042 3217/3217/3043
f 3224/3224/3050 3217/3217/3043 3295/3295/3120
f 3224/3224/3050 3295/3295/3120 3225/3225/3051
f 3295/3295/3120 3217/3217/3043 3275/3275/3100
f 3295/3295/3120 3275/3275/3100 3296/3296/3121
f 3297/3297/3122 3275/3275/3100 3276/3276/3101
f 3296/3296/3121 3275/3275/3100 3297/3297/3122
f 3298/3298/3123 3276/3276/3101 3277/3277/3102
f 3299/3299/3124 3276/3276/3101 3298/3298/3123
f 3297/3297/3122 3276/3276/3101 3299/3299/3124
f 3298/3298/3123 3277/3277/3102 3279/3279/3104
f 3298/3298/3123 3279/3279/3104 3280/3280/3105
f 3300/3300/3125 3298/3298/3123 3280/3280/3105
f 3301/3301/3126 3298/3298/3123 3300/3300/3125
f 3299/3299/3124 3298/3298/3123 3301/3301/3126
f 3299/3299/3124 3301/3301/3126 3302/3302/3127
f 3280/3280/3105 3281/3281/3106 3284/3284/3109
f 3280/3280/3105 3284/3284/3109 3303/3303/3128
f 3300/3300/3125 3280/3280/3105 3304/3304/3129
f 3284/3284/3109 3285/3285/3110 3303/3303/3128
f 3303/3303/3128 3285/3285/3110 3305/3305/3130
f 3286/3286/3111 3219/3219/3045 3222/3222/3048
f 3306/3306/3131 3286/3286/3111 3222/3222/3048
f 3307/3307/3132 3288/3288/3113 3286/3286/3111
f 3306/3306/3131 3307/3307/3132 3286/3286/3111
f 3290/3290/3115 3287/3287/3112 3288/3288/3113
f 3290/3290/3115 3288/3288/3113 3308/3308/3133
f 3308/3308/3133 3288/3288/3113 3307/3307/3132
f 3309/3309/3134 3289/3289/3114 3290/3290/3115
f 3309/3309/3134 3290/3290/3115 3308/3308/3133
f 3310/3310/3135 3291/3291/3116 3289/3289/3114
f 3293/3293/3118 3291/3291/3116 3310/3310/3135
f 3311/3311/3136 3310/3310/3135 3289/3289/3114
f 3149/3149/2979 3224/3224/3050 3225/3225/3051
f 3225/3225/3051 3295/3295/3120 3312/3312/3137
f 3226/3226/3052 3225/3225/3051 3313/3313/3138
f 3312/3312/3137 3295/3295/3120 3296/3296/3121
f 3225/3225/3051 3312/3312/3137 3313/3313/3138
f 3313/3313/3138 3312/3312/3137 3314/3314/3139
f 3312/3312/3137 3296/3296/3121 3315/3315/3140
f 3296/3296/3121 3297/3297/3122 3299/3299/3124
f 3296/3296/3121 3299/3299/3124 3315/3315/3140
f 3299/3299/3124 3302/3302/3127 3315/3315/3140
f 3314/3314/3139 3312/3312/3137 3315/3315/3140
f 3316/3316/3141 3315/3315/3140 3302/3302/3127
f 3317/3317/3142 3222/3222/3048 3227/3227/3053
f 3317/3317/3142 3306/3306/3131 3222/3222/3048
f 3318/3318/3143 3307/3307/3132 3306/3306/3131
f 3317/3317/3142 3318/3318/3143 3306/3306/3131
f 3319/3319/3144 3318/3318/3143 3317/3317/3142
f 3320/3320/3145 3308/3308/3133 3307/3307/3132
f 3320/3320/3145 3307/3307/3132 3318/3318/3143
f 3320/3320/3145 3318/3318/3143 3319/3319/3144
f 3321/3321/3146 3309/3309/3134 3308/3308/3133
f 3321/3321/3146 3308/3308/3133 3320/3320/3145
f 3228/3228/3054 3226/3226/3052 3322/3322/3147
f 3226/3226/3052 3323/3323/3148 3322/3322/3147
f 3323/3323/3148 3226/3226/3052 3313/3313/3138
f 3323/3323/3148 3313/3313/3138 3314/3314/3139
f 3323/3323/3148 3314/3314/3139 3324/3324/3149
f 3314/3314/3139 3315/3315/3140 3325/3325/3150
f 3324/3324/3149 3314/3314/3139 3325/3325/3150
f 3325/3325/3150 3315/3315/3140 3316/3316/3141
f 3326/3326/3151 3258/3258/3084 3257/3257/3083
f 3326/3326/3151 3257/3257/3083 3255/3255/3081
f 3264/3264/3089 3258/3258/3084 3327/3327/3152
f 3326/3326/3151 3327/3327/3152 3258/3258/3084
f 3273/3273/3098 3242/3242/3068 3274/3274/3099
f 3278/3278/3103 3249/3249/3075 3243/3243/3069
f 3249/3249/3075 3278/3278/3103 3328/3328/3153
f 3329/3329/3154 3328/3328/3153 3278/3278/3103
f 3278/3278/3103 3273/3273/3098 3330/3330/3155
f 3255/3255/3081 3249/3249/3075 3328/3328/3153
f 3331/3331/3156 3328/3328/3153 3329/3329/3154
f 3332/3332/3157 3255/3255/3081 3328/3328/3153
f 3331/3331/3156 3332/3332/3157 3328/3328/3153
f 3332/3332/3157 3331/3331/3156 3333/3333/3158
f 3332/3332/3157 3326/3326/3151 3255/3255/3081
f 3334/3334/3159 3326/3326/3151 3332/3332/3157
f 3335/3335/3160 3334/3334/3159 3333/3333/3158
f 3334/3334/3159 3332/3332/3157 3333/3333/3158
f 3274/3274/3099 3269/3269/3094 3294/3294/3119
f 3336/3336/3161 3294/3294/3119 3293/3293/3118
f 3337/3337/3162 3273/3273/3098 3274/3274/3099
f 3274/3274/3099 3294/3294/3119 3337/3337/3162
f 3338/3338/3163 3337/3337/3162 3294/3294/3119
f 3329/3329/3154 3278/3278/3103 3330/3330/3155
f 3337/3337/3162 3330/3330/3155 3273/3273/3098
f 3339/3339/3164 3329/3329/3154 3330/3330/3155
f 3339/3339/3164 3330/3330/3155 3337/3337/3162
f 3340/3340/3165 3339/3339/3164 3337/3337/3162
f 3304/3304/3129 3301/3301/3126 3300/3300/3125
f 3301/3301/3126 3304/3304/3129 3341/3341/3166
f 3342/3342/3167 3301/3301/3126 3341/3341/3166
f 3343/3343/3168 3331/3331/3156 3329/3329/3154
f 3331/3331/3156 3343/3343/3168 3344/3344/3169
f 3343/3343/3168 3329/3329/3154 3339/3339/3164
f 3345/3345/3170 3343/3343/3168 3339/3339/3164
f 3346/3346/3171 3343/3343/3168 3345/3345/3170
f 3346/3346/3171 3344/3344/3169 3343/3343/3168
f 3345/3345/3170 3339/3339/3164 3347/3347/3172
f 3304/3304/3129 3280/3280/3105 3303/3303/3128
f 3304/3304/3129 3303/3303/3128 3348/3348/3173
f 3341/3341/3166 3304/3304/3129 3348/3348/3173
f 3349/3349/3174 3341/3341/3166 3348/3348/3173
f 3333/3333/3158 3331/3331/3156 3344/3344/3169
f 3344/3344/3169 3346/3346/3171 3350/3350/3175
f 3348/3348/3173 3303/3303/3128 3351/3351/3176
f 3303/3303/3128 3305/3305/3130 3351/3351/3176
f 3344/3344/3169 3335/3335/3160 3333/3333/3158
f 3344/3344/3169 3350/3350/3175 3352/3352/3177
f 3353/3353/3178 3352/3352/3177 3350/3350/3175
f 3311/3311/3136 3289/3289/3114 3309/3309/3134
f 3293/3293/3118 3310/3310/3135 3354/3354/3179
f 3355/3355/3180 3311/3311/3136 3309/3309/3134
f 3356/3356/3181 3310/3310/3135 3311/3311/3136
f 3356/3356/3181 3311/3311/3136 3355/3355/3180
f 3357/3357/3182 3310/3310/3135 3356/3356/3181
f 3354/3354/3179 3310/3310/3135 3357/3357/3182
f 3336/3336/3161 3293/3293/3118 3354/3354/3179
f 3338/3338/3163 3294/3294/3119 3336/3336/3161
f 3340/3340/3165 3337/3337/3162 3338/3338/3163
f 3338/3338/3163 3336/3336/3161 3358/3358/3183
f 3359/3359/3184 3340/3340/3165 3338/3338/3163
f 3347/3347/3172 3339/3339/3164 3340/3340/3165
f 3360/3360/3185 3347/3347/3172 3340/3340/3165
f 3360/3360/3185 3340/3340/3165 3359/3359/3184
f 3342/3342/3167 3302/3302/3127 3301/3301/3126
f 3302/3302/3127 3342/3342/3167 3361/3361/3186
f 3316/3316/3141 3302/3302/3127 3361/3361/3186
f 3342/3342/3167 3341/3341/3166 3349/3349/3174
f 3342/3342/3167 3349/3349/3174 3362/3362/3187
f 3361/3361/3186 3342/3342/3167 3362/3362/3187
f 3363/3363/3188 3345/3345/3170 3347/3347/3172
f 3363/3363/3188 3364/3364/3189 3345/3345/3170
f 3363/3363/3188 3347/3347/3172 3365/3365/3190
f 3365/3365/3190 3347/3347/3172 3360/3360/3185
f 3364/3364/3189 3363/3363/3188 3365/3365/3190
f 3366/3366/3191 3349/3349/3174 3367/3367/3192
f 3349/3349/3174 3348/3348/3173 3367/3367/3192
f 3362/3362/3187 3349/3349/3174 3366/3366/3191
f 3366/3366/3191 3367/3367/3192 3368/3368/3193
f 3364/3364/3189 3346/3346/3171 3345/3345/3170
f 3369/3369/3194 3350/3350/3175 3364/3364/3189
f 3350/3350/3175 3346/3346/3171 3364/3364/3189
f 3364/3364/3189 3365/3365/3190 3370/3370/3195
f 3369/3369/3194 3364/3364/3189 3371/3371/3196
f 3371/3371/3196 3364/3364/3189 3370/3370/3195
f 3348/3348/3173 3351/3351/3176 3367/3367/3192
f 3368/3368/3193 3367/3367/3192 3372/3372/3197
f 3372/3372/3197 3367/3367/3192 3373/3373/3198
f 3353/3353/3178 3350/3350/3175 3369/3369/3194
f 3353/3353/3178 3369/3369/3194 3374/3374/3199
f 3374/3374/3199 3369/3369/3194 3371/3371/3196
f 3355/3355/3180 3309/3309/3134 3321/3321/3146
f 3375/3375/3200 3357/3357/3182 3356/3356/3181
f 3375/3375/3200 3356/3356/3181 3376/3376/3201
f 3336/3336/3161 3354/3354/3179 3357/3357/3182
f 3377/3377/3202 3336/3336/3161 3357/3357/3182
f 3375/3375/3200 3377/3377/3202 3357/3357/3182
f 3377/3377/3202 3358/3358/3183 3336/3336/3161
f 3378/3378/3203 3358/3358/3183 3377/3377/3202
f 3379/3379/3204 3358/3358/3183 3378/3378/3203
f 3338/3338/3163 3358/3358/3183 3379/3379/3204
f 3359/3359/3184 3338/3338/3163 3379/3379/3204
f 3380/3380/3205 3381/3381/3206 3379/3379/3204
f 3381/3381/3206 3359/3359/3184 3379/3379/3204
f 3316/3316/3141 3361/3361/3186 3382/3382/3207
f 3325/3325/3150 3316/3316/3141 3382/3382/3207
f 3381/3381/3206 3360/3360/3185 3359/3359/3184
f 3383/3383/3208 3360/3360/3185 3381/3381/3206
f 3384/3384/3209 3381/3381/3206 3380/3380/3205
f 3383/3383/3208 3381/3381/3206 3384/3384/3209
f 3382/3382/3207 3361/3361/3186 3385/3385/3210
f 3385/3385/3210 3361/3361/3186 3362/3362/3187
f 3385/3385/3210 3362/3362/3187 3386/3386/3211
f 3383/3383/3208 3365/3365/3190 3360/3360/3185
f 3387/3387/3212 3365/3365/3190 3383/3383/3208
f 3362/3362/3187 3366/3366/3191 3368/3368/3193
f 3362/3362/3187 3368/3368/3193 3386/3386/3211
f 3386/3386/3211 3368/3368/3193 3388/3388/3213
f 3370/3370/3195 3365/3365/3190 3387/3387/3212
f 3389/3389/3214 3371/3371/3196 3370/3370/3195
f 3390/3390/3215 3370/3370/3195 3387/3387/3212
f 3390/3390/3215 3389/3389/3214 3370/3370/3195
f 3391/3391/3216 3389/3389/3214 3390/3390/3215
f 3368/3368/3193 3372/3372/3197 3388/3388/3213
f 3372/3372/3197 3373/3373/3198 3392/3392/3217
f 3388/3388/3213 3372/3372/3197 3392/3392/3217
f 3393/3393/3218 3374/3374/3199 3371/3371/3196
f 3393/3393/3218 3371/3371/3196 3389/3389/3214
f 1337/1337/1279 656/656/656 3394/3394/3219
f 656/656/656 655/655/655 2776/2776/2618
f 3395/3395/3220 656/656/656 2776/2776/2618
f 3394/3394/3219 656/656/656 3395/3395/3220
f 1370/1370/1310 1337/1337/1279 3394/3394/3219
f 1370/1370/1310 3394/3394/3219 3396/3396/3221
f 3394/3394/3219 3395/3395/3220 3396/3396/3221
f 3396/3396/3221 3397/3397/3222 3398/3398/3223
f 3396/3396/3221 3395/3395/3220 3397/3397/3222
f 1370/1370/1310 3396/3396/3221 3398/3398/3223
f 1372/1372/1312 1370/1370/1310 3398/3398/3223
f 3399/3399/3224 1372/1372/1312 3398/3398/3223
f 1376/1376/1316 1373/1373/1313 1372/1372/1312
f 3399/3399/3224 1376/1376/1316 1372/1372/1312
f 3400/3400/3225 1376/1376/1316 3399/3399/3224
f 3401/3401/3226 1376/1376/1316 3400/3400/3225
f 1375/1375/1315 1376/1376/1316 1385/1385/1325
f 1376/1376/1316 3401/3401/3226 1385/1385/1325
f 1385/1385/1325 3401/3401/3226 3402/3402/3227
f 1382/1382/1322 1379/1379/1319 3403/3403/3228
f 1360/1360/1302 1359/1359/1301 1384/1384/1324
f 1360/1360/1302 1384/1384/1324 1387/1387/1327
f 1383/1383/1323 1399/1399/1337 1374/1374/1314
f 3403/3403/3228 1379/1379/1319 1386/1386/1326
f 3404/3404/3229 1381/1381/1321 1382/1382/1322
f 3404/3404/3229 1382/1382/1322 3403/3403/3228
f 1377/1377/1317 1356/1356/1298 3405/3405/3230
f 1377/1377/1317 3405/3405/3230 1378/1378/1318
f 1356/1356/1298 1358/1358/1300 3406/3406/3231
f 3405/3405/3230 1356/1356/1298 3406/3406/3231
f 1386/1386/1326 1385/1385/1325 3402/3402/3227
f 3407/3407/3232 1399/1399/1337 1383/1383/1323
f 1383/1383/1323 1387/1387/1327 3407/3407/3232
f 3404/3404/3229 1358/1358/1300 1381/1381/1321
f 1378/1378/1318 3405/3405/3230 3408/3408/3233
f 3408/3408/3233 1384/1384/1324 1378/1378/1318
f 3409/3409/3234 3403/3403/3228 1386/1386/1326
f 3407/3407/3232 1387/1387/1327 3410/3410/3235
f 1358/1358/1300 3411/3411/3236 3406/3406/3231
f 3411/3411/3236 1358/1358/1300 3404/3404/3229
f 3404/3404/3229 3412/3412/3237 3413/3413/3238
f 3412/3412/3237 3404/3404/3229 3403/3403/3228
f 3414/3414/3239 680/680/680 1388/1388/1328
f 3415/3415/3239 1393/1393/1328 1390/1390/1330
f 2734/2734/2576 680/680/680 3414/3414/3239
f 3416/3416/3240 2805/2805/2577 3415/3415/3239
f 2735/2735/2577 2734/2734/2576 3414/3414/3239
f 3417/3417/3241 3415/3415/3239 1390/1390/1330
f 3417/3417/3241 1390/1390/1330 1396/1396/1334
f 1396/1396/1334 3418/3418/3242 3417/3417/3241
f 3419/3419/3243 3416/3416/3240 3415/3415/3239
f 3419/3419/3243 3415/3415/3239 3417/3417/3241
f 3418/3418/3242 1396/1396/1334 1394/1394/1332
f 3420/3420/3244 3418/3418/3242 1394/1394/1332
f 3419/3419/3243 3417/3417/3241 3418/3418/3242
f 3420/3420/3244 3419/3419/3243 3418/3418/3242
f 3421/3421/3245 1394/1394/1332 1397/1397/1335
f 1397/1397/1335 1398/1398/1336 3422/3422/3246
f 3421/3421/3245 1397/1397/1335 3422/3422/3246
f 3420/3420/3244 1394/1394/1332 3421/3421/3245
f 3423/3423/3247 3421/3421/3245 3422/3422/3246
f 3424/3424/3248 3422/3422/3246 1398/1398/1336
f 1398/1398/1336 1399/1399/1337 3424/3424/3248
f 3424/3424/3248 1399/1399/1337 3425/3425/3249
f 3400/3400/3225 3399/3399/3224 3426/3426/3250
f 3426/3426/3250 3399/3399/3224 3427/3427/3251
f 3401/3401/3226 3400/3400/3225 3426/3426/3250
f 3401/3401/3226 3426/3426/3250 3428/3428/3252
f 3428/3428/3252 3402/3402/3227 3401/3401/3226
f 3426/3426/3250 3429/3429/3253 3428/3428/3252
f 3428/3428/3252 3429/3429/3253 3430/3430/3254
f 3413/3413/3238 3411/3411/3236 3404/3404/3229
f 3431/3431/3255 1384/1384/1324 3408/3408/3233
f 3409/3409/3234 1386/1386/1326 3402/3402/3227
f 3431/3431/3255 1387/1387/1327 1384/1384/1324
f 3425/3425/3249 1399/1399/1337 3407/3407/3232
f 3406/3406/3231 3411/3411/3236 3408/3408/3233
f 3405/3405/3230 3406/3406/3231 3408/3408/3233
f 3403/3403/3228 3409/3409/3234 3412/3412/3237
f 1387/1387/1327 3431/3431/3255 3410/3410/3235
f 3432/3432/3256 3425/3425/3249 3407/3407/3232
f 3408/3408/3233 3411/3411/3236 3413/3413/3238
f 3410/3410/3235 3432/3432/3256 3407/3407/3232
f 3409/3409/3234 3402/3402/3227 3428/3428/3252
f 3410/3410/3235 3431/3431/3255 3433/3433/3257
f 3434/3434/3258 3413/3413/3238 3412/3412/3237
f 3409/3409/3234 3428/3428/3252 3435/3435/3259
f 3436/3436/3260 3408/3408/3233 3413/3413/3238
f 3436/3436/3260 3437/3437/3261 3408/3408/3233
f 3431/3431/3255 3408/3408/3233 3437/3437/3261
f 3412/3412/3237 3409/3409/3234 3435/3435/3259
f 3435/3435/3259 3428/3428/3252 3430/3430/3254
f 3413/3413/3238 3434/3434/3258 3436/3436/3260
f 3435/3435/3259 3430/3430/3254 3438/3438/3262
f 3395/3395/3220 2776/2776/2618 2802/2802/2644
f 2803/2803/2645 2805/2805/2577 3416/3416/3240
f 3439/3439/3263 2803/2803/2645 3416/3416/3240
f 3440/3440/3264 2802/2802/2644 2806/2806/2646
f 3439/3439/3263 3441/3441/3265 2803/2803/2645
f 2802/2802/2644 3397/3397/3222 3395/3395/3220
f 3416/3416/3240 3419/3419/3243 3442/3442/3266
f 3397/3397/3222 2802/2802/2644 3443/3443/3267
f 3439/3439/3263 3416/3416/3240 3442/3442/3266
f 3443/3443/3267 2802/2802/2644 3440/3440/3264
f 3442/3442/3266 3419/3419/3243 3420/3420/3244
f 3397/3397/3222 3444/3444/3268 3398/3398/3223
f 3399/3399/3224 3398/3398/3223 3444/3444/3268
f 3445/3445/3269 3442/3442/3266 3420/3420/3244
f 3445/3445/3269 3420/3420/3244 3446/3446/3270
f 3397/3397/3222 3443/3443/3267 3444/3444/3268
f 3447/3447/3271 3445/3445/3269 3446/3446/3270
f 3399/3399/3224 3444/3444/3268 3427/3427/3251
f 3439/3439/3263 3442/3442/3266 3445/3445/3269
f 3445/3445/3269 3448/3448/3272 3439/3439/3263
f 3449/3449/3273 3420/3420/3244 3421/3421/3245
f 3449/3449/3273 3421/3421/3245 3423/3423/3247
f 3446/3446/3270 3420/3420/3244 3449/3449/3273
f 3447/3447/3271 3446/3446/3270 3449/3449/3273
f 3429/3429/3253 3426/3426/3250 3427/3427/3251
f 3422/3422/3246 3424/3424/3248 3425/3425/3249
f 3425/3425/3249 3432/3432/3256 3450/3450/3274
f 3450/3450/3274 3422/3422/3246 3425/3425/3249
f 3451/3451/3275 3423/3423/3247 3422/3422/3246
f 3451/3451/3275 3422/3422/3246 3450/3450/3274
f 3451/3451/3275 3449/3449/3273 3423/3423/3247
f 3449/3449/3273 3451/3451/3275 3452/3452/3276
f 3451/3451/3275 3450/3450/3274 3453/3453/3277
f 3450/3450/3274 3432/3432/3256 3410/3410/3235
f 3450/3450/3274 3410/3410/3235 3454/3454/3278
f 3410/3410/3235 3433/3433/3257 3454/3454/3278
f 3433/3433/3257 3431/3431/3255 3437/3437/3261
f 3436/3436/3260 3434/3434/3258 3455/3455/3279
f 3434/3434/3258 3456/3456/3280 3455/3455/3279
f 3456/3456/3280 3434/3434/3258 3412/3412/3237
f 3436/3436/3260 3455/3455/3279 3437/3437/3261
f 3433/3433/3257 3437/3437/3261 3457/3457/3281
f 3458/3458/3282 3454/3454/3278 3433/3433/3257
f 3459/3459/3283 3457/3457/3281 3437/3437/3261
f 3437/3437/3261 3455/3455/3279 3459/3459/3283
f 3412/3412/3237 3435/3435/3259 3438/3438/3262
f 3433/3433/3257 3457/3457/3281 3458/3458/3282
f 3455/3455/3279 3456/3456/3280 3459/3459/3283
f 3456/3456/3280 3412/3412/3237 3460/3460/3284
f 3460/3460/3284 3412/3412/3237 3438/3438/3262
f 3460/3460/3284 3438/3438/3262 3461/3461/3285
f 3458/3458/3282 3457/3457/3281 3462/3462/3286
f 3459/3459/3283 3463/3463/3287 3457/3457/3281
f 3462/3462/3286 3457/3457/3281 3463/3463/3287
f 3448/3448/3272 3441/3441/3265 3439/3439/3263
f 3441/3441/3265 2866/2866/2706 2803/2803/2645
f 3464/3464/3288 3441/3441/3265 3448/3448/3272
f 3465/3465/3289 2806/2806/2646 2868/2868/2707
f 3464/3464/3288 2866/2866/2706 3441/3441/3265
f 3440/3440/3264 2806/2806/2646 3465/3465/3289
f 3440/3440/3264 3465/3465/3289 3466/3466/3290
f 2870/2870/2708 2866/2866/2706 3464/3464/3288
f 2870/2870/2708 3464/3464/3288 3467/3467/3291
f 3466/3466/3290 3465/3465/3289 3468/3468/3292
f 3468/3468/3292 3465/3465/3289 3469/3469/3293
f 3443/3443/3267 3440/3440/3264 3444/3444/3268
f 3470/3470/3294 3444/3444/3268 3440/3440/3264
f 3471/3471/3295 3448/3448/3272 3445/3445/3269
f 3472/3472/3296 3471/3471/3295 3445/3445/3269
f 3472/3472/3296 3445/3445/3269 3447/3447/3271
f 3470/3470/3294 3440/3440/3264 3466/3466/3290
f 3464/3464/3288 3448/3448/3272 3471/3471/3295
f 3473/3473/3297 3470/3470/3294 3466/3466/3290
f 3467/3467/3291 3464/3464/3288 3471/3471/3295
f 3474/3474/3298 3467/3467/3291 3471/3471/3295
f 3474/3474/3298 3471/3471/3295 3472/3472/3296
f 3447/3447/3271 3449/3449/3273 3452/3452/3276
f 3475/3475/3299 3472/3472/3296 3447/3447/3271
f 3447/3447/3271 3452/3452/3276 3475/3475/3299
f 3429/3429/3253 3427/3427/3251 3476/3476/3300
f 3427/3427/3251 3444/3444/3268 3470/3470/3294
f 3476/3476/3300 3427/3427/3251 3470/3470/3294
f 3475/3475/3299 3477/3477/3301 3478/3478/3302
f 3470/3470/3294 3473/3473/3297 3476/3476/3300
f 3474/3474/3298 3472/3472/3296 3475/3475/3299
f 3476/3476/3300 3473/3473/3297 3479/3479/3303
f 3478/3478/3302 3474/3474/3298 3475/3475/3299
f 3451/3451/3275 3453/3453/3277 3480/3480/3304
f 3480/3480/3304 3452/3452/3276 3451/3451/3275
f 3429/3429/3253 3476/3476/3300 3481/3481/3305
f 3430/3430/3254 3429/3429/3253 3481/3481/3305
f 3475/3475/3299 3452/3452/3276 3480/3480/3304
f 3480/3480/3304 3453/3453/3277 3482/3482/3306
f 3477/3477/3301 3475/3475/3299 3480/3480/3304
f 3477/3477/3301 3480/3480/3304 3482/3482/3306
f 3483/3483/3307 3476/3476/3300 3479/3479/3303
f 3453/3453/3277 3450/3450/3274 3454/3454/3278
f 3481/3481/3305 3438/3438/3262 3430/3430/3254
f 3482/3482/3306 3453/3453/3277 3454/3454/3278
f 3454/3454/3278 3458/3458/3282 3484/3484/3308
f 3484/3484/3308 3482/3482/3306 3454/3454/3278
f 3438/3438/3262 3481/3481/3305 3485/3485/3309
f 3461/3461/3285 3438/3438/3262 3485/3485/3309
f 3462/3462/3286 3484/3484/3308 3458/3458/3282
f 3456/3456/3280 3486/3486/3310 3463/3463/3287
f 3456/3456/3280 3463/3463/3287 3459/3459/3283
f 3486/3486/3310 3456/3456/3280 3460/3460/3284
f 3461/3461/3285 3486/3486/3310 3460/3460/3284
f 3463/3463/3287 3486/3486/3310 3487/3487/3311
f 3487/3487/3311 3488/3488/3312 3463/3463/3287
f 3488/3488/3312 3462/3462/3286 3463/3463/3287
f 2868/2868/2707 2917/2917/2753 3465/3465/3289
f 2870/2870/2708 3489/3489/3313 2916/2916/2752
f 3469/3469/3293 3465/3465/3289 2917/2917/2753
f 3490/3490/3314 2916/2916/2752 3489/3489/3313
f 3469/3469/3293 2917/2917/2753 3491/3491/3315
f 3492/3492/3316 3469/3469/3293 3491/3491/3315
f 2917/2917/2753 2918/2918/2754 3491/3491/3315
f 3492/3492/3316 3491/3491/3315 3493/3493/3317
f 2870/2870/2708 3467/3467/3291 3489/3489/3313
f 3494/3494/3318 3468/3468/3292 3469/3469/3293
f 3489/3489/3313 3495/3495/3319 3490/3490/3314
f 3473/3473/3297 3466/3466/3290 3468/3468/3292
f 3496/3496/3320 3467/3467/3291 3474/3474/3298
f 3495/3495/3319 3467/3467/3291 3496/3496/3320
f 3495/3495/3319 3489/3489/3313 3467/3467/3291
f 3473/3473/3297 3468/3468/3292 3494/3494/3318
f 3497/3497/3321 3495/3495/3319 3496/3496/3320
f 3494/3494/3318 3469/3469/3293 3492/3492/3316
f 3498/3498/3322 3490/3490/3314 3495/3495/3319
f 3494/3494/3318 3492/3492/3316 3499/3499/3323
f 3498/3498/3322 3497/3497/3321 3500/3500/3324
f 3501/3501/3325 3474/3474/3298 3478/3478/3302
f 3474/3474/3298 3501/3501/3325 3496/3496/3320
f 3497/3497/3321 3496/3496/3320 3501/3501/3325
f 3473/3473/3297 3494/3494/3318 3479/3479/3303
f 3497/3497/3321 3501/3501/3325 3500/3500/3324
f 3494/3494/3318 3499/3499/3323 3502/3502/3326
f 3479/3479/3303 3494/3494/3318 3502/3502/3326
f 3503/3503/3327 3498/3498/3322 3500/3500/3324
f 3481/3481/3305 3476/3476/3300 3483/3483/3307
f 3504/3504/3328 3478/3478/3302 3477/3477/3301
f 3478/3478/3302 3504/3504/3328 3501/3501/3325
f 3505/3505/3329 3481/3481/3305 3483/3483/3307
f 3504/3504/3328 3477/3477/3301 3506/3506/3330
f 3505/3505/3329 3483/3483/3307 3502/3502/3326
f 3502/3502/3326 3483/3483/3307 3479/3479/3303
f 3507/3507/3331 3500/3500/3324 3501/3501/3325
f 3507/3507/3331 3501/3501/3325 3504/3504/3328
f 3505/3505/3329 3502/3502/3326 3508/3508/3332
f 3504/3504/3328 3506/3506/3330 3507/3507/3331
f 3507/3507/3331 3506/3506/3330 3509/3509/3333
f 3500/3500/3324 3507/3507/3331 3503/3503/3327
f 3484/3484/3308 3462/3462/3286 3510/3510/3334
f 3482/3482/3306 3484/3484/3308 3477/3477/3301
f 3477/3477/3301 3484/3484/3308 3510/3510/3334
f 3485/3485/3309 3481/3481/3305 3511/3511/3335
f 3461/3461/3285 3485/3485/3309 3511/3511/3335
f 3481/3481/3305 3505/3505/3329 3511/3511/3335
f 3506/3506/3330 3477/3477/3301 3510/3510/3334
f 3461/3461/3285 3511/3511/3335 3512/3512/3336
f 3509/3509/3333 3506/3506/3330 3510/3510/3334
f 3513/3513/3337 3509/3509/3333 3510/3510/3334
f 3514/3514/3338 3461/3461/3285 3512/3512/3336
f 3486/3486/3310 3461/3461/3285 3514/3514/3338
f 3462/3462/3286 3488/3488/3312 3515/3515/3339
f 3510/3510/3334 3462/3462/3286 3515/3515/3339
f 3490/3490/3314 2911/2911/2749 2916/2916/2752
f 3516/3516/3340 2911/2911/2749 3490/3490/3314
f 2939/2939/2774 2911/2911/2749 3516/3516/3340
f 3495/3495/3319 3497/3497/3321 3498/3498/3322
f 3492/3492/3316 3493/3493/3317 3517/3517/3341
f 3491/3491/3315 2918/2918/2754 3493/3493/3317
f 2918/2918/2754 2970/2970/2805 3493/3493/3317
f 3492/3492/3316 3517/3517/3341 3499/3499/3323
f 3499/3499/3323 3517/3517/3341 3518/3518/3342
f 3502/3502/3326 3499/3499/3323 3518/3518/3342
f 3519/3519/3343 3502/3502/3326 3518/3518/3342
f 3508/3508/3332 3502/3502/3326 3520/3520/3344
f 3508/3508/3332 3520/3520/3344 3521/3521/3345
f 3522/3522/3346 3507/3507/3331 3509/3509/3333
f 3520/3520/3344 3502/3502/3326 3519/3519/3343
f 3505/3505/3329 3508/3508/3332 3511/3511/3335
f 3487/3487/3311 3486/3486/3310 3514/3514/3338
f 3487/3487/3311 3514/3514/3338 3488/3488/3312
f 3510/3510/3334 3515/3515/3339 3513/3513/3337
f 3509/3509/3333 3513/3513/3337 3522/3522/3346
f 3512/3512/3336 3511/3511/3335 3523/3523/3347
f 3523/3523/3347 3511/3511/3335 3508/3508/3332
f 3522/3522/3346 3513/3513/3337 3524/3524/3348
f 3525/3525/3349 3512/3512/3336 3523/3523/3347
f 3488/3488/3312 3514/3514/3338 3526/3526/3350
f 3526/3526/3350 3515/3515/3339 3488/3488/3312
f 3514/3514/3338 3512/3512/3336 3527/3527/3351
f 3527/3527/3351 3512/3512/3336 3525/3525/3349
f 3523/3523/3347 3508/3508/3332 3521/3521/3345
f 3528/3528/3352 3513/3513/3337 3515/3515/3339
f 3515/3515/3339 3526/3526/3350 3528/3528/3352
f 3528/3528/3352 3524/3524/3348 3513/3513/3337
f 3524/3524/3348 3528/3528/3352 3529/3529/3353
f 3526/3526/3350 3514/3514/3338 3527/3527/3351
f 3525/3525/3349 3523/3523/3347 3530/3530/3354
f 2939/2939/2774 3516/3516/3340 3531/3531/3355
f 2939/2939/2774 3531/3531/3355 2993/2993/2826
f 2995/2995/2828 3493/3493/3317 2970/2970/2805
f 3532/3532/3356 2993/2993/2826 3531/3531/3355
f 2994/2994/2827 2993/2993/2826 3532/3532/3356
f 3533/3533/3357 3493/3493/3317 2995/2995/2828
f 3532/3532/3356 3534/3534/3358 3535/3535/3359
f 3516/3516/3340 3490/3490/3314 3498/3498/3322
f 3536/3536/3360 3516/3516/3340 3498/3498/3322
f 3531/3531/3355 3516/3516/3340 3536/3536/3360
f 3531/3531/3355 3536/3536/3360 3534/3534/3358
f 3537/3537/3361 3534/3534/3358 3536/3536/3360
f 3534/3534/3358 3532/3532/3356 3531/3531/3355
f 3533/3533/3357 3517/3517/3341 3493/3493/3317
f 3538/3538/3362 3517/3517/3341 3533/3533/3357
f 3536/3536/3360 3498/3498/3322 3539/3539/3363
f 3536/3536/3360 3539/3539/3363 3537/3537/3361
f 3518/3518/3342 3517/3517/3341 3540/3540/3364
f 3541/3541/3365 3537/3537/3361 3539/3539/3363
f 3540/3540/3364 3517/3517/3341 3538/3538/3362
f 3537/3537/3361 3541/3541/3365 3542/3542/3366
f 3498/3498/3322 3503/3503/3327 3543/3543/3367
f 3539/3539/3363 3498/3498/3322 3543/3543/3367
f 3544/3544/3368 3539/3539/3363 3543/3543/3367
f 3544/3544/3368 3541/3541/3365 3539/3539/3363
f 3541/3541/3365 3544/3544/3368 3545/3545/3369
f 3518/3518/3342 3540/3540/3364 3519/3519/3343
f 3503/3503/3327 3507/3507/3331 3546/3546/3370
f 3546/3546/3370 3543/3543/3367 3503/3503/3327
f 3544/3544/3368 3543/3543/3367 3546/3546/3370
f 3507/3507/3331 3522/3522/3346 3546/3546/3370
f 3547/3547/3371 3544/3544/3368 3546/3546/3370
f 3547/3547/3371 3546/3546/3370 3548/3548/3372
f 3544/3544/3368 3547/3547/3371 3545/3545/3369
f 3548/3548/3372 3546/3546/3370 3522/3522/3346
f 3524/3524/3348 3548/3548/3372 3522/3522/3346
f 3549/3549/3373 3523/3523/3347 3521/3521/3345
f 3550/3550/3374 3528/3528/3352 3526/3526/3350
f 3527/3527/3351 3525/3525/3349 3530/3530/3354
f 3527/3527/3351 3530/3530/3354 3551/3551/3375
f 3550/3550/3374 3526/3526/3350 3527/3527/3351
f 3552/3552/3376 3529/3529/3353 3528/3528/3352
f 3528/3528/3352 3550/3550/3374 3552/3552/3376
f 3550/3550/3374 3527/3527/3351 3553/3553/3377
f 3553/3553/3377 3527/3527/3351 3551/3551/3375
f 3553/3553/3377 3551/3551/3375 3554/3554/3378
f 3040/3040/2873 3533/3533/3357 2995/2995/2828
f 2994/2994/2827 3532/3532/3356 3038/3038/2871
f 3038/3038/2871 3532/3532/3356 3535/3535/3359
f 3555/3555/3379 3038/3038/2871 3535/3535/3359
f 3039/3039/2872 3042/3042/2875 3040/3040/2873
f 3556/3556/3380 3535/3535/3359 3534/3534/3358
f 3556/3556/3380 3534/3534/3358 3537/3537/3361
f 3557/3557/3381 3533/3533/3357 3040/3040/2873
f 3538/3538/3362 3533/3533/3357 3557/3557/3381
f 3555/3555/3379 3535/3535/3359 3556/3556/3380
f 3538/3538/3362 3557/3557/3381 3558/3558/3382
f 3557/3557/3381 3040/3040/2873 3559/3559/3383
f 3540/3540/3364 3538/3538/3362 3560/3560/3384
f 3542/3542/3366 3556/3556/3380 3537/3537/3361
f 3561/3561/3385 3542/3542/3366 3541/3541/3365
f 3538/3538/3362 3558/3558/3382 3560/3560/3384
f 3558/3558/3382 3557/3557/3381 3559/3559/3383
f 3562/3562/3386 3519/3519/3343 3540/3540/3364
f 3545/3545/3369 3561/3561/3385 3541/3541/3365
f 3562/3562/3386 3540/3540/3364 3560/3560/3384
f 3563/3563/3387 3545/3545/3369 3564/3564/3388
f 3561/3561/3385 3545/3545/3369 3565/3565/3389
f 3565/3565/3389 3545/3545/3369 3563/3563/3387
f 3562/3562/3386 3560/3560/3384 3558/3558/3382
f 3521/3521/3345 3520/3520/3344 3519/3519/3343
f 3547/3547/3371 3548/3548/3372 3566/3566/3390
f 3545/3545/3369 3547/3547/3371 3564/3564/3388
f 3519/3519/3343 3562/3562/3386 3567/3567/3391
f 3568/3568/3392 3519/3519/3343 3567/3567/3391
f 3568/3568/3392 3521/3521/3345 3519/3519/3343
f 3564/3564/3388 3547/3547/3371 3569/3569/3393
f 3547/3547/3371 3566/3566/3390 3569/3569/3393
f 3549/3549/3373 3521/3521/3345 3568/3568/3392
f 3549/3549/3373 3568/3568/3392 3570/3570/3394
f 3571/3571/3395 3564/3564/3388 3569/3569/3393
f 3571/3571/3395 3563/3563/3387 3564/3564/3388
f 3572/3572/3396 3567/3567/3391 3562/3562/3386
f 3568/3568/3392 3567/3567/3391 3572/3572/3396
f 3530/3530/3354 3523/3523/3347 3549/3549/3373
f 3548/3548/3372 3524/3524/3348 3529/3529/3353
f 3566/3566/3390 3548/3548/3372 3529/3529/3353
f 3573/3573/3397 3529/3529/3353 3552/3552/3376
f 3566/3566/3390 3529/3529/3353 3573/3573/3397
f 3552/3552/3376 3550/3550/3374 3574/3574/3398
f 3530/3530/3354 3549/3549/3373 3570/3570/3394
f 3574/3574/3398 3550/3550/3374 3553/3553/3377
f 3575/3575/3399 3573/3573/3397 3552/3552/3376
f 3552/3552/3376 3574/3574/3398 3575/3575/3399
f 3566/3566/3390 3573/3573/3397 3569/3569/3393
f 3574/3574/3398 3553/3553/3377 3554/3554/3378
f 3576/3576/3400 3551/3551/3375 3530/3530/3354
f 3576/3576/3400 3530/3530/3354 3570/3570/3394
f 3576/3576/3400 3570/3570/3394 3577/3577/3401
f 3578/3578/3402 3569/3569/3393 3573/3573/3397
f 3555/3555/3379 3066/3066/2898 3038/3038/2871
f 3579/3579/3403 3555/3555/3379 3556/3556/3380
f 3580/3580/3404 3579/3579/3403 3556/3556/3380
f 3565/3565/3389 3542/3542/3366 3561/3561/3385
f 3556/3556/3380 3542/3542/3366 3580/3580/3404
f 3542/3542/3366 3565/3565/3389 3580/3580/3404
f 3559/3559/3383 3040/3040/2873 3581/3581/3405
f 3040/3040/2873 3042/3042/2875 3581/3581/3405
f 3582/3582/3406 3558/3558/3382 3559/3559/3383
f 3559/3559/3383 3581/3581/3405 3582/3582/3406
f 3572/3572/3396 3562/3562/3386 3558/3558/3382
f 3558/3558/3382 3582/3582/3406 3572/3572/3396
f 3570/3570/3394 3568/3568/3392 3572/3572/3396
f 3570/3570/3394 3572/3572/3396 3577/3577/3401
f 3575/3575/3399 3574/3574/3398 3583/3583/3407
f 3584/3584/3408 3551/3551/3375 3576/3576/3400
f 3584/3584/3408 3554/3554/3378 3551/3551/3375
f 3574/3574/3398 3554/3554/3378 3583/3583/3407
f 3578/3578/3402 3573/3573/3397 3575/3575/3399
f 3585/3585/3409 3554/3554/3378 3584/3584/3408
f 3575/3575/3399 3583/3583/3407 3586/3586/3410
f 3576/3576/3400 3577/3577/3401 3584/3584/3408
f 3583/3583/3407 3554/3554/3378 3585/3585/3409
f 3583/3583/3407 3585/3585/3409 3586/3586/3410
f 3587/3587/3411 3584/3584/3408 3577/3577/3401
f 3578/3578/3402 3575/3575/3399 3586/3586/3410
f 3588/3588/3412 3585/3585/3409 3584/3584/3408
f 3586/3586/3410 3585/3585/3409 3589/3589/3413
f 3589/3589/3413 3585/3585/3409 3588/3588/3412
f 3586/3586/3410 3589/3589/3413 3590/3590/3414
f 3108/3108/2938 3555/3555/3379 3579/3579/3403
f 3042/3042/2875 3591/3591/3415 3581/3581/3405
f 3108/3108/2938 3066/3066/2898 3555/3555/3379
f 3591/3591/3415 3042/3042/2875 3103/3103/2934
f 3110/3110/2940 3591/3591/3415 3103/3103/2934
f 3592/3592/3416 3591/3591/3415 3110/3110/2940
f 3592/3592/3416 3110/3110/2940 3593/3593/3417
f 3156/3156/2986 3110/3110/2940 3107/3107/2937
f 3594/3594/3418 3581/3581/3405 3591/3591/3415
f 3595/3595/3419 3579/3579/3403 3596/3596/3420
f 3592/3592/3416 3594/3594/3418 3591/3591/3415
f 3595/3595/3419 3108/3108/2938 3579/3579/3403
f 3594/3594/3418 3592/3592/3416 3597/3597/3421
f 3596/3596/3420 3580/3580/3404 3565/3565/3389
f 3596/3596/3420 3579/3579/3403 3580/3580/3404
f 3582/3582/3406 3581/3581/3405 3594/3594/3418
f 3594/3594/3418 3598/3598/3422 3582/3582/3406
f 3596/3596/3420 3599/3599/3423 3595/3595/3419
f 3599/3599/3423 3600/3600/3424 3595/3595/3419
f 3598/3598/3422 3594/3594/3418 3601/3601/3425
f 3602/3602/3426 3565/3565/3389 3563/3563/3387
f 3602/3602/3426 3596/3596/3420 3565/3565/3389
f 3572/3572/3396 3582/3582/3406 3603/3603/3427
f 3599/3599/3423 3596/3596/3420 3602/3602/3426
f 3599/3599/3423 3602/3602/3426 3604/3604/3428
f 3582/3582/3406 3598/3598/3422 3603/3603/3427
f 3600/3600/3424 3599/3599/3423 3604/3604/3428
f 3605/3605/3429 3600/3600/3424 3604/3604/3428
f 3606/3606/3430 3600/3600/3424 3605/3605/3429
f 3607/3607/3431 3571/3571/3395 3569/3569/3393
f 3602/3602/3426 3563/3563/3387 3571/3571/3395
f 3607/3607/3431 3569/3569/3393 3608/3608/3432
f 3604/3604/3428 3602/3602/3426 3571/3571/3395
f 3604/3604/3428 3571/3571/3395 3607/3607/3431
f 3609/3609/3433 3577/3577/3401 3572/3572/3396
f 3609/3609/3433 3572/3572/3396 3603/3603/3427
f 3587/3587/3411 3577/3577/3401 3609/3609/3433
f 3604/3604/3428 3607/3607/3431 3610/3610/3434
f 3611/3611/3435 3587/3587/3411 3609/3609/3433
f 3608/3608/3432 3610/3610/3434 3607/3607/3431
f 3605/3605/3429 3604/3604/3428 3610/3610/3434
f 3609/3609/3433 3603/3603/3427 3612/3612/3436
f 3569/3569/3393 3578/3578/3402 3608/3608/3432
f 3608/3608/3432 3578/3578/3402 3613/3613/3437
f 3578/3578/3402 3586/3586/3410 3590/3590/3414
f 3613/3613/3437 3578/3578/3402 3590/3590/3414
f 3608/3608/3432 3613/3613/3437 3614/3614/3438
f 3584/3584/3408 3587/3587/3411 3615/3615/3439
f 3590/3590/3414 3614/3614/3438 3613/3613/3437
f 3610/3610/3434 3608/3608/3432 3614/3614/3438
f 3127/3127/2957 3108/3108/2938 3616/3616/3440
f 3617/3617/3441 3616/3616/3440 3595/3595/3419
f 3108/3108/2938 3595/3595/3419 3616/3616/3440
f 3595/3595/3419 3600/3600/3424 3617/3617/3441
f 3617/3617/3441 3600/3600/3424 3606/3606/3430
f 3605/3605/3429 3610/3610/3434 3618/3618/3442
f 3619/3619/3443 3588/3588/3412 3584/3584/3408
f 3589/3589/3413 3588/3588/3412 3619/3619/3443
f 3589/3589/3413 3619/3619/3443 3590/3590/3414
f 3110/3110/2940 3156/3156/2986 3593/3593/3417
f 3593/3593/3417 3156/3156/2986 3620/3620/3444
f 3592/3592/3416 3593/3593/3417 3597/3597/3421
f 3597/3597/3421 3593/3593/3417 3620/3620/3444
f 3597/3597/3421 3620/3620/3444 3621/3621/3445
f 3594/3594/3418 3597/3597/3421 3601/3601/3425
f 3612/3612/3436 3603/3603/3427 3598/3598/3422
f 3598/3598/3422 3601/3601/3425 3612/3612/3436
f 3611/3611/3435 3609/3609/3433 3622/3622/3446
f 3622/3622/3446 3609/3609/3433 3612/3612/3436
f 3619/3619/3443 3584/3584/3408 3615/3615/3439
f 3590/3590/3414 3619/3619/3443 3623/3623/3447
f 3587/3587/3411 3611/3611/3435 3615/3615/3439
f 3623/3623/3447 3624/3624/3448 3590/3590/3414
f 3590/3590/3414 3624/3624/3448 3614/3614/3438
f 3625/3625/3449 3619/3619/3443 3615/3615/3439
f 3623/3623/3447 3619/3619/3443 3625/3625/3449
f 3626/3626/3450 3610/3610/3434 3614/3614/3438
f 3627/3627/3451 3615/3615/3439 3611/3611/3435
f 3623/3623/3447 3625/3625/3449 3628/3628/3452
f 3629/3629/3453 3625/3625/3449 3615/3615/3439
f 3624/3624/3448 3623/3623/3447 3628/3628/3452
f 3630/3630/3454 3629/3629/3453 3615/3615/3439
f 3628/3628/3452 3625/3625/3449 3631/3631/3455
f 3631/3631/3455 3625/3625/3449 3629/3629/3453
f 3628/3628/3452 3631/3631/3455 3632/3632/3456
f 3633/3633/3457 3127/3127/2957 3616/3616/3440
f 3620/3620/3444 3156/3156/2986 3175/3175/3003
f 3176/3176/3004 3127/3127/2957 3633/3633/3457
f 3176/3176/3004 3633/3633/3457 3634/3634/3458
f 3175/3175/3003 3171/3171/3000 3177/3177/3005
f 3635/3635/3459 3616/3616/3440 3617/3617/3441
f 3616/3616/3440 3635/3635/3459 3633/3633/3457
f 3621/3621/3445 3601/3601/3425 3597/3597/3421
f 3620/3620/3444 3175/3175/3003 3621/3621/3445
f 3635/3635/3459 3634/3634/3458 3633/3633/3457
f 3621/3621/3445 3175/3175/3003 3177/3177/3005
f 3636/3636/3460 3621/3621/3445 3177/3177/3005
f 3637/3637/3461 3617/3617/3441 3606/3606/3430
f 3635/3635/3459 3617/3617/3441 3638/3638/3462
f 3638/3638/3462 3617/3617/3441 3637/3637/3461
f 3639/3639/3463 3601/3601/3425 3621/3621/3445
f 3636/3636/3460 3639/3639/3463 3621/3621/3445
f 3635/3635/3459 3638/3638/3462 3640/3640/3464
f 3641/3641/3465 3639/3639/3463 3636/3636/3460
f 3641/3641/3465 3636/3636/3460 3642/3642/3466
f 3643/3643/3467 3606/3606/3430 3605/3605/3429
f 3644/3644/3468 3637/3637/3461 3606/3606/3430
f 3644/3644/3468 3606/3606/3430 3643/3643/3467
f 3644/3644/3468 3643/3643/3467 3645/3645/3469
f 3601/3601/3425 3639/3639/3463 3612/3612/3436
f 3612/3612/3436 3639/3639/3463 3646/3646/3470
f 3612/3612/3436 3646/3646/3470 3647/3647/3471
f 3648/3648/3472 3638/3638/3462 3637/3637/3461
f 3646/3646/3470 3639/3639/3463 3641/3641/3465
f 3648/3648/3472 3637/3637/3461 3644/3644/3468
f 3649/3649/3473 3646/3646/3470 3641/3641/3465
f 3650/3650/3474 3646/3646/3470 3649/3649/3473
f 3643/3643/3467 3605/3605/3429 3618/3618/3442
f 3643/3643/3467 3618/3618/3442 3645/3645/3469
f 3618/3618/3442 3610/3610/3434 3626/3626/3450
f 3645/3645/3469 3618/3618/3442 3651/3651/3475
f 3647/3647/3471 3622/3622/3446 3612/3612/3436
f 3651/3651/3475 3618/3618/3442 3626/3626/3450
f 3627/3627/3451 3611/3611/3435 3622/3622/3446
f 3647/3647/3471 3627/3627/3451 3622/3622/3446
f 3652/3652/3476 3645/3645/3469 3651/3651/3475
f 3653/3653/3477 3644/3644/3468 3645/3645/3469
f 3647/3647/3471 3646/3646/3470 3650/3650/3474
f 3653/3653/3477 3645/3645/3469 3652/3652/3476
f 3654/3654/3478 3627/3627/3451 3647/3647/3471
f 3654/3654/3478 3647/3647/3471 3650/3650/3474
f 3630/3630/3454 3615/3615/3439 3627/3627/3451
f 3626/3626/3450 3614/3614/3438 3624/3624/3448
f 3626/3626/3450 3624/3624/3448 3655/3655/3479
f 3655/3655/3479 3624/3624/3448 3656/3656/3480
f 3655/3655/3479 3651/3651/3475 3626/3626/3450
f 3655/3655/3479 3656/3656/3480 3657/3657/3481
f 3630/3630/3454 3627/3627/3451 3658/3658/3480
f 3656/3656/3480 3624/3624/3448 3659/3659/3482
f 3660/3660/3481 3658/3658/3480 3627/3627/3451
f 3652/3652/3476 3651/3651/3475 3655/3655/3479
f 3652/3652/3476 3655/3655/3479 3661/3661/3483
f 3662/3662/3484 3176/3176/3004 3634/3634/3458
f 3199/3199/3027 3176/3176/3004 3662/3662/3484
f 3259/3259/3085 3199/3199/3027 3662/3662/3484
f 3202/3202/3029 3199/3199/3027 3259/3259/3085
f 3663/3663/3485 3634/3634/3458 3640/3640/3464
f 3664/3664/3486 3663/3663/3485 3640/3640/3464
f 3663/3663/3485 3662/3662/3484 3634/3634/3458
f 3642/3642/3466 3636/3636/3460 3177/3177/3005
f 3635/3635/3459 3640/3640/3464 3634/3634/3458
f 3648/3648/3472 3640/3640/3464 3638/3638/3462
f 3640/3640/3464 3648/3648/3472 3664/3664/3486
f 3644/3644/3468 3665/3665/3487 3648/3648/3472
f 3644/3644/3468 3653/3653/3477 3665/3665/3487
f 3665/3665/3487 3653/3653/3477 3666/3666/3488
f 3629/3629/3453 3667/3667/3489 3631/3631/3455
f 3641/3641/3465 3642/3642/3466 3649/3649/3473
f 3628/3628/3452 3632/3632/3456 3659/3659/3482
f 3667/3667/3489 3629/3629/3453 3630/3630/3454
f 3659/3659/3482 3624/3624/3448 3628/3628/3452
f 3668/3668/3454 3656/3656/3480 3659/3659/3482
f 3660/3660/3481 3627/3627/3451 3669/3669/3490
f 3670/3670/3490 3630/3630/3454 3671/3671/3481
f 3672/3672/3454 3673/3673/3482 3657/3657/3481
f 3661/3661/3483 3655/3655/3479 3657/3657/3481
f 3632/3632/3456 3631/3631/3455 3667/3667/3489
f 3657/3657/3481 3673/3673/3482 3674/3674/3491
f 3675/3675/3492 3669/3669/3490 3627/3627/3451
f 3675/3675/3492 3627/3627/3451 3654/3654/3478
f 3661/3661/3483 3657/3657/3481 3674/3674/3491
f 3673/3673/3482 3676/3676/3456 3677/3677/3493
f 3667/3667/3489 3630/3630/3454 3670/3670/3490
f 3674/3674/3491 3673/3673/3482 3677/3677/3493
f 3678/3678/3494 3669/3669/3490 3675/3675/3492
f 3679/3679/3489 3678/3678/3494 3680/3680/3456
f 3678/3678/3494 3679/3679/3489 3669/3669/3490
f 3681/3681/3493 3680/3680/3456 3678/3678/3494
f 3662/3662/3484 3663/3663/3485 3682/3682/3495
f 3683/3683/3496 3178/3178/3006 3236/3236/3062
f 3684/3684/3497 3236/3236/3062 3235/3235/3061
f 3684/3684/3497 3683/3683/3496 3236/3236/3062
f 3642/3642/3466 3177/3177/3005 3683/3683/3496
f 3682/3682/3495 3663/3663/3485 3664/3664/3486
f 3683/3683/3496 3177/3177/3005 3178/3178/3006
f 3642/3642/3466 3683/3683/3496 3684/3684/3497
f 3685/3685/3498 3642/3642/3466 3684/3684/3497
f 3685/3685/3498 3686/3686/3499 3642/3642/3466
f 3664/3664/3486 3648/3648/3472 3687/3687/3500
f 3649/3649/3473 3642/3642/3466 3686/3686/3499
f 3649/3649/3473 3686/3686/3499 3688/3688/3501
f 3686/3686/3499 3685/3685/3498 3689/3689/3502
f 3687/3687/3500 3648/3648/3472 3665/3665/3487
f 3650/3650/3474 3649/3649/3473 3688/3688/3501
f 3687/3687/3500 3665/3665/3487 3690/3690/3503
f 3689/3689/3502 3688/3688/3501 3686/3686/3499
f 3690/3690/3503 3665/3665/3487 3666/3666/3488
f 3689/3689/3502 3691/3691/3504 3688/3688/3501
f 3691/3691/3504 3689/3689/3502 3692/3692/3505
f 3691/3691/3504 3692/3692/3505 3693/3693/3506
f 3653/3653/3477 3652/3652/3476 3694/3694/3507
f 3666/3666/3488 3653/3653/3477 3694/3694/3507
f 3654/3654/3478 3650/3650/3474 3695/3695/3508
f 3695/3695/3508 3650/3650/3474 3688/3688/3501
f 3654/3654/3478 3695/3695/3508 3696/3696/3509
f 3695/3695/3508 3688/3688/3501 3691/3691/3504
f 3694/3694/3507 3690/3690/3503 3666/3666/3488
f 3695/3695/3508 3691/3691/3504 3697/3697/3510
f 3696/3696/3509 3695/3695/3508 3697/3697/3510
f 3698/3698/3511 3696/3696/3509 3697/3697/3510
f 3691/3691/3504 3693/3693/3506 3697/3697/3510
f 3652/3652/3476 3661/3661/3483 3699/3699/3512
f 3694/3694/3507 3652/3652/3476 3699/3699/3512
f 3675/3675/3492 3654/3654/3478 3696/3696/3509
f 3661/3661/3483 3674/3674/3491 3700/3700/3513
f 3661/3661/3483 3700/3700/3513 3701/3701/3514
f 3701/3701/3514 3699/3699/3512 3661/3661/3483
f 3702/3702/3515 3675/3675/3492 3696/3696/3509
f 3703/3703/3516 3678/3678/3494 3675/3675/3492
f 3674/3674/3491 3677/3677/3493 3704/3704/3517
f 3703/3703/3516 3675/3675/3492 3702/3702/3515
f 3696/3696/3509 3698/3698/3511 3702/3702/3515
f 3700/3700/3513 3705/3705/3518 3701/3701/3514
f 3704/3704/3517 3700/3700/3513 3674/3674/3491
f 3700/3700/3513 3704/3704/3517 3706/3706/3519
f 3706/3706/3519 3705/3705/3518 3700/3700/3513
f 3259/3259/3085 3662/3662/3484 3707/3707/3520
f 3707/3707/3520 3662/3662/3484 3682/3682/3495
f 3259/3259/3085 3707/3707/3520 3708/3708/3521
f 3708/3708/3521 3707/3707/3520 3682/3682/3495
f 3264/3264/3089 3684/3684/3497 3235/3235/3061
f 3708/3708/3521 3709/3709/3088 3259/3259/3085
f 3684/3684/3497 3264/3264/3089 3710/3710/3522
f 3711/3711/3523 3264/3264/3089 3327/3327/3152
f 3712/3712/3524 3682/3682/3495 3664/3664/3486
f 3708/3708/3521 3682/3682/3495 3713/3713/3525
f 3682/3682/3495 3712/3712/3524 3713/3713/3525
f 3714/3714/3526 3713/3713/3525 3712/3712/3524
f 3685/3685/3498 3684/3684/3497 3710/3710/3522
f 3711/3711/3523 3685/3685/3498 3710/3710/3522
f 3711/3711/3523 3710/3710/3522 3264/3264/3089
f 3664/3664/3486 3687/3687/3500 3712/3712/3524
f 3712/3712/3524 3687/3687/3500 3715/3715/3527
f 3712/3712/3524 3715/3715/3527 3716/3716/3528
f 3689/3689/3502 3685/3685/3498 3717/3717/3529
f 3714/3714/3526 3712/3712/3524 3716/3716/3528
f 3711/3711/3523 3717/3717/3529 3685/3685/3498
f 3718/3718/3530 3714/3714/3526 3716/3716/3528
f 3719/3719/3531 3692/3692/3505 3717/3717/3529
f 3719/3719/3531 3717/3717/3529 3720/3720/3532
f 3717/3717/3529 3711/3711/3523 3720/3720/3532
f 3715/3715/3527 3687/3687/3500 3690/3690/3503
f 3715/3715/3527 3690/3690/3503 3721/3721/3533
f 3716/3716/3528 3715/3715/3527 3721/3721/3533
f 3692/3692/3505 3689/3689/3502 3717/3717/3529
f 3722/3722/3534 3716/3716/3528 3721/3721/3533
f 3718/3718/3530 3716/3716/3528 3722/3722/3534
f 3723/3723/3535 3693/3693/3506 3692/3692/3505
f 3723/3723/3535 3692/3692/3505 3719/3719/3531
f 3724/3724/3536 3693/3693/3506 3723/3723/3535
f 3690/3690/3503 3694/3694/3507 3725/3725/3537
f 3721/3721/3533 3690/3690/3503 3725/3725/3537
f 3694/3694/3507 3699/3699/3512 3726/3726/3538
f 3725/3725/3537 3694/3694/3507 3726/3726/3538
f 3725/3725/3537 3726/3726/3538 3727/3727/3539
f 3728/3728/3540 3697/3697/3510 3693/3693/3506
f 3725/3725/3537 3722/3722/3534 3721/3721/3533
f 3729/3729/3541 3698/3698/3511 3697/3697/3510
f 3728/3728/3540 3693/3693/3506 3724/3724/3536
f 3726/3726/3538 3699/3699/3512 3701/3701/3514
f 3705/3705/3518 3726/3726/3538 3701/3701/3514
f 3729/3729/3541 3702/3702/3515 3698/3698/3511
f 3730/3730/3542 3709/3709/3088 3708/3708/3521
f 3731/3731/3543 3709/3709/3088 3730/3730/3542
f 3283/3283/3108 3263/3263/3088 3732/3732/3543
f 3731/3731/3543 3730/3730/3542 3733/3733/3544
f 3285/3285/3110 3283/3283/3108 3732/3732/3543
f 3730/3730/3542 3708/3708/3521 3713/3713/3525
f 3730/3730/3542 3713/3713/3525 3714/3714/3526
f 3730/3730/3542 3714/3714/3526 3734/3734/3545
f 3730/3730/3542 3734/3734/3545 3735/3735/3546
f 3733/3733/3544 3730/3730/3542 3735/3735/3546
f 3731/3731/3543 3733/3733/3544 3736/3736/3547
f 3734/3734/3545 3714/3714/3526 3718/3718/3530
f 3734/3734/3545 3718/3718/3530 3737/3737/3548
f 3734/3734/3545 3737/3737/3548 3735/3735/3546
f 3735/3735/3546 3737/3737/3548 3738/3738/3549
f 3739/3739/3550 3735/3735/3546 3738/3738/3549
f 3740/3740/3551 3718/3718/3530 3722/3722/3534
f 3741/3741/3552 3737/3737/3548 3718/3718/3530
f 3741/3741/3552 3718/3718/3530 3740/3740/3551
f 3738/3738/3549 3737/3737/3548 3741/3741/3552
f 3722/3722/3534 3725/3725/3537 3740/3740/3551
f 3740/3740/3551 3725/3725/3537 3742/3742/3553
f 3285/3285/3110 3732/3732/3543 3743/3743/3547
f 3733/3733/3544 3735/3735/3546 3739/3739/3550
f 3681/3681/3493 3678/3678/3494 3744/3744/3554
f 3744/3744/3554 3678/3678/3494 3703/3703/3516
f 3704/3704/3517 3677/3677/3493 3745/3745/3554
f 3706/3706/3519 3704/3704/3517 3746/3746/3555
f 3704/3704/3517 3745/3745/3554 3746/3746/3555
f 3745/3745/3554 3747/3747/3516 3746/3746/3555
f 3711/3711/3523 3327/3327/3152 3326/3326/3151
f 3720/3720/3532 3711/3711/3523 3748/3748/3556
f 3724/3724/3536 3723/3723/3535 3749/3749/3557
f 3729/3729/3541 3697/3697/3510 3728/3728/3540
f 3729/3729/3541 3728/3728/3540 3750/3750/3558
f 3724/3724/3536 3749/3749/3557 3751/3751/3559
f 3728/3728/3540 3724/3724/3536 3751/3751/3559
f 3752/3752/3560 3702/3702/3515 3729/3729/3541
f 3727/3727/3539 3726/3726/3538 3705/3705/3518
f 3753/3753/3561 3727/3727/3539 3705/3705/3518
f 3703/3703/3516 3702/3702/3515 3752/3752/3560
f 3753/3753/3561 3705/3705/3518 3706/3706/3519
f 3754/3754/3562 3752/3752/3560 3729/3729/3541
f 3755/3755/3563 3703/3703/3516 3752/3752/3560
f 3754/3754/3562 3729/3729/3541 3750/3750/3558
f 3746/3746/3555 3747/3747/3516 3756/3756/3563
f 3706/3706/3519 3746/3746/3555 3757/3757/3564
f 3758/3758/3565 3753/3753/3561 3706/3706/3519
f 3758/3758/3565 3706/3706/3519 3757/3757/3564
f 3746/3746/3555 3756/3756/3563 3757/3757/3564
f 3759/3759/3566 3760/3760/3563 3761/3761/3560
f 3757/3757/3564 3756/3756/3563 3762/3762/3566
f 3763/3763/3567 3757/3757/3564 3762/3762/3566
f 3748/3748/3556 3326/3326/3151 3764/3764/3568
f 3764/3764/3568 3326/3326/3151 3334/3334/3159
f 3764/3764/3568 3334/3334/3159 3335/3335/3160
f 3748/3748/3556 3711/3711/3523 3326/3326/3151
f 3748/3748/3556 3764/3764/3568 3765/3765/3569
f 3766/3766/3570 3767/3767/3571 3765/3765/3569
f 3765/3765/3569 3764/3764/3568 3768/3768/3572
f 3766/3766/3570 3765/3765/3569 3768/3768/3572
f 3769/3769/3573 3719/3719/3531 3720/3720/3532
f 3719/3719/3531 3769/3769/3573 3723/3723/3535
f 3770/3770/3574 3720/3720/3532 3748/3748/3556
f 3767/3767/3571 3748/3748/3556 3765/3765/3569
f 3767/3767/3571 3770/3770/3574 3748/3748/3556
f 3769/3769/3573 3720/3720/3532 3770/3770/3574
f 3769/3769/3573 3770/3770/3574 3767/3767/3571
f 3771/3771/3575 3769/3769/3573 3767/3767/3571
f 3772/3772/3576 3771/3771/3575 3767/3767/3571
f 3741/3741/3552 3740/3740/3551 3773/3773/3577
f 3738/3738/3549 3741/3741/3552 3774/3774/3578
f 3741/3741/3552 3773/3773/3577 3774/3774/3578
f 3749/3749/3557 3723/3723/3535 3769/3769/3573
f 3775/3775/3579 3751/3751/3559 3749/3749/3557
f 3749/3749/3557 3769/3769/3573 3776/3776/3580
f 3749/3749/3557 3776/3776/3580 3775/3775/3579
f 3777/3777/3581 3778/3778/3579 3779/3779/3580
f 3780/3780/3582 3776/3776/3580 3769/3769/3573
f 3781/3781/3583 3780/3780/3582 3771/3771/3575
f 3780/3780/3582 3769/3769/3573 3771/3771/3575
f 3782/3782/3584 3781/3781/3583 3771/3771/3575
f 3782/3782/3584 3771/3771/3575 3772/3772/3576
f 3783/3783/3585 3778/3778/3579 3777/3777/3581
f 3742/3742/3553 3725/3725/3537 3727/3727/3539
f 3740/3740/3551 3742/3742/3553 3773/3773/3577
f 3784/3784/3586 3750/3750/3558 3728/3728/3540
f 3742/3742/3553 3727/3727/3539 3785/3785/3587
f 3728/3728/3540 3751/3751/3559 3784/3784/3586
f 3742/3742/3553 3785/3785/3587 3786/3786/3588
f 3751/3751/3559 3775/3775/3579 3787/3787/3585
f 3751/3751/3559 3787/3787/3585 3788/3788/3589
f 3788/3788/3589 3784/3784/3586 3751/3751/3559
f 3789/3789/3590 3790/3790/3586 3791/3791/3589
f 3789/3789/3590 3791/3791/3589 3792/3792/3591
f 3789/3789/3590 3792/3792/3591 3793/3793/3592
f 3791/3791/3589 3794/3794/3585 3795/3795/3593
f 3791/3791/3589 3795/3795/3593 3796/3796/3594
f 3792/3792/3591 3791/3791/3589 3796/3796/3594
f 3793/3793/3592 3792/3792/3591 3796/3796/3594
f 3793/3793/3592 3796/3796/3594 3797/3797/3595
f 3783/3783/3585 3777/3777/3581 3798/3798/3596
f 3794/3794/3585 3799/3799/3596 3795/3795/3593
f 3785/3785/3587 3727/3727/3539 3800/3800/3597
f 3727/3727/3539 3753/3753/3561 3800/3800/3597
f 3800/3800/3597 3753/3753/3561 3758/3758/3565
f 3754/3754/3562 3750/3750/3558 3784/3784/3586
f 3785/3785/3587 3800/3800/3597 3801/3801/3598
f 3802/3802/3599 3785/3785/3587 3801/3801/3598
f 3803/3803/3600 3761/3761/3560 3804/3804/3562
f 3805/3805/3601 3804/3804/3562 3790/3790/3586
f 3789/3789/3590 3805/3805/3601 3790/3790/3586
f 3801/3801/3598 3800/3800/3597 3758/3758/3565
f 3805/3805/3601 3803/3803/3600 3804/3804/3562
f 3806/3806/3601 3807/3807/3590 3808/3808/3602
f 3809/3809/3603 3806/3806/3601 3808/3808/3602
f 3801/3801/3598 3758/3758/3565 3810/3810/3604
f 3759/3759/3566 3761/3761/3560 3803/3803/3600
f 3758/3758/3565 3757/3757/3564 3763/3763/3567
f 3810/3810/3604 3758/3758/3565 3763/3763/3567
f 3811/3811/3600 3806/3806/3601 3812/3812/3605
f 3810/3810/3604 3763/3763/3567 3813/3813/3606
f 3812/3812/3605 3806/3806/3601 3809/3809/3603
f 3305/3305/3130 3285/3285/3110 3743/3743/3547
f 3305/3305/3130 3743/3743/3547 3814/3814/3607
f 3815/3815/3608 3351/3351/3176 3305/3305/3130
f 3815/3815/3608 3305/3305/3130 3814/3814/3607
f 3764/3764/3568 3335/3335/3160 3768/3768/3572
f 3352/3352/3177 3335/3335/3160 3344/3344/3169
f 3768/3768/3572 3335/3335/3160 3352/3352/3177
f 3816/3816/3609 3768/3768/3572 3352/3352/3177
f 3353/3353/3178 3816/3816/3609 3352/3352/3177
f 3817/3817/3610 3733/3733/3544 3739/3739/3550
f 3818/3818/3607 3736/3736/3547 3733/3733/3544
f 3818/3818/3607 3733/3733/3544 3817/3817/3610
f 3815/3815/3608 3814/3814/3607 3819/3819/3610
f 3820/3820/3611 3815/3815/3608 3819/3819/3610
f 3821/3821/3612 3822/3822/3613 3823/3823/3614
f 3816/3816/3609 3766/3766/3570 3768/3768/3572
f 3824/3824/3615 3766/3766/3570 3816/3816/3609
f 3824/3824/3615 3816/3816/3609 3825/3825/3616
f 3826/3826/3617 3738/3738/3549 3774/3774/3578
f 3823/3823/3614 3738/3738/3549 3826/3826/3617
f 3739/3739/3550 3738/3738/3549 3823/3823/3614
f 3823/3823/3614 3817/3817/3610 3739/3739/3550
f 3821/3821/3612 3823/3823/3614 3826/3826/3617
f 3827/3827/3618 3767/3767/3571 3766/3766/3570
f 3772/3772/3576 3767/3767/3571 3827/3827/3618
f 3828/3828/3619 3772/3772/3576 3827/3827/3618
f 3827/3827/3618 3766/3766/3570 3824/3824/3615
f 3829/3829/3620 3828/3828/3619 3827/3827/3618
f 3830/3830/3621 3828/3828/3619 3829/3829/3620
f 3829/3829/3620 3827/3827/3618 3824/3824/3615
f 3831/3831/3622 3774/3774/3578 3773/3773/3577
f 3774/3774/3578 3831/3831/3622 3826/3826/3617
f 3821/3821/3612 3826/3826/3617 3831/3831/3622
f 3832/3832/3623 3821/3821/3612 3831/3831/3622
f 3833/3833/3624 3772/3772/3576 3828/3828/3619
f 3833/3833/3624 3782/3782/3584 3772/3772/3576
f 3834/3834/3625 3833/3833/3624 3828/3828/3619
f 3834/3834/3625 3828/3828/3619 3830/3830/3621
f 3833/3833/3624 3834/3834/3625 3835/3835/3626
f 3836/3836/3627 3835/3835/3626 3834/3834/3625
f 3836/3836/3627 3834/3834/3625 3830/3830/3621
f 3837/3837/3628 3782/3782/3584 3833/3833/3624
f 3773/3773/3577 3742/3742/3553 3786/3786/3588
f 3831/3831/3622 3773/3773/3577 3786/3786/3588
f 3786/3786/3588 3785/3785/3587 3802/3802/3599
f 3786/3786/3588 3802/3802/3599 3838/3838/3629
f 3831/3831/3622 3786/3786/3588 3839/3839/3630
f 3839/3839/3630 3786/3786/3588 3838/3838/3629
f 3840/3840/3630 3841/3841/3629 3842/3842/3631
f 3808/3808/3602 3807/3807/3590 3843/3843/3592
f 3844/3844/3602 3845/3845/3592 3835/3835/3626
f 3835/3835/3626 3846/3846/3632 3833/3833/3624
f 3845/3845/3592 3846/3846/3632 3835/3835/3626
f 3847/3847/3633 3844/3844/3602 3848/3848/3634
f 3844/3844/3602 3835/3835/3626 3848/3848/3634
f 3849/3849/3603 3844/3844/3602 3847/3847/3633
f 3848/3848/3634 3835/3835/3626 3836/3836/3627
f 3797/3797/3595 3850/3850/3632 3793/3793/3592
f 3837/3837/3628 3833/3833/3624 3846/3846/3632
f 3802/3802/3599 3801/3801/3598 3838/3838/3629
f 3841/3841/3629 3851/3851/3598 3852/3852/3635
f 3842/3842/3631 3841/3841/3629 3852/3852/3635
f 3851/3851/3598 3853/3853/3604 3852/3852/3635
f 3351/3351/3176 3815/3815/3608 3854/3854/3636
f 3367/3367/3192 3351/3351/3176 3854/3854/3636
f 3367/3367/3192 3854/3854/3636 3373/3373/3198
f 3855/3855/3637 3373/3373/3198 3854/3854/3636
f 3825/3825/3616 3816/3816/3609 3353/3353/3178
f 3815/3815/3608 3820/3820/3611 3854/3854/3636
f 3856/3856/3613 3820/3820/3611 3819/3819/3610
f 3817/3817/3610 3823/3823/3614 3822/3822/3613
f 3854/3854/3636 3820/3820/3611 3855/3855/3637
f 3855/3855/3637 3820/3820/3611 3856/3856/3613
f 3856/3856/3613 3857/3857/3638 3855/3855/3637
f 3858/3858/3639 3824/3824/3615 3825/3825/3616
f 3858/3858/3639 3825/3825/3616 3859/3859/3640
f 3822/3822/3613 3821/3821/3612 3860/3860/3641
f 3860/3860/3641 3821/3821/3612 3861/3861/3642
f 3822/3822/3613 3860/3860/3641 3862/3862/3638
f 3862/3862/3638 3860/3860/3641 3863/3863/3643
f 3861/3861/3642 3863/3863/3643 3860/3860/3641
f 3829/3829/3620 3824/3824/3615 3864/3864/3644
f 3864/3864/3644 3824/3824/3615 3858/3858/3639
f 3865/3865/3645 3829/3829/3620 3864/3864/3644
f 3865/3865/3645 3864/3864/3644 3858/3858/3639
f 3865/3865/3645 3858/3858/3639 3866/3866/3646
f 3867/3867/3647 3865/3865/3645 3866/3866/3646
f 3861/3861/3642 3821/3821/3612 3832/3832/3623
f 3868/3868/3623 3840/3840/3630 3869/3869/3648
f 3863/3863/3643 3861/3861/3642 3832/3832/3623
f 3870/3870/3643 3868/3868/3623 3871/3871/3649
f 3865/3865/3645 3830/3830/3621 3829/3829/3620
f 3872/3872/3650 3836/3836/3627 3830/3830/3621
f 3872/3872/3650 3830/3830/3621 3865/3865/3645
f 3873/3873/3651 3836/3836/3627 3872/3872/3650
f 3867/3867/3647 3872/3872/3650 3865/3865/3645
f 3832/3832/3623 3831/3831/3622 3839/3839/3630
f 3871/3871/3649 3868/3868/3623 3869/3869/3648
f 3869/3869/3648 3840/3840/3630 3874/3874/3652
f 3840/3840/3630 3842/3842/3631 3874/3874/3652
f 3874/3874/3652 3842/3842/3631 3875/3875/3653
f 3842/3842/3631 3876/3876/3654 3875/3875/3653
f 3874/3874/3652 3875/3875/3653 3877/3877/3655
f 3877/3877/3655 3869/3869/3648 3874/3874/3652
f 3836/3836/3627 3847/3847/3633 3848/3848/3634
f 3878/3878/3656 3847/3847/3633 3836/3836/3627
f 3876/3876/3654 3842/3842/3631 3852/3852/3635
f 3879/3879/3657 3373/3373/3198 3855/3855/3637
f 3373/3373/3198 3879/3879/3657 3392/3392/3217
f 3392/3392/3217 3879/3879/3657 3880/3880/3658
f 3880/3880/3658 3879/3879/3657 3881/3881/3659
f 3882/3882/3660 3353/3353/3178 3374/3374/3199
f 3882/3882/3660 3825/3825/3616 3353/3353/3178
f 3825/3825/3616 3882/3882/3660 3859/3859/3640
f 3882/3882/3660 3374/3374/3199 3393/3393/3218
f 3883/3883/3661 3882/3882/3660 3393/3393/3218
f 3879/3879/3657 3855/3855/3637 3857/3857/3638
f 3879/3879/3657 3857/3857/3638 3881/3881/3659
f 3881/3881/3659 3857/3857/3638 3884/3884/3662
f 3866/3866/3646 3858/3858/3639 3859/3859/3640
f 3885/3885/3663 3859/3859/3640 3882/3882/3660
f 3886/3886/3664 3866/3866/3646 3859/3859/3640
f 3885/3885/3663 3886/3886/3664 3859/3859/3640
f 3885/3885/3663 3882/3882/3660 3883/3883/3661
f 3857/3857/3638 3887/3887/3643 3884/3884/3662
f 3884/3884/3662 3887/3887/3643 3888/3888/3665
f 3886/3886/3664 3885/3885/3663 3889/3889/3666
f 3890/3890/3667 3886/3886/3664 3889/3889/3666
f 3870/3870/3643 3871/3871/3649 3891/3891/3668
f 3892/3892/3665 3870/3870/3643 3891/3891/3668
f 3891/3891/3668 3871/3871/3649 3893/3893/3669
f 3894/3894/3670 3895/3895/3671 3892/3892/3665
f 3867/3867/3647 3866/3866/3646 3886/3886/3664
f 3896/3896/3672 3867/3867/3647 3886/3886/3664
f 3896/3896/3672 3886/3886/3664 3890/3890/3667
f 3871/3871/3649 3869/3869/3648 3893/3893/3669
f 3893/3893/3669 3869/3869/3648 3877/3877/3655
f 3893/3893/3669 3877/3877/3655 3897/3897/3673
f 3779/3779/3580 3898/3898/3582 3899/3899/3674
f 3777/3777/3581 3779/3779/3580 3899/3899/3674
f 3900/3900/3675 3901/3901/3583 3902/3902/3584
f 3899/3899/3674 3898/3898/3582 3903/3903/3676
f 3900/3900/3675 3903/3903/3676 3898/3898/3582
f 3900/3900/3675 3898/3898/3582 3901/3901/3583
f 3904/3904/3677 3900/3900/3675 3902/3902/3584
f 3905/3905/3678 3903/3903/3676 3900/3900/3675
f 3899/3899/3674 3903/3903/3676 3906/3906/3679
f 3907/3907/3680 3900/3900/3675 3904/3904/3677
f 3908/3908/3681 3907/3907/3680 3904/3904/3677
f 3899/3899/3674 3906/3906/3679 3909/3909/3682
f 3905/3905/3678 3906/3906/3679 3903/3903/3676
f 3907/3907/3680 3905/3905/3678 3900/3900/3675
f 3795/3795/3593 3799/3799/3596 3910/3910/3683
f 3798/3798/3596 3777/3777/3581 3899/3899/3674
f 3796/3796/3594 3795/3795/3593 3911/3911/3684
f 3796/3796/3594 3911/3911/3684 3797/3797/3595
f 3795/3795/3593 3910/3910/3683 3911/3911/3684
f 3797/3797/3595 3911/3911/3684 3912/3912/3685
f 3912/3912/3685 3911/3911/3684 3913/3913/3686
f 3798/3798/3596 3899/3899/3674 3909/3909/3682
f 3910/3910/3683 3799/3799/3596 3914/3914/3687
f 3911/3911/3684 3910/3910/3683 3913/3913/3686
f 3763/3763/3567 3762/3762/3566 3915/3915/3688
f 3916/3916/3688 3917/3917/3566 3811/3811/3600
f 3763/3763/3567 3915/3915/3688 3813/3813/3606
f 3811/3811/3600 3918/3918/3689 3916/3916/3688
f 3918/3918/3689 3811/3811/3600 3812/3812/3605
f 3919/3919/3606 3916/3916/3688 3920/3920/3690
f 3920/3920/3690 3916/3916/3688 3918/3918/3689
f 3921/3921/3628 3904/3904/3677 3902/3902/3584
f 3922/3922/3691 3904/3904/3677 3921/3921/3628
f 3923/3923/3691 3924/3924/3628 3925/3925/3692
f 3908/3908/3681 3904/3904/3677 3922/3922/3691
f 3926/3926/3693 3908/3908/3681 3922/3922/3691
f 3925/3925/3692 3924/3924/3628 3850/3850/3632
f 3797/3797/3595 3925/3925/3692 3850/3850/3632
f 3927/3927/3694 3849/3849/3603 3847/3847/3633
f 3928/3928/3695 3797/3797/3595 3912/3912/3685
f 3925/3925/3692 3797/3797/3595 3928/3928/3695
f 3929/3929/3693 3923/3923/3691 3925/3925/3692
f 3930/3930/3696 3929/3929/3693 3925/3925/3692
f 3930/3930/3696 3925/3925/3692 3928/3928/3695
f 3928/3928/3695 3912/3912/3685 3931/3931/3697
f 3853/3853/3604 3919/3919/3606 3932/3932/3698
f 3852/3852/3635 3853/3853/3604 3932/3932/3698
f 3812/3812/3605 3809/3809/3603 3933/3933/3699
f 3934/3934/3699 3849/3849/3603 3927/3927/3694
f 3852/3852/3635 3932/3932/3698 3935/3935/3700
f 3935/3935/3700 3932/3932/3698 3936/3936/3701
f 3919/3919/3606 3920/3920/3690 3937/3937/3702
f 3932/3932/3698 3919/3919/3606 3937/3937/3702
f 3938/3938/3703 3918/3918/3689 3812/3812/3605
f 3932/3932/3698 3937/3937/3702 3939/3939/3704
f 3938/3938/3703 3812/3812/3605 3933/3933/3699
f 3936/3936/3701 3932/3932/3698 3939/3939/3704
f 3937/3937/3702 3920/3920/3690 3918/3918/3689
f 3937/3937/3702 3918/3918/3689 3938/3938/3703
f 3939/3939/3704 3937/3937/3702 3938/3938/3703
f 3940/3940/3705 3939/3939/3704 3938/3938/3703
f 3872/3872/3650 3867/3867/3647 3873/3873/3651
f 3941/3941/3706 3873/3873/3651 3867/3867/3647
f 3878/3878/3656 3836/3836/3627 3873/3873/3651
f 3942/3942/3707 3878/3878/3656 3873/3873/3651
f 3943/3943/3708 3878/3878/3656 3944/3944/3709
f 3942/3942/3707 3873/3873/3651 3941/3941/3706
f 3944/3944/3709 3878/3878/3656 3942/3942/3707
f 3927/3927/3694 3847/3847/3633 3943/3943/3708
f 3943/3943/3708 3847/3847/3633 3878/3878/3656
f 3876/3876/3654 3852/3852/3635 3935/3935/3700
f 3876/3876/3654 3935/3935/3700 3875/3875/3653
f 3875/3875/3653 3935/3935/3700 3945/3945/3710
f 3934/3934/3699 3927/3927/3694 3943/3943/3708
f 3946/3946/3711 3934/3934/3699 3943/3943/3708
f 3946/3946/3711 3943/3943/3708 3944/3944/3709
f 3946/3946/3711 3944/3944/3709 3947/3947/3712
f 3948/3948/3713 3935/3935/3700 3936/3936/3701
f 3948/3948/3713 3936/3936/3701 3949/3949/3714
f 3948/3948/3713 3949/3949/3714 3950/3950/3715
f 3951/3951/3716 3938/3938/3703 3933/3933/3699
f 3936/3936/3701 3939/3939/3704 3949/3949/3714
f 3951/3951/3716 3933/3933/3699 3952/3952/3711
f 3940/3940/3705 3938/3938/3703 3951/3951/3716
f 3949/3949/3714 3939/3939/3704 3940/3940/3705
f 3953/3953/3717 3951/3951/3716 3952/3952/3711
f 3949/3949/3714 3940/3940/3705 3954/3954/3718
f 3954/3954/3718 3940/3940/3705 3951/3951/3716
f 3954/3954/3718 3951/3951/3716 3953/3953/3717
f 3955/3955/3719 3949/3949/3714 3954/3954/3718
f 3955/3955/3719 3954/3954/3718 3956/3956/3720
f 3957/3957/3721 3941/3941/3706 3867/3867/3647
f 3957/3957/3721 3867/3867/3647 3896/3896/3672
f 3958/3958/3722 3941/3941/3706 3957/3957/3721
f 3897/3897/3673 3877/3877/3655 3959/3959/3723
f 3942/3942/3707 3941/3941/3706 3958/3958/3722
f 3958/3958/3722 3960/3960/3724 3942/3942/3707
f 3897/3897/3673 3959/3959/3723 3961/3961/3725
f 3962/3962/3726 3947/3947/3712 3944/3944/3709
f 3944/3944/3709 3942/3942/3707 3960/3960/3724
f 3962/3962/3726 3944/3944/3709 3960/3960/3724
f 3959/3959/3723 3877/3877/3655 3875/3875/3653
f 3959/3959/3723 3875/3875/3653 3945/3945/3710
f 3961/3961/3725 3959/3959/3723 3945/3945/3710
f 3935/3935/3700 3948/3948/3713 3945/3945/3710
f 3945/3945/3710 3948/3948/3713 3963/3963/3727
f 3964/3964/3728 3946/3946/3711 3947/3947/3712
f 3964/3964/3728 3947/3947/3712 3962/3962/3726
f 3948/3948/3713 3950/3950/3715 3965/3965/3729
f 3963/3963/3727 3948/3948/3713 3965/3965/3729
f 3950/3950/3715 3949/3949/3714 3955/3955/3719
f 3966/3966/3728 3953/3953/3717 3952/3952/3711
f 3967/3967/3730 3953/3953/3717 3966/3966/3728
f 3965/3965/3729 3950/3950/3715 3955/3955/3719
f 3968/3968/3731 3954/3954/3718 3953/3953/3717
f 3956/3956/3720 3954/3954/3718 3968/3968/3731
f 3968/3968/3731 3953/3953/3717 3967/3967/3730
f 3909/3909/3682 3906/3906/3679 3969/3969/3732
f 3907/3907/3680 3970/3970/3733 3905/3905/3678
f 3970/3970/3733 3906/3906/3679 3905/3905/3678
f 3970/3970/3733 3907/3907/3680 3971/3971/3734
f 3969/3969/3732 3906/3906/3679 3972/3972/3735
f 3972/3972/3735 3906/3906/3679 3970/3970/3733
f 3910/3910/3683 3914/3914/3687 3913/3913/3686
f 3913/3913/3686 3973/3973/3736 3974/3974/3737
f 3912/3912/3685 3913/3913/3686 3974/3974/3737
f 3798/3798/3596 3909/3909/3682 3975/3975/3738
f 3976/3976/3687 3798/3798/3596 3975/3975/3738
f 3913/3913/3686 3914/3914/3687 3977/3977/3739
f 3976/3976/3687 3975/3975/3738 3978/3978/3740
f 3909/3909/3682 3969/3969/3732 3975/3975/3738
f 3913/3913/3686 3977/3977/3739 3973/3973/3736
f 3978/3978/3740 3975/3975/3738 3979/3979/3741
f 3926/3926/3693 3980/3980/3742 3908/3908/3681
f 3980/3980/3742 3907/3907/3680 3908/3908/3681
f 3980/3980/3742 3971/3971/3734 3907/3907/3680
f 3981/3981/3743 3980/3980/3742 3926/3926/3693
f 3982/3982/3744 3971/3971/3734 3980/3980/3742
f 3981/3981/3743 3982/3982/3744 3980/3980/3742
f 3931/3931/3697 3930/3930/3696 3928/3928/3695
f 3931/3931/3697 3912/3912/3685 3974/3974/3737
f 3983/3983/3745 3984/3984/3743 3929/3929/3693
f 3983/3983/3745 3929/3929/3693 3930/3930/3696
f 3930/3930/3696 3931/3931/3697 3983/3983/3745
f 3985/3985/3746 3984/3984/3743 3983/3983/3745
f 3985/3985/3746 3983/3983/3745 3931/3931/3697
f 3971/3971/3734 3986/3986/3747 3970/3970/3733
f 3972/3972/3735 3970/3970/3733 3986/3986/3747
f 3982/3982/3744 3986/3986/3747 3971/3971/3734
f 3987/3987/3748 3986/3986/3747 3982/3982/3744
f 3988/3988/3739 3976/3976/3687 3978/3978/3740
f 3975/3975/3738 3969/3969/3732 3979/3979/3741
f 3978/3978/3740 3979/3979/3741 3989/3989/3749
f 3988/3988/3739 3978/3978/3740 3989/3989/3749
f 3969/3969/3732 3972/3972/3735 3990/3990/3750
f 3979/3979/3741 3969/3969/3732 3990/3990/3750
f 3988/3988/3739 3989/3989/3749 3991/3991/3751
f 3987/3987/3748 3990/3990/3750 3972/3972/3735
f 3987/3987/3748 3972/3972/3735 3986/3986/3747
f 3989/3989/3749 3992/3992/3752 3991/3991/3751
f 3977/3977/3739 3993/3993/3753 3973/3973/3736
f 3994/3994/3754 3973/3973/3736 3995/3995/3755
f 3973/3973/3736 3993/3993/3753 3995/3995/3755
f 3993/3993/3753 3977/3977/3739 3996/3996/3751
f 3997/3997/3756 3987/3987/3748 3982/3982/3744
f 3974/3974/3737 3973/3973/3736 3994/3994/3754
f 3994/3994/3754 3931/3931/3697 3974/3974/3737
f 3998/3998/3757 3982/3982/3744 3981/3981/3743
f 3985/3985/3746 3931/3931/3697 3994/3994/3754
f 3985/3985/3746 3999/3999/3757 3984/3984/3743
f 3997/3997/3756 3982/3982/3744 3998/3998/3757
f 4000/4000/3758 3999/3999/3757 3985/3985/3746
f 4000/4000/3758 3985/3985/3746 4001/4001/3759
f 3985/3985/3746 3994/3994/3754 4001/4001/3759
f 3997/3997/3756 4002/4002/3760 3987/3987/3748
f 4003/4003/3761 3997/3997/3756 3998/3998/3757
f 4001/4001/3759 3994/3994/3754 3995/3995/3755
f 4002/4002/3760 3997/3997/3756 4003/4003/3761
f 4004/4004/3758 4003/4003/3761 3998/3998/3757
f 4005/4005/3762 4000/4000/3758 4001/4001/3759
f 3995/3995/3755 3993/3993/3753 4006/4006/3763
f 3979/3979/3741 3990/3990/3750 3992/3992/3752
f 3989/3989/3749 3979/3979/3741 3992/3992/3752
f 4007/4007/3764 3992/3992/3752 3990/3990/3750
f 4008/4008/3765 4009/4009/3766 3987/3987/3748
f 4008/4008/3765 3987/3987/3748 4002/4002/3760
f 3990/3990/3750 3987/3987/3748 4009/4009/3766
f 3991/3991/3751 3992/3992/3752 4010/4010/3767
f 3990/3990/3750 4009/4009/3766 4007/4007/3764
f 3992/3992/3752 4007/4007/3764 4010/4010/3767
f 4011/4011/3768 4009/4009/3766 4008/4008/3765
f 4012/4012/3769 4010/4010/3767 4013/4013/3770
f 4010/4010/3767 4007/4007/3764 4013/4013/3770
f 4007/4007/3764 4009/4009/3766 4014/4014/3771
f 4014/4014/3771 4013/4013/3770 4007/4007/3764
f 3993/3993/3753 3996/3996/3751 4015/4015/3772
f 3991/3991/3751 4010/4010/3767 4016/4016/3772
f 4016/4016/3772 4010/4010/3767 4012/4012/3769
f 4017/4017/3773 4005/4005/3762 4001/4001/3759
f 4018/4018/3774 4000/4000/3758 4005/4005/3762
f 4003/4003/3761 4008/4008/3765 4002/4002/3760
f 4019/4019/3775 4003/4003/3761 4004/4004/3758
f 4019/4019/3775 4004/4004/3758 4020/4020/3774
f 4021/4021/3776 4018/4018/3774 4005/4005/3762
f 4021/4021/3776 4005/4005/3762 4017/4017/3773
f 4022/4022/3777 4008/4008/3765 4003/4003/3761
f 4022/4022/3777 4003/4003/3761 4019/4019/3775
f 4023/4023/3778 4022/4022/3777 4019/4019/3775
f 4022/4022/3777 4011/4011/3768 4008/4008/3765
f 4024/4024/3779 4011/4011/3768 4022/4022/3777
f 4025/4025/3780 4024/4024/3779 4022/4022/3777
f 4006/4006/3763 4017/4017/3773 3995/3995/3755
f 4017/4017/3773 4001/4001/3759 3995/3995/3755
f 4006/4006/3763 3993/3993/3753 4026/4026/3781
f 3993/3993/3753 4015/4015/3772 4026/4026/3781
f 4026/4026/3781 4027/4027/3782 4006/4006/3763
f 4027/4027/3782 4017/4017/3773 4006/4006/3763
f 4027/4027/3782 4026/4026/3781 4028/4028/3783
f 4028/4028/3783 4026/4026/3781 4029/4029/3784
f 4026/4026/3781 4015/4015/3772 4030/4030/3785
f 4015/4015/3772 4031/4031/3769 4030/4030/3785
f 4029/4029/3784 4026/4026/3781 4030/4030/3785
f 4019/4019/3775 4020/4020/3774 4032/4032/3786
f 4018/4018/3774 4021/4021/3776 4033/4033/3787
f 4033/4033/3787 4021/4021/3776 4034/4034/3788
f 4035/4035/3786 4018/4018/3774 4033/4033/3787
f 4036/4036/3789 4035/4035/3786 4033/4033/3787
f 4023/4023/3778 4019/4019/3775 4032/4032/3786
f 4034/4034/3788 4021/4021/3776 4017/4017/3773
f 4037/4037/3790 4023/4023/3778 4032/4032/3786
f 4038/4038/3791 4023/4023/3778 4037/4037/3790
f 4039/4039/3792 4022/4022/3777 4023/4023/3778
f 4039/4039/3792 4023/4023/3778 4040/4040/3793
f 4038/4038/3791 4040/4040/3793 4023/4023/3778
f 4025/4025/3780 4039/4039/3792 4040/4040/3793
f 4025/4025/3780 4022/4022/3777 4039/4039/3792
f 4041/4041/3794 4025/4025/3780 4040/4040/3793
f 4017/4017/3773 4027/4027/3782 4042/4042/3795
f 4034/4034/3788 4017/4017/3773 4042/4042/3795
f 4042/4042/3795 4027/4027/3782 4043/4043/3796
f 4043/4043/3796 4027/4027/3782 4028/4028/3783
f 4028/4028/3783 4029/4029/3784 4044/4044/3797
f 4045/4045/3798 4033/4033/3787 4034/4034/3788
f 4036/4036/3789 4033/4033/3787 4045/4045/3798
f 4046/4046/3799 4045/4045/3798 4034/4034/3788
f 4047/4047/3800 4036/4036/3789 4045/4045/3798
f 4037/4037/3790 4032/4032/3786 4048/4048/3789
f 4037/4037/3790 4048/4048/3789 4049/4049/3800
f 4050/4050/3801 4038/4038/3791 4037/4037/3790
f 4040/4040/3793 4038/4038/3791 4050/4050/3801
f 4051/4051/3802 4040/4040/3793 4050/4050/3801
f 4052/4052/3803 4040/4040/3793 4051/4051/3802
f 4052/4052/3803 4051/4051/3802 4053/4053/3804
f 4052/4052/3803 4041/4041/3794 4040/4040/3793
f 4034/4034/3788 4042/4042/3795 4054/4054/3805
f 4046/4046/3799 4034/4034/3788 4054/4054/3805
f 4042/4042/3795 4043/4043/3796 4054/4054/3805
f 4054/4054/3805 4043/4043/3796 4055/4055/3806
f 4055/4055/3806 4043/4043/3796 4056/4056/3807
f 4043/4043/3796 4028/4028/3783 4056/4056/3807
f 4056/4056/3807 4028/4028/3783 4044/4044/3797
f 4014/4014/3771 4009/4009/3766 4011/4011/3768
f 4057/4057/3808 4011/4011/3768 4024/4024/3779
f 4057/4057/3808 4024/4024/3779 4025/4025/3780
f 4058/4058/3809 4014/4014/3771 4011/4011/3768
f 4059/4059/3810 4013/4013/3770 4014/4014/3771
f 4012/4012/3769 4013/4013/3770 4059/4059/3810
f 4060/4060/3811 4014/4014/3771 4058/4058/3809
f 4060/4060/3811 4059/4059/3810 4014/4014/3771
f 4058/4058/3809 4011/4011/3768 4057/4057/3808
f 4061/4061/3812 4059/4059/3810 4060/4060/3811
f 4062/4062/3813 4058/4058/3809 4057/4057/3808
f 4060/4060/3811 4058/4058/3809 4062/4062/3813
f 4061/4061/3812 4060/4060/3811 4063/4063/3814
f 4063/4063/3814 4060/4060/3811 4062/4062/3813
f 4064/4064/3815 4065/4065/3810 4066/4066/3812
f 4029/4029/3784 4030/4030/3785 4067/4067/3816
f 4064/4064/3815 4031/4031/3769 4065/4065/3810
f 4030/4030/3785 4031/4031/3769 4064/4064/3815
f 4067/4067/3816 4030/4030/3785 4064/4064/3815
f 4068/4068/3817 4057/4057/3808 4025/4025/3780
f 4068/4068/3817 4025/4025/3780 4041/4041/3794
f 4062/4062/3813 4057/4057/3808 4068/4068/3817
f 4064/4064/3815 4066/4066/3812 4069/4069/3818
f 4070/4070/3819 4061/4061/3812 4063/4063/3814
f 4061/4061/3812 4070/4070/3819 4071/4071/3820
f 4069/4069/3818 4066/4066/3812 4072/4072/3820
f 4044/4044/3797 4029/4029/3784 4067/4067/3816
f 4067/4067/3816 4064/4064/3815 4069/4069/3818
f 4073/4073/3821 4067/4067/3816 4069/4069/3818
f 4074/4074/3822 4068/4068/3817 4041/4041/3794
f 4074/4074/3822 4041/4041/3794 4075/4075/3823
f 4075/4075/3823 4041/4041/3794 4052/4052/3803
f 4070/4070/3819 4063/4063/3814 4062/4062/3813
f 4076/4076/3824 4070/4070/3819 4062/4062/3813
f 4077/4077/3825 4062/4062/3813 4068/4068/3817
f 4076/4076/3824 4062/4062/3813 4077/4077/3825
f 4078/4078/3826 4071/4071/3820 4070/4070/3819
f 4077/4077/3825 4068/4068/3817 4074/4074/3822
f 4079/4079/3827 4070/4070/3819 4076/4076/3824
f 4080/4080/3828 4077/4077/3825 4074/4074/3822
f 4081/4081/3829 4076/4076/3824 4077/4077/3825
f 4081/4081/3829 4077/4077/3825 4080/4080/3828
f 4078/4078/3826 4070/4070/3819 4079/4079/3827
f 4079/4079/3827 4076/4076/3824 4081/4081/3829
f 4044/4044/3797 4073/4073/3821 4082/4082/3830
f 4056/4056/3807 4044/4044/3797 4082/4082/3830
f 4073/4073/3821 4069/4069/3818 4072/4072/3820
f 4044/4044/3797 4067/4067/3816 4073/4073/3821
f 4073/4073/3821 4072/4072/3820 4083/4083/3826
f 4084/4084/3831 4073/4073/3821 4083/4083/3826
f 4082/4082/3830 4073/4073/3821 4084/4084/3831
f 2016/2016/1929 2840/2840/2680 2017/2017/1930
f 4085/4085/3832 2840/2840/2680 2016/2016/1929
f 2018/2018/1931 711/711/711 2774/2774/2616
f 2018/2018/1931 2774/2774/2616 4086/4086/3833
f 4087/4087/3834 4085/4085/3832 2016/2016/1929
f 4087/4087/3834 2016/2016/1929 2020/2020/1933
f 4088/4088/3835 4085/4085/3832 4087/4087/3834
f 2021/2021/1934 2019/2019/1932 2018/2018/1931
f 2021/2021/1934 2018/2018/1931 4089/4089/3836
f 2021/2021/1934 4089/4089/3836 4090/4090/3837
f 2018/2018/1931 4086/4086/3833 4089/4089/3836
f 4089/4089/3836 4086/4086/3833 4091/4091/3838
f 4087/4087/3834 2020/2020/1933 2023/2023/1936
f 4092/4092/3839 4087/4087/3834 2023/2023/1936
f 4092/4092/3839 4088/4088/3835 4087/4087/3834
f 2022/2022/1935 2021/2021/1934 4090/4090/3837
f 2025/2025/1938 2022/2022/1935 4090/4090/3837
f 4090/4090/3837 4093/4093/3840 2025/2025/1938
f 4090/4090/3837 4089/4089/3836 4091/4091/3838
f 4090/4090/3837 4091/4091/3838 4094/4094/3841
f 4093/4093/3840 4090/4090/3837 4094/4094/3841
f 2026/2026/1939 4092/4092/3839 2023/2023/1936
f 4095/4095/3842 4092/4092/3839 2026/2026/1939
f 2024/2024/1937 2025/2025/1938 4093/4093/3840
f 2024/2024/1937 4093/4093/3840 4096/4096/3843
f 2024/2024/1937 4096/4096/3843 2029/2029/1942
f 4093/4093/3840 4094/4094/3841 4096/4096/3843
f 4096/4096/3843 4094/4094/3841 4097/4097/3844
f 4098/4098/3845 4096/4096/3843 4097/4097/3844
f 4099/4099/3846 2027/2027/1940 2032/2032/1945
f 2032/2032/1945 4100/4100/3847 4099/4099/3846
f 4099/4099/3846 4095/4095/3842 2027/2027/1940
f 2027/2027/1940 4095/4095/3842 2026/2026/1939
f 4095/4095/3842 4099/4099/3846 4100/4100/3847
f 2030/2030/1943 2029/2029/1942 4101/4101/3848
f 2029/2029/1942 4096/4096/3843 4101/4101/3848
f 4101/4101/3848 4102/4102/3849 2030/2030/1943
f 4101/4101/3848 4103/4103/3850 4102/4102/3849
f 4101/4101/3848 4096/4096/3843 4098/4098/3845
f 4101/4101/3848 4098/4098/3845 4103/4103/3850
f 4102/4102/3849 4103/4103/3850 4104/4104/3851
f 2031/2031/1944 4100/4100/3847 2032/2032/1945
f 2033/2033/1946 2030/2030/1943 4105/4105/3852
f 2033/2033/1946 4105/4105/3852 2034/2034/1947
f 4105/4105/3852 2030/2030/1943 4102/4102/3849
f 4106/4106/3853 2031/2031/1944 2035/2035/1948
f 2038/2038/1951 2037/2037/1950 4107/4107/3854
f 2037/2037/1950 2034/2034/1947 4105/4105/3852
f 2037/2037/1950 4105/4105/3852 4108/4108/3855
f 4107/4107/3854 2037/2037/1950 4109/4109/3856
f 4105/4105/3852 4102/4102/3849 4108/4108/3855
f 2037/2037/1950 4108/4108/3855 4109/4109/3856
f 4102/4102/3849 4104/4104/3851 4108/4108/3855
f 4110/4110/3857 2039/2039/1952 1980/1980/1895
f 4110/4110/3857 4111/4111/3858 2039/2039/1952
f 4112/4112/3859 4106/4106/3853 2035/2035/1948
f 2039/2039/1952 4112/4112/3859 2035/2035/1948
f 4112/4112/3859 2039/2039/1952 4111/4111/3858
f 2040/2040/1953 2038/2038/1951 4107/4107/3854
f 2040/2040/1953 4107/4107/3854 4113/4113/3860
f 4107/4107/3854 4109/4109/3856 4113/4113/3860
f 2043/2043/1956 4110/4110/3857 1980/1980/1895
f 2046/2046/1959 4114/4114/3861 2044/2044/1957
f 2042/2042/1955 2046/2046/1959 2044/2044/1957
f 2044/2044/1957 4114/4114/3861 4115/4115/3862
f 2043/2043/1956 4115/4115/3862 4110/4110/3857
f 4115/4115/3862 2043/2043/1956 2044/2044/1957
f 2045/2045/1958 4114/4114/3861 2046/2046/1959
f 2047/2047/1960 2051/2051/1963 2049/2049/1961
f 2041/2041/1954 2040/2040/1953 4116/4116/3863
f 2040/2040/1953 4113/4113/3860 4116/4116/3863
f 2051/2051/1963 2041/2041/1954 4116/4116/3863
f 2051/2051/1963 4116/4116/3863 4117/4117/3864
f 2049/2049/1961 2051/2051/1963 4118/4118/3865
f 4119/4119/3866 2048/2048/1961 4120/4120/3865
f 2050/2050/1962 2048/2048/1961 4119/4119/3866
f 2051/2051/1963 4117/4117/3864 4118/4118/3865
f 2050/2050/1962 4119/4119/3866 4121/4121/3867
f 2045/2045/1958 1990/1990/1905 2053/2053/1965
f 4122/4122/3868 2045/2045/1958 2053/2053/1965
f 2054/2054/1966 4122/4122/3868 2053/2053/1965
f 4123/4123/3869 4124/4124/3870 2054/2054/1966
f 4123/4123/3869 2054/2054/1966 2052/2052/1964
f 4122/4122/3868 2054/2054/1966 4124/4124/3870
f 4125/4125/3871 2052/2052/1964 1991/1991/1906
f 2057/2057/1969 4125/4125/3871 1991/1991/1906
f 2059/2059/1971 2056/2056/1968 1997/1997/1911
f 4123/4123/3869 2052/2052/1964 4125/4125/3871
f 4126/4126/3872 4123/4123/3869 4125/4125/3871
f 2057/2057/1969 4126/4126/3872 4125/4125/3871
f 2056/2056/1968 4127/4127/3873 2057/2057/1969
f 4127/4127/3873 4126/4126/3872 2057/2057/1969
f 2059/2059/1971 4128/4128/3874 2056/2056/1968
f 2066/2066/1978 2062/2062/1974 4129/4129/3875
f 4130/4130/3876 2058/2058/1970 2063/2063/1975
f 2062/2062/1974 2050/2050/1962 4121/4121/3867
f 2062/2062/1974 4121/4121/3867 4129/4129/3875
f 4131/4131/3877 2059/2059/1971 2058/2058/1970
f 4130/4130/3876 4131/4131/3877 2058/2058/1970
f 4129/4129/3875 4121/4121/3867 4132/4132/3878
f 2064/2064/1976 2065/2065/1977 4133/4133/3879
f 4134/4134/3880 2068/2068/1975 2067/2067/1979
f 2065/2065/1977 2066/2066/1978 4135/4135/3881
f 2064/2064/1976 4133/4133/3879 2070/2070/1981
f 4136/4136/3882 4130/4130/3876 2063/2063/1975
f 2066/2066/1978 4129/4129/3875 4135/4135/3881
f 4137/4137/3882 2068/2068/1975 4134/4134/3880
f 2072/2072/1983 4134/4134/3880 2067/2067/1979
f 2069/2069/1980 2070/2070/1981 4138/4138/3883
f 4139/4139/3884 4134/4134/3880 2072/2072/1983
f 2073/2073/1984 4139/4139/3884 2072/2072/1983
f 4138/4138/3883 2070/2070/1981 4140/4140/3885
f 4138/4138/3883 4140/4140/3885 4141/4141/3886
f 2069/2069/1980 4138/4138/3883 2075/2075/1986
f 4142/4142/3887 2073/2073/1984 2074/2074/1985
f 2075/2075/1986 4138/4138/3883 4143/4143/3888
f 4144/4144/3889 2073/2073/1984 4142/4142/3887
f 4138/4138/3883 4141/4141/3886 4145/4145/3890
f 4143/4143/3888 4138/4138/3883 4145/4145/3890
f 4144/4144/3889 4139/4139/3884 2073/2073/1984
f 4146/4146/3891 4144/4144/3889 4142/4142/3887
f 4147/4147/3892 2840/2840/2680 4085/4085/3832
f 4147/4147/3892 2841/2841/2681 2840/2840/2680
f 4086/4086/3833 2774/2774/2616 4148/4148/3893
f 2774/2774/2616 2775/2775/2617 4148/4148/3893
f 2775/2775/2617 2842/2842/2682 4148/4148/3893
f 4149/4149/3894 4085/4085/3832 4088/4088/3835
f 4150/4150/3895 4147/4147/3892 4085/4085/3832
f 4149/4149/3894 4150/4150/3895 4085/4085/3832
f 4086/4086/3833 4148/4148/3893 4151/4151/3896
f 4086/4086/3833 4151/4151/3896 4091/4091/3838
f 4091/4091/3838 4151/4151/3896 4152/4152/3897
f 4151/4151/3896 4148/4148/3893 4153/4153/3898
f 4151/4151/3896 4153/4153/3898 4152/4152/3897
f 4154/4154/3899 4088/4088/3835 4092/4092/3839
f 4154/4154/3899 4149/4149/3894 4088/4088/3835
f 4094/4094/3841 4091/4091/3838 4152/4152/3897
f 4094/4094/3841 4152/4152/3897 4155/4155/3900
f 4155/4155/3900 4152/4152/3897 4156/4156/3901
f 4157/4157/3902 4092/4092/3839 4095/4095/3842
f 4154/4154/3899 4092/4092/3839 4157/4157/3902
f 4098/4098/3845 4097/4097/3844 4158/4158/3903
f 4097/4097/3844 4094/4094/3841 4155/4155/3900
f 4155/4155/3900 4159/4159/3904 4097/4097/3844
f 4159/4159/3904 4155/4155/3900 4156/4156/3901
f 4158/4158/3903 4097/4097/3844 4159/4159/3904
f 4157/4157/3902 4095/4095/3842 4100/4100/3847
f 4160/4160/3905 4157/4157/3902 4100/4100/3847
f 4103/4103/3850 4098/4098/3845 4158/4158/3903
f 4103/4103/3850 4158/4158/3903 4161/4161/3906
f 4162/4162/3907 4100/4100/3847 2031/2031/1944
f 4163/4163/3908 4104/4104/3851 4103/4103/3850
f 4104/4104/3851 4163/4163/3908 4164/4164/3909
f 4163/4163/3908 4103/4103/3850 4161/4161/3906
f 4164/4164/3909 4163/4163/3908 4161/4161/3906
f 4164/4164/3909 4161/4161/3906 4165/4165/3910
f 4166/4166/3911 2031/2031/1944 4106/4106/3853
f 4112/4112/3859 4166/4166/3911 4106/4106/3853
f 4162/4162/3907 2031/2031/1944 4166/4166/3911
f 4108/4108/3855 4104/4104/3851 4164/4164/3909
f 4109/4109/3856 4108/4108/3855 4164/4164/3909
f 4109/4109/3856 4164/4164/3909 4167/4167/3912
f 4167/4167/3912 4164/4164/3909 4168/4168/3913
f 4164/4164/3909 4165/4165/3910 4168/4168/3913
f 4169/4169/3914 4170/4170/3915 4111/4111/3858
f 4112/4112/3859 4111/4111/3858 4166/4166/3911
f 4111/4111/3858 4170/4170/3915 4166/4166/3911
f 4166/4166/3911 4170/4170/3915 4171/4171/3916
f 4109/4109/3856 4167/4167/3912 4172/4172/3917
f 4113/4113/3860 4109/4109/3856 4172/4172/3917
f 4173/4173/3918 4114/4114/3861 2045/2045/1958
f 4110/4110/3857 4169/4169/3914 4111/4111/3858
f 4114/4114/3861 4174/4174/3919 4115/4115/3862
f 4169/4169/3914 4110/4110/3857 4115/4115/3862
f 4174/4174/3919 4169/4169/3914 4115/4115/3862
f 4175/4175/3920 4173/4173/3918 4122/4122/3868
f 4176/4176/3921 4175/4175/3920 4123/4123/3869
f 4177/4177/3922 4174/4174/3919 4114/4114/3861
f 4173/4173/3918 4177/4177/3922 4114/4114/3861
f 4173/4173/3918 4178/4178/3923 4177/4177/3922
f 4179/4179/3924 4178/4178/3923 4173/4173/3918
f 4179/4179/3924 4173/4173/3918 4175/4175/3920
f 4180/4180/3925 4179/4179/3924 4175/4175/3920
f 4176/4176/3921 4180/4180/3925 4175/4175/3920
f 4126/4126/3872 4176/4176/3921 4123/4123/3869
f 4132/4132/3878 4121/4121/3867 4119/4119/3866
f 4117/4117/3864 4116/4116/3863 4181/4181/3926
f 4116/4116/3863 4113/4113/3860 4181/4181/3926
f 4117/4117/3864 4181/4181/3926 4182/4182/3927
f 4117/4117/3864 4182/4182/3927 4118/4118/3865
f 4181/4181/3926 4113/4113/3860 4172/4172/3917
f 4132/4132/3878 4119/4119/3866 4183/4183/3928
f 4119/4119/3866 4120/4120/3865 4183/4183/3928
f 4181/4181/3926 4184/4184/3929 4182/4182/3927
f 4182/4182/3927 4184/4184/3929 4118/4118/3865
f 4122/4122/3868 4173/4173/3918 2045/2045/1958
f 4175/4175/3920 4122/4122/3868 4124/4124/3870
f 4175/4175/3920 4124/4124/3870 4123/4123/3869
f 4127/4127/3873 2056/2056/1968 4128/4128/3874
f 4131/4131/3877 4128/4128/3874 2059/2059/1971
f 4185/4185/3930 4126/4126/3872 4127/4127/3873
f 4131/4131/3877 4186/4186/3931 4128/4128/3874
f 4185/4185/3930 4127/4127/3873 4128/4128/3874
f 4186/4186/3931 4185/4185/3930 4128/4128/3874
f 4176/4176/3921 4126/4126/3872 4185/4185/3930
f 4187/4187/3932 4131/4131/3877 4130/4130/3876
f 4188/4188/3933 4130/4130/3876 4136/4136/3882
f 4188/4188/3933 4189/4189/3934 4130/4130/3876
f 4132/4132/3878 4190/4190/3935 4129/4129/3875
f 4186/4186/3931 4131/4131/3877 4187/4187/3932
f 4187/4187/3932 4130/4130/3876 4189/4189/3934
f 4132/4132/3878 4183/4183/3928 4191/4191/3936
f 4190/4190/3935 4132/4132/3878 4191/4191/3936
f 2065/2065/1977 4135/4135/3881 4133/4133/3879
f 4134/4134/3880 4192/4192/3933 4137/4137/3882
f 4135/4135/3881 4129/4129/3875 4193/4193/3937
f 4194/4194/3938 4192/4192/3933 4134/4134/3880
f 4135/4135/3881 4193/4193/3937 4133/4133/3879
f 4133/4133/3879 4193/4193/3937 4195/4195/3939
f 4196/4196/3934 4192/4192/3933 4194/4194/3938
f 4197/4197/3940 4196/4196/3934 4194/4194/3938
f 4193/4193/3937 4129/4129/3875 4190/4190/3935
f 2070/2070/1981 4133/4133/3879 4140/4140/3885
f 4141/4141/3886 4140/4140/3885 4198/4198/3941
f 4139/4139/3884 4194/4194/3938 4134/4134/3880
f 4140/4140/3885 4133/4133/3879 4195/4195/3939
f 4140/4140/3885 4195/4195/3939 4198/4198/3941
f 4194/4194/3938 4139/4139/3884 4199/4199/3942
f 4198/4198/3941 4195/4195/3939 4200/4200/3943
f 4145/4145/3890 4141/4141/3886 4201/4201/3944
f 4144/4144/3889 4146/4146/3891 4202/4202/3945
f 4201/4201/3944 4141/4141/3886 4198/4198/3941
f 4203/4203/3946 4139/4139/3884 4144/4144/3889
f 4202/4202/3945 4203/4203/3946 4144/4144/3889
f 4199/4199/3942 4139/4139/3884 4203/4203/3946
f 4201/4201/3944 4198/4198/3941 4204/4204/3947
f 4204/4204/3947 4198/4198/3941 4200/4200/3943
f 4204/4204/3947 4200/4200/3943 4205/4205/3948
f 2902/2902/2740 2841/2841/2681 4147/4147/3892
f 4206/4206/3949 2902/2902/2740 4147/4147/3892
f 4148/4148/3893 2842/2842/2682 4207/4207/3950
f 2842/2842/2682 2843/2843/2683 4207/4207/3950
f 4153/4153/3898 4148/4148/3893 4207/4207/3950
f 4207/4207/3950 4208/4208/3951 4209/4209/3952
f 4149/4149/3894 4206/4206/3949 4150/4150/3895
f 4206/4206/3949 4147/4147/3892 4150/4150/3895
f 4210/4210/3953 4206/4206/3949 4149/4149/3894
f 4153/4153/3898 4207/4207/3950 4209/4209/3952
f 4152/4152/3897 4153/4153/3898 4211/4211/3954
f 4153/4153/3898 4209/4209/3952 4211/4211/3954
f 4212/4212/3955 4211/4211/3954 4213/4213/3956
f 4214/4214/3957 4149/4149/3894 4154/4154/3899
f 4215/4215/3958 4214/4214/3957 4154/4154/3899
f 4210/4210/3953 4149/4149/3894 4214/4214/3957
f 4152/4152/3897 4212/4212/3955 4156/4156/3901
f 4152/4152/3897 4211/4211/3954 4212/4212/3955
f 4156/4156/3901 4212/4212/3955 4216/4216/3959
f 4216/4216/3959 4212/4212/3955 4213/4213/3956
f 4215/4215/3958 4154/4154/3899 4157/4157/3902
f 4217/4217/3960 4215/4215/3958 4157/4157/3902
f 4159/4159/3904 4156/4156/3901 4216/4216/3959
f 4159/4159/3904 4216/4216/3959 4218/4218/3961
f 4216/4216/3959 4213/4213/3956 4218/4218/3961
f 4219/4219/3962 4157/4157/3902 4160/4160/3905
f 4219/4219/3962 4160/4160/3905 4220/4220/3963
f 4219/4219/3962 4217/4217/3960 4157/4157/3902
f 4161/4161/3906 4158/4158/3903 4221/4221/3964
f 4158/4158/3903 4159/4159/3904 4218/4218/3961
f 4222/4222/3965 4158/4158/3903 4218/4218/3961
f 4221/4221/3964 4158/4158/3903 4222/4222/3965
f 4160/4160/3905 4100/4100/3847 4162/4162/3907
f 4223/4223/3966 4220/4220/3963 4160/4160/3905
f 4165/4165/3910 4161/4161/3906 4224/4224/3967
f 4224/4224/3967 4161/4161/3906 4221/4221/3964
f 4224/4224/3967 4221/4221/3964 4225/4225/3968
f 4223/4223/3966 4162/4162/3907 4166/4166/3911
f 4226/4226/3969 4223/4223/3966 4166/4166/3911
f 4223/4223/3966 4160/4160/3905 4162/4162/3907
f 4168/4168/3913 4165/4165/3910 4227/4227/3970
f 4165/4165/3910 4224/4224/3967 4225/4225/3968
f 4227/4227/3970 4165/4165/3910 4225/4225/3968
f 4227/4227/3970 4225/4225/3968 4228/4228/3971
f 4229/4229/3972 4170/4170/3915 4169/4169/3914
f 4230/4230/3973 4171/4171/3916 4170/4170/3915
f 4230/4230/3973 4170/4170/3915 4229/4229/3972
f 4226/4226/3969 4166/4166/3911 4171/4171/3916
f 4230/4230/3973 4226/4226/3969 4171/4171/3916
f 4167/4167/3912 4168/4168/3913 4172/4172/3917
f 4172/4172/3917 4168/4168/3913 4231/4231/3974
f 4168/4168/3913 4227/4227/3970 4228/4228/3971
f 4168/4168/3913 4228/4228/3971 4231/4231/3974
f 4174/4174/3919 4229/4229/3972 4169/4169/3914
f 4232/4232/3975 4180/4180/3925 4176/4176/3921
f 4177/4177/3922 4233/4233/3976 4174/4174/3919
f 4234/4234/3977 4177/4177/3922 4178/4178/3923
f 4234/4234/3977 4233/4233/3976 4177/4177/3922
f 4235/4235/3978 4234/4234/3977 4178/4178/3923
f 4235/4235/3978 4178/4178/3923 4179/4179/3924
f 4235/4235/3978 4179/4179/3924 4180/4180/3925
f 4233/4233/3976 4229/4229/3972 4174/4174/3919
f 4232/4232/3975 4235/4235/3978 4180/4180/3925
f 4233/4233/3976 4236/4236/3979 4229/4229/3972
f 4237/4237/3980 4232/4232/3975 4176/4176/3921
f 4118/4118/3865 4184/4184/3929 4238/4238/3981
f 4120/4120/3865 4239/4239/3981 4183/4183/3928
f 4191/4191/3936 4183/4183/3928 4239/4239/3981
f 4181/4181/3926 4172/4172/3917 4240/4240/3982
f 4172/4172/3917 4231/4231/3974 4240/4240/3982
f 4181/4181/3926 4240/4240/3982 4184/4184/3929
f 4238/4238/3981 4184/4184/3929 4241/4241/3983
f 4184/4184/3929 4240/4240/3982 4241/4241/3983
f 4238/4238/3981 4241/4241/3983 4242/4242/3984
f 4191/4191/3936 4239/4239/3981 4243/4243/3985
f 4239/4239/3981 4244/4244/3984 4243/4243/3985
f 4190/4190/3935 4191/4191/3936 4243/4243/3985
f 4190/4190/3935 4243/4243/3985 4245/4245/3986
f 4240/4240/3982 4246/4246/3987 4241/4241/3983
f 4185/4185/3930 4237/4237/3980 4176/4176/3921
f 4186/4186/3931 4237/4237/3980 4185/4185/3930
f 4186/4186/3931 4247/4247/3988 4237/4237/3980
f 4248/4248/3989 4186/4186/3931 4187/4187/3932
f 4248/4248/3989 4247/4247/3988 4186/4186/3931
f 4249/4249/3990 4248/4248/3989 4187/4187/3932
f 4250/4250/3991 4247/4247/3988 4248/4248/3989
f 4249/4249/3990 4250/4250/3991 4248/4248/3989
f 4195/4195/3939 4193/4193/3937 4251/4251/3992
f 4193/4193/3937 4190/4190/3935 4252/4252/3993
f 4193/4193/3937 4252/4252/3993 4251/4251/3992
f 4252/4252/3993 4190/4190/3935 4245/4245/3986
f 4249/4249/3990 4187/4187/3932 4189/4189/3934
f 4253/4253/3990 4196/4196/3934 4197/4197/3940
f 4254/4254/3994 4253/4253/3990 4197/4197/3940
f 4199/4199/3942 4197/4197/3940 4194/4194/3938
f 4200/4200/3943 4195/4195/3939 4255/4255/3995
f 4195/4195/3939 4251/4251/3992 4255/4255/3995
f 4256/4256/3996 4197/4197/3940 4199/4199/3942
f 4251/4251/3992 4252/4252/3993 4257/4257/3997
f 4255/4255/3995 4251/4251/3992 4257/4257/3997
f 4256/4256/3996 4254/4254/3994 4197/4197/3940
f 4255/4255/3995 4257/4257/3997 4258/4258/3998
f 4259/4259/3999 4255/4255/3995 4258/4258/3998
f 4260/4260/4000 4254/4254/3994 4256/4256/3996
f 4261/4261/4001 4203/4203/3946 4262/4262/4002
f 4256/4256/3996 4199/4199/3942 4203/4203/3946
f 4261/4261/4001 4256/4256/3996 4203/4203/3946
f 4205/4205/3948 4200/4200/3943 4263/4263/4003
f 4255/4255/3995 4259/4259/3999 4263/4263/4003
f 4200/4200/3943 4255/4255/3995 4263/4263/4003
f 4264/4264/4004 4256/4256/3996 4261/4261/4001
f 4265/4265/4005 4264/4264/4004 4261/4261/4001
f 4263/4263/4003 4259/4259/3999 4266/4266/4006
f 4267/4267/4007 2902/2902/2740 4206/4206/3949
f 4208/4208/3951 4207/4207/3950 4268/4268/4008
f 4268/4268/4008 4207/4207/3950 2843/2843/2683
f 4268/4268/4008 2843/2843/2683 4269/4269/4009
f 2843/2843/2683 2968/2968/2803 4269/4269/4009
f 4208/4208/3951 4268/4268/4008 4269/4269/4009
f 4208/4208/3951 4269/4269/4009 4270/4270/4010
f 4267/4267/4007 4206/4206/3949 4210/4210/3953
f 4211/4211/3954 4209/4209/3952 4208/4208/3951
f 4213/4213/3956 4211/4211/3954 4271/4271/4011
f 4211/4211/3954 4208/4208/3951 4271/4271/4011
f 4271/4271/4011 4208/4208/3951 4272/4272/4012
f 4208/4208/3951 4270/4270/4010 4272/4272/4012
f 4273/4273/4013 4274/4274/4014 4210/4210/3953
f 4214/4214/3957 4273/4273/4013 4210/4210/3953
f 4273/4273/4013 4214/4214/3957 4215/4215/3958
f 4275/4275/4015 4213/4213/3956 4271/4271/4011
f 4275/4275/4015 4271/4271/4011 4276/4276/4016
f 4275/4275/4015 4276/4276/4016 4277/4277/4017
f 4271/4271/4011 4272/4272/4012 4276/4276/4016
f 4273/4273/4013 4215/4215/3958 4217/4217/3960
f 4218/4218/3961 4213/4213/3956 4278/4278/4018
f 4213/4213/3956 4275/4275/4015 4278/4278/4018
f 4278/4278/4018 4275/4275/4015 4277/4277/4017
f 4278/4278/4018 4277/4277/4017 4279/4279/4019
f 4280/4280/4020 4219/4219/3962 4220/4220/3963
f 4280/4280/4020 4217/4217/3960 4219/4219/3962
f 4222/4222/3965 4218/4218/3961 4278/4278/4018
f 4222/4222/3965 4278/4278/4018 4281/4281/4021
f 4221/4221/3964 4222/4222/3965 4281/4281/4021
f 4221/4221/3964 4281/4281/4021 4282/4282/4022
f 4281/4281/4021 4278/4278/4018 4279/4279/4019
f 4282/4282/4022 4281/4281/4021 4279/4279/4019
f 4282/4282/4022 4279/4279/4019 4283/4283/4023
f 4220/4220/3963 4223/4223/3966 4284/4284/4024
f 4225/4225/3968 4221/4221/3964 4285/4285/4025
f 4221/4221/3964 4282/4282/4022 4285/4285/4025
f 4285/4285/4025 4283/4283/4023 4286/4286/4026
f 4285/4285/4025 4282/4282/4022 4283/4283/4023
f 4287/4287/4027 4223/4223/3966 4226/4226/3969
f 4288/4288/4028 4223/4223/3966 4287/4287/4027
f 4288/4288/4028 4287/4287/4027 4230/4230/3973
f 4288/4288/4028 4284/4284/4024 4223/4223/3966
f 4228/4228/3971 4225/4225/3968 4289/4289/4029
f 4225/4225/3968 4285/4285/4025 4289/4289/4029
f 4289/4289/4029 4285/4285/4025 4290/4290/4030
f 4290/4290/4030 4285/4285/4025 4286/4286/4026
f 4230/4230/3973 4287/4287/4027 4226/4226/3969
f 4291/4291/4031 4230/4230/3973 4229/4229/3972
f 4291/4291/4031 4229/4229/3972 4236/4236/3979
f 4291/4291/4031 4288/4288/4028 4230/4230/3973
f 4292/4292/4032 4288/4288/4028 4291/4291/4031
f 4231/4231/3974 4228/4228/3971 4246/4246/3987
f 4240/4240/3982 4231/4231/3974 4246/4246/3987
f 4246/4246/3987 4228/4228/3971 4293/4293/4033
f 4228/4228/3971 4289/4289/4029 4293/4293/4033
f 4293/4293/4033 4289/4289/4029 4290/4290/4030
f 4246/4246/3987 4293/4293/4033 4294/4294/4034
f 4290/4290/4030 4295/4295/4035 4296/4296/4036
f 4293/4293/4033 4290/4290/4030 4296/4296/4036
f 4294/4294/4034 4293/4293/4033 4296/4296/4036
f 4297/4297/4037 4234/4234/3977 4235/4235/3978
f 4298/4298/4038 4297/4297/4037 4235/4235/3978
f 4298/4298/4038 4235/4235/3978 4232/4232/3975
f 4233/4233/3976 4234/4234/3977 4299/4299/4039
f 4297/4297/4037 4299/4299/4039 4234/4234/3977
f 4232/4232/3975 4300/4300/4040 4298/4298/4038
f 4301/4301/4041 4291/4291/4031 4236/4236/3979
f 4233/4233/3976 4301/4301/4041 4236/4236/3979
f 4299/4299/4039 4301/4301/4041 4233/4233/3976
f 4300/4300/4040 4302/4302/4042 4298/4298/4038
f 4299/4299/4039 4297/4297/4037 4303/4303/4043
f 4303/4303/4043 4301/4301/4041 4299/4299/4039
f 4302/4302/4042 4304/4304/4044 4298/4298/4038
f 4304/4304/4044 4297/4297/4037 4298/4298/4038
f 4305/4305/4045 4232/4232/3975 4237/4237/3980
f 4305/4305/4045 4300/4300/4040 4232/4232/3975
f 4306/4306/4046 4305/4305/4045 4307/4307/4047
f 4308/4308/4048 4300/4300/4040 4305/4305/4045
f 4241/4241/3983 4246/4246/3987 4309/4309/4049
f 4241/4241/3983 4309/4309/4049 4242/4242/3984
f 4243/4243/3985 4244/4244/3984 4310/4310/4049
f 4245/4245/3986 4243/4243/3985 4311/4311/4050
f 4243/4243/3985 4310/4310/4049 4312/4312/4051
f 4311/4311/4050 4243/4243/3985 4312/4312/4051
f 4309/4309/4049 4246/4246/3987 4294/4294/4034
f 4309/4309/4049 4294/4294/4034 4313/4313/4052
f 4306/4306/4046 4307/4307/4047 4314/4314/4053
f 4252/4252/3993 4245/4245/3986 4315/4315/4054
f 4245/4245/3986 4311/4311/4050 4315/4315/4054
f 4315/4315/4054 4311/4311/4050 4316/4316/4055
f 4257/4257/3997 4315/4315/4054 4317/4317/4056
f 4257/4257/3997 4317/4317/4056 4258/4258/3998
f 4258/4258/3998 4317/4317/4056 4318/4318/4057
f 4315/4315/4054 4316/4316/4055 4317/4317/4056
f 4259/4259/3999 4318/4318/4057 4319/4319/4058
f 4259/4259/3999 4258/4258/3998 4318/4318/4057
f 4317/4317/4056 4320/4320/4059 4318/4318/4057
f 4305/4305/4045 4237/4237/3980 4247/4247/3988
f 4307/4307/4047 4305/4305/4045 4247/4247/3988
f 4321/4321/4060 4307/4307/4047 4247/4247/3988
f 4250/4250/3991 4321/4321/4060 4247/4247/3988
f 4249/4249/3990 4322/4322/4061 4250/4250/3991
f 4322/4322/4061 4321/4321/4060 4250/4250/3991
f 4321/4321/4060 4314/4314/4053 4307/4307/4047
f 4322/4322/4061 4314/4314/4053 4321/4321/4060
f 4257/4257/3997 4252/4252/3993 4315/4315/4054
f 4323/4323/4062 4253/4253/3990 4254/4254/3994
f 4324/4324/4062 4322/4322/4061 4249/4249/3990
f 4324/4324/4062 4325/4325/4063 4322/4322/4061
f 4260/4260/4000 4323/4323/4062 4254/4254/3994
f 4256/4256/3996 4326/4326/4064 4260/4260/4000
f 4260/4260/4000 4327/4327/4065 4323/4323/4062
f 4326/4326/4064 4327/4327/4065 4260/4260/4000
f 4327/4327/4065 4328/4328/4063 4323/4323/4062
f 4264/4264/4004 4326/4326/4064 4256/4256/3996
f 4266/4266/4006 4259/4259/3999 4319/4319/4058
f 4267/4267/4007 4329/4329/4066 2902/2902/2740
f 4329/4329/4066 3023/3023/2856 2902/2902/2740
f 4330/4330/4067 4329/4329/4066 4267/4267/4007
f 4269/4269/4009 2968/2968/2803 3026/3026/2859
f 4269/4269/4009 3026/3026/2859 4331/4331/4068
f 4274/4274/4014 4267/4267/4007 4210/4210/3953
f 4330/4330/4067 4267/4267/4007 4274/4274/4014
f 4332/4332/4069 4330/4330/4067 4274/4274/4014
f 4333/4333/4070 4272/4272/4012 4270/4270/4010
f 4270/4270/4010 4269/4269/4009 4331/4331/4068
f 4276/4276/4016 4272/4272/4012 4333/4333/4070
f 4333/4333/4070 4270/4270/4010 4334/4334/4071
f 4270/4270/4010 4331/4331/4068 4334/4334/4071
f 4332/4332/4069 4274/4274/4014 4273/4273/4013
f 4277/4277/4017 4276/4276/4016 4335/4335/4072
f 4277/4277/4017 4335/4335/4072 4336/4336/4073
f 4276/4276/4016 4337/4337/4074 4335/4335/4072
f 4276/4276/4016 4333/4333/4070 4337/4337/4074
f 4277/4277/4017 4336/4336/4073 4338/4338/4075
f 4279/4279/4019 4277/4277/4017 4338/4338/4075
f 4338/4338/4075 4336/4336/4073 4339/4339/4076
f 4339/4339/4076 4336/4336/4073 4340/4340/4077
f 4341/4341/4078 4217/4217/3960 4280/4280/4020
f 4341/4341/4078 4273/4273/4013 4217/4217/3960
f 4342/4342/4079 4341/4341/4078 4280/4280/4020
f 4279/4279/4019 4339/4339/4076 4343/4343/4080
f 4283/4283/4023 4279/4279/4019 4344/4344/4081
f 4279/4279/4019 4338/4338/4075 4339/4339/4076
f 4344/4344/4081 4279/4279/4019 4343/4343/4080
f 4220/4220/3963 4284/4284/4024 4345/4345/4082
f 4346/4346/4083 4280/4280/4020 4220/4220/3963
f 4345/4345/4082 4346/4346/4083 4220/4220/3963
f 4346/4346/4083 4342/4342/4079 4280/4280/4020
f 4347/4347/4084 4343/4343/4080 4348/4348/4085
f 4283/4283/4023 4349/4349/4086 4286/4286/4026
f 4283/4283/4023 4344/4344/4081 4347/4347/4084
f 4283/4283/4023 4347/4347/4084 4349/4349/4086
f 4347/4347/4084 4344/4344/4081 4343/4343/4080
f 4349/4349/4086 4347/4347/4084 4348/4348/4085
f 4288/4288/4028 4345/4345/4082 4284/4284/4024
f 4350/4350/4087 4345/4345/4082 4288/4288/4028
f 4350/4350/4087 4288/4288/4028 4292/4292/4032
f 4290/4290/4030 4286/4286/4026 4295/4295/4035
f 4295/4295/4035 4286/4286/4026 4351/4351/4088
f 4351/4351/4088 4286/4286/4026 4348/4348/4085
f 4286/4286/4026 4349/4349/4086 4348/4348/4085
f 4351/4351/4088 4348/4348/4085 4352/4352/4089
f 4301/4301/4041 4353/4353/4090 4291/4291/4031
f 4353/4353/4090 4292/4292/4032 4291/4291/4031
f 4303/4303/4043 4354/4354/4091 4301/4301/4041
f 4354/4354/4091 4353/4353/4090 4301/4301/4041
f 4354/4354/4091 4355/4355/4092 4353/4353/4090
f 4356/4356/4093 4355/4355/4092 4354/4354/4091
f 4356/4356/4093 4357/4357/4094 4355/4355/4092
f 4358/4358/4095 4357/4357/4094 4356/4356/4093
f 4358/4358/4095 4356/4356/4093 4302/4302/4042
f 4292/4292/4032 4359/4359/4096 4350/4350/4087
f 4359/4359/4096 4292/4292/4032 4353/4353/4090
f 4360/4360/4097 4353/4353/4090 4355/4355/4092
f 4296/4296/4036 4351/4351/4088 4361/4361/4098
f 4361/4361/4098 4351/4351/4088 4352/4352/4089
f 4294/4294/4034 4296/4296/4036 4361/4361/4098
f 4294/4294/4034 4361/4361/4098 4313/4313/4052
f 4351/4351/4088 4296/4296/4036 4295/4295/4035
f 4361/4361/4098 4362/4362/4099 4313/4313/4052
f 4361/4361/4098 4352/4352/4089 4362/4362/4099
f 4363/4363/4052 4364/4364/4100 4312/4312/4051
f 4313/4313/4052 4362/4362/4099 4365/4365/4100
f 4356/4356/4093 4303/4303/4043 4297/4297/4037
f 4356/4356/4093 4297/4297/4037 4304/4304/4044
f 4356/4356/4093 4354/4354/4091 4303/4303/4043
f 4304/4304/4044 4302/4302/4042 4356/4356/4093
f 4308/4308/4048 4302/4302/4042 4300/4300/4040
f 4306/4306/4046 4366/4366/4101 4305/4305/4045
f 4366/4366/4101 4308/4308/4048 4305/4305/4045
f 4306/4306/4046 4367/4367/4102 4366/4366/4101
f 4368/4368/4103 4302/4302/4042 4308/4308/4048
f 4366/4366/4101 4368/4368/4103 4308/4308/4048
f 4368/4368/4103 4358/4358/4095 4302/4302/4042
f 4369/4369/4104 4367/4367/4102 4306/4306/4046
f 4370/4370/4105 4368/4368/4103 4366/4366/4101
f 4310/4310/4049 4363/4363/4052 4312/4312/4051
f 4311/4311/4050 4312/4312/4051 4371/4371/4106
f 4372/4372/4107 4373/4373/4108 4306/4306/4046
f 4306/4306/4046 4314/4314/4053 4372/4372/4107
f 4373/4373/4108 4369/4369/4104 4306/4306/4046
f 4374/4374/4109 4373/4373/4108 4372/4372/4107
f 4312/4312/4051 4364/4364/4100 4371/4371/4106
f 4316/4316/4055 4311/4311/4050 4371/4371/4106
f 4375/4375/4110 4372/4372/4107 4325/4325/4063
f 4371/4371/4106 4376/4376/4111 4316/4316/4055
f 4375/4375/4110 4374/4374/4109 4372/4372/4107
f 4316/4316/4055 4377/4377/4112 4317/4317/4056
f 4316/4316/4055 4376/4376/4111 4377/4377/4112
f 4377/4377/4112 4376/4376/4111 4378/4378/4113
f 4379/4379/4110 4327/4327/4065 4380/4380/4114
f 4378/4378/4113 4376/4376/4111 4381/4381/4115
f 4382/4382/4116 4374/4374/4109 4375/4375/4110
f 4380/4380/4114 4383/4383/4116 4379/4379/4110
f 4317/4317/4056 4377/4377/4112 4320/4320/4059
f 4320/4320/4059 4377/4377/4112 4384/4384/4117
f 4377/4377/4112 4385/4385/4118 4384/4384/4117
f 4377/4377/4112 4378/4378/4113 4385/4385/4118
f 4372/4372/4107 4314/4314/4053 4322/4322/4061
f 4372/4372/4107 4322/4322/4061 4325/4325/4063
f 4327/4327/4065 4379/4379/4110 4328/4328/4063
f 3086/3086/2917 3023/3023/2856 4329/4329/4066
f 4330/4330/4067 4386/4386/4119 4329/4329/4066
f 3086/3086/2917 4329/4329/4066 4386/4386/4119
f 4331/4331/4068 3026/3026/2859 3087/3087/2918
f 4331/4331/4068 4387/4387/4120 4334/4334/4071
f 4331/4331/4068 3087/3087/2918 4387/4387/4120
f 4334/4334/4071 4387/4387/4120 4388/4388/4121
f 3087/3087/2918 3088/3088/2919 4389/4389/4122
f 4387/4387/4120 3087/3087/2918 4389/4389/4122
f 4388/4388/4121 4387/4387/4120 4390/4390/4123
f 4386/4386/4119 4330/4330/4067 4332/4332/4069
f 4391/4391/4124 4386/4386/4119 4332/4332/4069
f 4333/4333/4070 4334/4334/4071 4388/4388/4121
f 4337/4337/4074 4333/4333/4070 4392/4392/4125
f 4333/4333/4070 4388/4388/4121 4392/4392/4125
f 4393/4393/4126 4332/4332/4069 4273/4273/4013
f 4393/4393/4126 4391/4391/4124 4332/4332/4069
f 4337/4337/4074 4392/4392/4125 4335/4335/4072
f 4335/4335/4072 4392/4392/4125 4394/4394/4127
f 4395/4395/4128 4335/4335/4072 4394/4394/4127
f 4396/4396/4129 4392/4392/4125 4388/4388/4121
f 4394/4394/4127 4392/4392/4125 4396/4396/4129
f 4394/4394/4127 4396/4396/4129 4397/4397/4130
f 4395/4395/4128 4394/4394/4127 4397/4397/4130
f 4393/4393/4126 4273/4273/4013 4341/4341/4078
f 4398/4398/4131 4393/4393/4126 4341/4341/4078
f 4399/4399/4132 4393/4393/4126 4398/4398/4131
f 4336/4336/4073 4335/4335/4072 4395/4395/4128
f 4340/4340/4077 4336/4336/4073 4395/4395/4128
f 4339/4339/4076 4340/4340/4077 4400/4400/4133
f 4400/4400/4133 4340/4340/4077 4401/4401/4134
f 4401/4401/4134 4340/4340/4077 4395/4395/4128
f 4400/4400/4133 4401/4401/4134 4402/4402/4135
f 4401/4401/4134 4395/4395/4128 4403/4403/4136
f 4398/4398/4131 4341/4341/4078 4342/4342/4079
f 4404/4404/4137 4398/4398/4131 4342/4342/4079
f 4405/4405/4138 4404/4404/4137 4342/4342/4079
f 4339/4339/4076 4400/4400/4133 4406/4406/4139
f 4343/4343/4080 4339/4339/4076 4406/4406/4139
f 4406/4406/4139 4400/4400/4133 4402/4402/4135
f 4406/4406/4139 4402/4402/4135 4407/4407/4140
f 4405/4405/4138 4346/4346/4083 4345/4345/4082
f 4405/4405/4138 4342/4342/4079 4346/4346/4083
f 4408/4408/4141 4405/4405/4138 4345/4345/4082
f 4348/4348/4085 4343/4343/4080 4409/4409/4142
f 4348/4348/4085 4409/4409/4142 4410/4410/4143
f 4343/4343/4080 4406/4406/4139 4407/4407/4140
f 4343/4343/4080 4407/4407/4140 4409/4409/4142
f 4409/4409/4142 4407/4407/4140 4411/4411/4144
f 4412/4412/4145 4345/4345/4082 4350/4350/4087
f 4412/4412/4145 4408/4408/4141 4345/4345/4082
f 4413/4413/4146 4412/4412/4145 4350/4350/4087
f 4413/4413/4146 4350/4350/4087 4359/4359/4096
f 4414/4414/4147 4408/4408/4141 4412/4412/4145
f 4352/4352/4089 4348/4348/4085 4410/4410/4143
f 4352/4352/4089 4410/4410/4143 4415/4415/4148
f 4410/4410/4143 4416/4416/4149 4415/4415/4148
f 4417/4417/4150 4415/4415/4148 4416/4416/4149
f 4416/4416/4149 4418/4418/4151 4417/4417/4150
f 4353/4353/4090 4360/4360/4097 4359/4359/4096
f 4357/4357/4094 4360/4360/4097 4355/4355/4092
f 4419/4419/4152 4357/4357/4094 4358/4358/4095
f 4357/4357/4094 4420/4420/4153 4360/4360/4097
f 4357/4357/4094 4419/4419/4152 4420/4420/4153
f 4359/4359/4096 4360/4360/4097 4421/4421/4154
f 4421/4421/4154 4413/4413/4146 4359/4359/4096
f 4420/4420/4153 4421/4421/4154 4360/4360/4097
f 4422/4422/4155 4421/4421/4154 4420/4420/4153
f 4422/4422/4155 4420/4420/4153 4419/4419/4152
f 4368/4368/4103 4423/4423/4156 4358/4358/4095
f 4423/4423/4156 4368/4368/4103 4370/4370/4105
f 4423/4423/4156 4419/4419/4152 4358/4358/4095
f 4424/4424/4157 4425/4425/4158 4423/4423/4156
f 4424/4424/4157 4423/4423/4156 4370/4370/4105
f 4426/4426/4159 4419/4419/4152 4423/4423/4156
f 4425/4425/4158 4426/4426/4159 4423/4423/4156
f 4427/4427/4160 4425/4425/4158 4424/4424/4157
f 4428/4428/4161 4429/4429/4162 4371/4371/4106
f 4371/4371/4106 4364/4364/4100 4428/4428/4161
f 4362/4362/4099 4352/4352/4089 4430/4430/4163
f 4362/4362/4099 4430/4430/4163 4365/4365/4100
f 4352/4352/4089 4415/4415/4148 4417/4417/4150
f 4352/4352/4089 4417/4417/4150 4430/4430/4163
f 4365/4365/4100 4430/4430/4163 4431/4431/4161
f 4430/4430/4163 4417/4417/4150 4432/4432/4164
f 4431/4431/4161 4430/4430/4163 4432/4432/4164
f 4431/4431/4161 4432/4432/4164 4433/4433/4162
f 4433/4433/4162 4432/4432/4164 4434/4434/4165
f 4435/4435/4166 4427/4427/4160 4436/4436/4167
f 4371/4371/4106 4429/4429/4162 4437/4437/4168
f 4429/4429/4162 4438/4438/4169 4437/4437/4168
f 4439/4439/4170 4437/4437/4168 4438/4438/4169
f 4440/4440/4169 4433/4433/4162 4434/4434/4165
f 4440/4440/4169 4434/4434/4165 4441/4441/4171
f 4437/4437/4168 4439/4439/4170 4442/4442/4172
f 4443/4443/4173 4442/4442/4172 4444/4444/4174
f 4442/4442/4172 4439/4439/4170 4445/4445/4175
f 4442/4442/4172 4445/4445/4175 4444/4444/4174
f 4439/4439/4170 4438/4438/4169 4445/4445/4175
f 4445/4445/4175 4438/4438/4169 4446/4446/4171
f 4443/4443/4173 4447/4447/4176 4448/4448/4177
f 4447/4447/4176 4443/4443/4173 4449/4449/4178
f 4449/4449/4178 4443/4443/4173 4444/4444/4174
f 4449/4449/4178 4444/4444/4174 4450/4450/4179
f 4370/4370/4105 4366/4366/4101 4367/4367/4102
f 4367/4367/4102 4424/4424/4157 4370/4370/4105
f 4369/4369/4104 4424/4424/4157 4367/4367/4102
f 4427/4427/4160 4424/4424/4157 4369/4369/4104
f 4373/4373/4108 4436/4436/4167 4369/4369/4104
f 4451/4451/4180 4436/4436/4167 4373/4373/4108
f 4427/4427/4160 4369/4369/4104 4436/4436/4167
f 4451/4451/4180 4435/4435/4166 4436/4436/4167
f 4376/4376/4111 4371/4371/4106 4437/4437/4168
f 4381/4381/4115 4376/4376/4111 4437/4437/4168
f 4451/4451/4180 4373/4373/4108 4374/4374/4109
f 4382/4382/4116 4451/4451/4180 4374/4374/4109
f 4452/4452/4181 4451/4451/4180 4382/4382/4116
f 4453/4453/4182 4451/4451/4180 4452/4452/4181
f 4453/4453/4182 4435/4435/4166 4451/4451/4180
f 4381/4381/4115 4437/4437/4168 4442/4442/4172
f 4442/4442/4172 4443/4443/4173 4381/4381/4115
f 4454/4454/4183 4455/4455/4184 4452/4452/4181
f 4381/4381/4115 4443/4443/4173 4385/4385/4118
f 4378/4378/4113 4381/4381/4115 4385/4385/4118
f 4456/4456/4185 4383/4383/4116 4380/4380/4114
f 4448/4448/4177 4385/4385/4118 4443/4443/4173
f 4454/4454/4183 4452/4452/4181 4382/4382/4116
f 4383/4383/4116 4457/4457/4186 4458/4458/4183
f 4457/4457/4186 4383/4383/4116 4456/4456/4185
f 4459/4459/4187 4458/4458/4183 4457/4457/4186
f 4460/4460/4188 4459/4459/4187 4457/4457/4186
f 4459/4459/4187 4461/4461/4189 4458/4458/4183
f 4462/4462/4189 4455/4455/4184 4454/4454/4183
f 4386/4386/4119 3150/3150/2980 3086/3086/2917
f 4387/4387/4120 4389/4389/4122 4390/4390/4123
f 4389/4389/4122 3088/3088/2919 4390/4390/4123
f 3088/3088/2919 3152/3152/2982 4390/4390/4123
f 4390/4390/4123 3152/3152/2982 4463/4463/4190
f 4463/4463/4190 3152/3152/2982 3229/3229/3055
f 4464/4464/4191 4386/4386/4119 4391/4391/4124
f 4465/4465/4192 4464/4464/4191 4391/4391/4124
f 3150/3150/2980 4386/4386/4119 4464/4464/4191
f 4388/4388/4121 4390/4390/4123 4466/4466/4193
f 4388/4388/4121 4466/4466/4193 4396/4396/4129
f 4466/4466/4193 4390/4390/4123 4467/4467/4194
f 4390/4390/4123 4463/4463/4190 4467/4467/4194
f 4466/4466/4193 4467/4467/4194 4468/4468/4195
f 4469/4469/4196 4465/4465/4192 4391/4391/4124
f 4397/4397/4130 4396/4396/4129 4470/4470/4197
f 4470/4470/4197 4396/4396/4129 4468/4468/4195
f 4396/4396/4129 4466/4466/4193 4468/4468/4195
f 4470/4470/4197 4468/4468/4195 4471/4471/4198
f 4469/4469/4196 4391/4391/4124 4393/4393/4126
f 4399/4399/4132 4469/4469/4196 4393/4393/4126
f 4472/4472/4199 4399/4399/4132 4404/4404/4137
f 4399/4399/4132 4472/4472/4199 4469/4469/4196
f 4403/4403/4136 4395/4395/4128 4397/4397/4130
f 4403/4403/4136 4397/4397/4130 4470/4470/4197
f 4402/4402/4135 4401/4401/4134 4473/4473/4200
f 4401/4401/4134 4403/4403/4136 4473/4473/4200
f 4403/4403/4136 4470/4470/4197 4474/4474/4201
f 4403/4403/4136 4474/4474/4201 4473/4473/4200
f 4470/4470/4197 4471/4471/4198 4474/4474/4201
f 4404/4404/4137 4399/4399/4132 4398/4398/4131
f 4475/4475/4202 4404/4404/4137 4405/4405/4138
f 4476/4476/4203 4404/4404/4137 4475/4475/4202
f 4476/4476/4203 4472/4472/4199 4404/4404/4137
f 4402/4402/4135 4477/4477/4204 4407/4407/4140
f 4402/4402/4135 4473/4473/4200 4477/4477/4204
f 4407/4407/4140 4477/4477/4204 4478/4478/4205
f 4477/4477/4204 4479/4479/4206 4478/4478/4205
f 4475/4475/4202 4405/4405/4138 4408/4408/4141
f 4475/4475/4202 4408/4408/4141 4414/4414/4147
f 4480/4480/4207 4481/4481/4208 4414/4414/4147
f 4481/4481/4208 4475/4475/4202 4414/4414/4147
f 4482/4482/4209 4481/4481/4208 4480/4480/4207
f 4481/4481/4208 4482/4482/4209 4483/4483/4210
f 4484/4484/4211 4483/4483/4210 4482/4482/4209
f 4409/4409/4142 4485/4485/4212 4410/4410/4143
f 4409/4409/4142 4411/4411/4144 4485/4485/4212
f 4407/4407/4140 4478/4478/4205 4411/4411/4144
f 4485/4485/4212 4486/4486/4213 4487/4487/4214
f 4485/4485/4212 4411/4411/4144 4486/4486/4213
f 4411/4411/4144 4478/4478/4205 4486/4486/4213
f 4488/4488/4215 4487/4487/4214 4489/4489/4216
f 4421/4421/4154 4480/4480/4207 4413/4413/4146
f 4480/4480/4207 4414/4414/4147 4412/4412/4145
f 4480/4480/4207 4412/4412/4145 4413/4413/4146
f 4422/4422/4155 4490/4490/4217 4421/4421/4154
f 4419/4419/4152 4490/4490/4217 4422/4422/4155
f 4421/4421/4154 4491/4491/4218 4480/4480/4207
f 4490/4490/4217 4491/4491/4218 4421/4421/4154
f 4492/4492/4219 4490/4490/4217 4419/4419/4152
f 4490/4490/4217 4482/4482/4209 4491/4491/4218
f 4491/4491/4218 4482/4482/4209 4480/4480/4207
f 4484/4484/4211 4482/4482/4209 4490/4490/4217
f 4492/4492/4219 4484/4484/4211 4490/4490/4217
f 4492/4492/4219 4493/4493/4220 4484/4484/4211
f 4492/4492/4219 4419/4419/4152 4426/4426/4159
f 4494/4494/4221 4492/4492/4219 4426/4426/4159
f 4494/4494/4221 4493/4493/4220 4492/4492/4219
f 4495/4495/4222 4494/4494/4221 4426/4426/4159
f 4496/4496/4223 4497/4497/4224 4495/4495/4222
f 4410/4410/4143 4485/4485/4212 4416/4416/4149
f 4417/4417/4150 4418/4418/4151 4432/4432/4164
f 4434/4434/4165 4432/4432/4164 4418/4418/4151
f 4485/4485/4212 4487/4487/4214 4416/4416/4149
f 4418/4418/4151 4416/4416/4149 4488/4488/4215
f 4418/4418/4151 4488/4488/4215 4498/4498/4225
f 4434/4434/4165 4418/4418/4151 4498/4498/4225
f 4416/4416/4149 4487/4487/4214 4488/4488/4215
f 4434/4434/4165 4498/4498/4225 4499/4499/4226
f 4488/4488/4215 4489/4489/4216 4498/4498/4225
f 4498/4498/4225 4489/4489/4216 4500/4500/4227
f 4498/4498/4225 4500/4500/4227 4499/4499/4226
f 4501/4501/4228 4434/4434/4165 4499/4499/4226
f 4499/4499/4226 4502/4502/4229 4501/4501/4228
f 4503/4503/4230 4502/4502/4229 4504/4504/4231
f 4505/4505/4230 4506/4506/4232 4507/4507/4233
f 4508/4508/4232 4503/4503/4230 4504/4504/4231
f 4506/4506/4232 4509/4509/4234 4507/4507/4233
f 4510/4510/4235 4425/4425/4158 4427/4427/4160
f 4425/4425/4158 4495/4495/4222 4426/4426/4159
f 4496/4496/4223 4495/4495/4222 4425/4425/4158
f 4496/4496/4223 4425/4425/4158 4510/4510/4235
f 4511/4511/4236 4496/4496/4223 4510/4510/4235
f 4510/4510/4235 4427/4427/4160 4435/4435/4166
f 4435/4435/4166 4512/4512/4237 4510/4510/4235
f 4513/4513/4238 4512/4512/4237 4435/4435/4166
f 4512/4512/4237 4511/4511/4236 4510/4510/4235
f 4441/4441/4171 4434/4434/4165 4501/4501/4228
f 4501/4501/4228 4503/4503/4230 4441/4441/4171
f 4455/4455/4184 4513/4513/4238 4453/4453/4182
f 4513/4513/4238 4435/4435/4166 4453/4453/4182
f 4501/4501/4228 4502/4502/4229 4503/4503/4230
f 4514/4514/4239 4513/4513/4238 4455/4455/4184
f 4515/4515/4240 4512/4512/4237 4513/4513/4238
f 4455/4455/4184 4453/4453/4182 4452/4452/4181
f 4446/4446/4171 4505/4505/4230 4445/4445/4175
f 4444/4444/4174 4445/4445/4175 4507/4507/4233
f 4514/4514/4239 4455/4455/4184 4462/4462/4189
f 4507/4507/4233 4445/4445/4175 4505/4505/4230
f 4515/4515/4240 4513/4513/4238 4514/4514/4239
f 4444/4444/4174 4507/4507/4233 4450/4450/4179
f 4516/4516/4241 4514/4514/4239 4462/4462/4189
f 4517/4517/4242 4461/4461/4189 4459/4459/4187
f 4518/4518/4243 4517/4517/4242 4459/4459/4187
f 4450/4450/4179 4507/4507/4233 4519/4519/4244
f 4461/4461/4189 4517/4517/4242 4520/4520/4241
f 4507/4507/4233 4509/4509/4234 4519/4519/4244
f 4516/4516/4241 4521/4521/4245 4514/4514/4239
f 3150/3150/2980 3221/3221/3047 3145/3145/2975
f 4522/4522/4246 3227/3227/3053 3150/3150/2980
f 4463/4463/4190 4523/4523/4247 4467/4467/4194
f 4463/4463/4190 3229/3229/3055 4523/4523/4247
f 3229/3229/3055 3228/3228/3054 4523/4523/4247
f 4523/4523/4247 3228/3228/3054 4524/4524/4248
f 4525/4525/4249 4523/4523/4247 4526/4526/4250
f 4527/4527/4251 4464/4464/4191 4465/4465/4192
f 4522/4522/4246 3150/3150/2980 4464/4464/4191
f 4527/4527/4251 4522/4522/4246 4464/4464/4191
f 4467/4467/4194 4523/4523/4247 4525/4525/4249
f 4467/4467/4194 4525/4525/4249 4528/4528/4252
f 4528/4528/4252 4525/4525/4249 4529/4529/4253
f 4530/4530/4254 4527/4527/4251 4469/4469/4196
f 4527/4527/4251 4465/4465/4192 4469/4469/4196
f 4531/4531/4255 4527/4527/4251 4530/4530/4254
f 4532/4532/4256 4531/4531/4255 4530/4530/4254
f 4468/4468/4195 4467/4467/4194 4528/4528/4252
f 4471/4471/4198 4468/4468/4195 4533/4533/4257
f 4468/4468/4195 4528/4528/4252 4533/4533/4257
f 4529/4529/4253 4533/4533/4257 4528/4528/4252
f 4533/4533/4257 4529/4529/4253 4534/4534/4258
f 4472/4472/4199 4530/4530/4254 4469/4469/4196
f 4530/4530/4254 4472/4472/4199 4535/4535/4259
f 4536/4536/4260 4530/4530/4254 4535/4535/4259
f 4536/4536/4260 4532/4532/4256 4530/4530/4254
f 4474/4474/4201 4471/4471/4198 4533/4533/4257
f 4537/4537/4261 4474/4474/4201 4533/4533/4257
f 4474/4474/4201 4537/4537/4261 4479/4479/4206
f 4537/4537/4261 4533/4533/4257 4534/4534/4258
f 4537/4537/4261 4534/4534/4258 4538/4538/4262
f 4537/4537/4261 4538/4538/4262 4539/4539/4263
f 4476/4476/4203 4535/4535/4259 4472/4472/4199
f 4475/4475/4202 4540/4540/4264 4476/4476/4203
f 4540/4540/4264 4535/4535/4259 4476/4476/4203
f 4541/4541/4265 4542/4542/4266 4540/4540/4264
f 4543/4543/4267 4542/4542/4266 4541/4541/4265
f 4540/4540/4264 4536/4536/4260 4535/4535/4259
f 4544/4544/4268 4536/4536/4260 4542/4542/4266
f 4542/4542/4266 4536/4536/4260 4540/4540/4264
f 4543/4543/4267 4544/4544/4268 4542/4542/4266
f 4545/4545/4269 4546/4546/4270 4547/4547/4271
f 4548/4548/4272 4547/4547/4271 4543/4543/4267
f 4545/4545/4269 4547/4547/4271 4548/4548/4272
f 4477/4477/4204 4473/4473/4200 4479/4479/4206
f 4473/4473/4200 4474/4474/4201 4479/4479/4206
f 4478/4478/4205 4479/4479/4206 4549/4549/4273
f 4549/4549/4273 4479/4479/4206 4550/4550/4274
f 4549/4549/4273 4550/4550/4274 4551/4551/4275
f 4551/4551/4275 4550/4550/4274 4539/4539/4263
f 4550/4550/4274 4479/4479/4206 4537/4537/4261
f 4552/4552/4276 4551/4551/4275 4539/4539/4263
f 4550/4550/4274 4537/4537/4261 4539/4539/4263
f 4539/4539/4263 4553/4553/4277 4552/4552/4276
f 4483/4483/4210 4541/4541/4265 4481/4481/4208
f 4554/4554/4278 4483/4483/4210 4484/4484/4211
f 4493/4493/4220 4554/4554/4278 4484/4484/4211
f 4540/4540/4264 4475/4475/4202 4481/4481/4208
f 4541/4541/4265 4540/4540/4264 4481/4481/4208
f 4555/4555/4279 4541/4541/4265 4483/4483/4210
f 4555/4555/4279 4483/4483/4210 4554/4554/4278
f 4556/4556/4280 4554/4554/4278 4493/4493/4220
f 4554/4554/4278 4548/4548/4272 4555/4555/4279
f 4548/4548/4272 4543/4543/4267 4555/4555/4279
f 4543/4543/4267 4541/4541/4265 4555/4555/4279
f 4556/4556/4280 4548/4548/4272 4554/4554/4278
f 4545/4545/4269 4548/4548/4272 4556/4556/4280
f 4557/4557/4281 4493/4493/4220 4494/4494/4221
f 4557/4557/4281 4556/4556/4280 4493/4493/4220
f 4494/4494/4221 4558/4558/4282 4557/4557/4281
f 4497/4497/4224 4558/4558/4282 4494/4494/4221
f 4545/4545/4269 4556/4556/4280 4557/4557/4281
f 4559/4559/4283 4558/4558/4282 4497/4497/4224
f 4558/4558/4282 4545/4545/4269 4557/4557/4281
f 4560/4560/4284 4545/4545/4269 4558/4558/4282
f 4560/4560/4284 4558/4558/4282 4559/4559/4283
f 4486/4486/4213 4478/4478/4205 4549/4549/4273
f 4487/4487/4214 4486/4486/4213 4549/4549/4273
f 4487/4487/4214 4549/4549/4273 4489/4489/4216
f 4500/4500/4227 4489/4489/4216 4561/4561/4285
f 4549/4549/4273 4551/4551/4275 4489/4489/4216
f 4500/4500/4227 4561/4561/4285 4562/4562/4286
f 4562/4562/4286 4561/4561/4285 4563/4563/4287
f 4551/4551/4275 4552/4552/4276 4561/4561/4285
f 4561/4561/4285 4489/4489/4216 4551/4551/4275
f 4561/4561/4285 4552/4552/4276 4563/4563/4287
f 4564/4564/4288 4559/4559/4283 4565/4565/4289
f 4552/4552/4276 4566/4566/4290 4563/4563/4287
f 4564/4564/4288 4565/4565/4289 4567/4567/4291
f 4568/4568/4292 4562/4562/4286 4569/4569/4293
f 4562/4562/4286 4563/4563/4287 4569/4569/4293
f 4563/4563/4287 4570/4570/4294 4569/4569/4293
f 4571/4571/4295 4569/4569/4293 4570/4570/4294
f 4563/4563/4287 4566/4566/4290 4570/4570/4294
f 4572/4572/4296 4567/4567/4291 4573/4573/4297
f 4574/4574/4298 4572/4572/4296 4575/4575/4299
f 4569/4569/4293 4571/4571/4295 4576/4576/4300
f 4577/4577/4301 4578/4578/4302 4575/4575/4299
f 4579/4579/4303 4580/4580/4304 4581/4581/4305
f 4580/4580/4304 4569/4569/4293 4576/4576/4300
f 4581/4581/4305 4580/4580/4304 4576/4576/4300
f 4497/4497/4224 4494/4494/4221 4495/4495/4222
f 4511/4511/4236 4497/4497/4224 4496/4496/4223
f 4559/4559/4283 4497/4497/4224 4511/4511/4236
f 4512/4512/4237 4582/4582/4306 4511/4511/4236
f 4499/4499/4226 4500/4500/4227 4562/4562/4286
f 4582/4582/4306 4512/4512/4237 4515/4515/4240
f 4565/4565/4289 4559/4559/4283 4511/4511/4236
f 4565/4565/4289 4511/4511/4236 4582/4582/4306
f 4573/4573/4297 4567/4567/4291 4582/4582/4306
f 4567/4567/4291 4565/4565/4289 4582/4582/4306
f 4502/4502/4229 4499/4499/4226 4562/4562/4286
f 4502/4502/4229 4562/4562/4286 4568/4568/4292
f 4504/4504/4231 4502/4502/4229 4568/4568/4292
f 4583/4583/4307 4515/4515/4240 4514/4514/4239
f 4515/4515/4240 4573/4573/4297 4582/4582/4306
f 4573/4573/4297 4515/4515/4240 4583/4583/4307
f 4584/4584/4308 4575/4575/4299 4573/4573/4297
f 4575/4575/4299 4572/4572/4296 4573/4573/4297
f 4508/4508/4232 4504/4504/4231 4580/4580/4304
f 4504/4504/4231 4568/4568/4292 4580/4580/4304
f 4568/4568/4292 4569/4569/4293 4580/4580/4304
f 4584/4584/4308 4573/4573/4297 4583/4583/4307
f 4583/4583/4307 4521/4521/4245 4584/4584/4308
f 4585/4585/4309 4584/4584/4308 4521/4521/4245
f 4575/4575/4299 4584/4584/4308 4585/4585/4309
f 4577/4577/4301 4575/4575/4299 4585/4585/4309
f 4575/4575/4299 4578/4578/4302 4574/4574/4298
f 4506/4506/4232 4586/4586/4303 4509/4509/4234
f 4587/4587/4310 4509/4509/4234 4586/4586/4303
f 4588/4588/4311 4589/4589/4245 4520/4520/4241
f 4508/4508/4232 4580/4580/4304 4579/4579/4303
f 4590/4590/4305 4591/4591/4312 4586/4586/4303
f 4592/4592/4309 4589/4589/4245 4588/4588/4311
f 4593/4593/4313 4577/4577/4301 4585/4585/4309
f 4514/4514/4239 4521/4521/4245 4583/4583/4307
f 4517/4517/4242 4588/4588/4311 4520/4520/4241
f 4594/4594/4314 3227/3227/3053 4522/4522/4246
f 3319/3319/3144 3317/3317/3142 4594/4594/4314
f 4594/4594/4314 3317/3317/3142 3227/3227/3053
f 4595/4595/4315 3320/3320/3145 3319/3319/3144
f 3321/3321/3146 3320/3320/3145 4595/4595/4315
f 3228/3228/3054 3322/3322/3147 4524/4524/4248
f 4523/4523/4247 4524/4524/4248 4526/4526/4250
f 4526/4526/4250 4524/4524/4248 4596/4596/4316
f 3322/3322/3147 3323/3323/3148 4596/4596/4316
f 4524/4524/4248 3322/3322/3147 4596/4596/4316
f 4597/4597/4317 3323/3323/3148 3324/3324/3149
f 4596/4596/4316 3323/3323/3148 4597/4597/4317
f 4597/4597/4317 3324/3324/3149 3325/3325/3150
f 4597/4597/4317 3325/3325/3150 4598/4598/4318
f 4599/4599/4319 4594/4594/4314 4522/4522/4246
f 4599/4599/4319 4522/4522/4246 4527/4527/4251
f 4600/4600/4320 4599/4599/4319 4527/4527/4251
f 3319/3319/3144 4594/4594/4314 4599/4599/4319
f 4601/4601/4321 3319/3319/3144 4599/4599/4319
f 4601/4601/4321 4599/4599/4319 4600/4600/4320
f 4601/4601/4321 4595/4595/4315 3319/3319/3144
f 4602/4602/4322 3321/3321/3146 4595/4595/4315
f 4602/4602/4322 4595/4595/4315 4601/4601/4321
f 4603/4603/4323 4602/4602/4322 4601/4601/4321
f 4604/4604/4324 4605/4605/4325 4606/4606/4326
f 4607/4607/4327 4606/4606/4326 4608/4608/4328
f 4604/4604/4324 4606/4606/4326 4607/4607/4327
f 4525/4525/4249 4526/4526/4250 4529/4529/4253
f 4526/4526/4250 4596/4596/4316 4609/4609/4329
f 4529/4529/4253 4526/4526/4250 4609/4609/4329
f 4609/4609/4329 4596/4596/4316 4597/4597/4317
f 4609/4609/4329 4597/4597/4317 4610/4610/4330
f 4597/4597/4317 4598/4598/4318 4610/4610/4330
f 4611/4611/4331 4610/4610/4330 4598/4598/4318
f 4612/4612/4332 4610/4610/4330 4611/4611/4331
f 4531/4531/4255 4600/4600/4320 4527/4527/4251
f 4613/4613/4333 4600/4600/4320 4531/4531/4255
f 4613/4613/4333 4531/4531/4255 4532/4532/4256
f 4613/4613/4333 4601/4601/4321 4600/4600/4320
f 4614/4614/4334 4601/4601/4321 4613/4613/4333
f 4613/4613/4333 4615/4615/4335 4614/4614/4334
f 4601/4601/4321 4614/4614/4334 4603/4603/4323
f 4608/4608/4328 4602/4602/4322 4603/4603/4323
f 4616/4616/4336 4608/4608/4328 4603/4603/4323
f 4607/4607/4327 4608/4608/4328 4616/4616/4336
f 4617/4617/4337 4607/4607/4327 4616/4616/4336
f 4616/4616/4336 4603/4603/4323 4614/4614/4334
f 4617/4617/4337 4604/4604/4324 4607/4607/4327
f 4618/4618/4338 4604/4604/4324 4617/4617/4337
f 4618/4618/4338 4617/4617/4337 4619/4619/4339
f 4529/4529/4253 4609/4609/4329 4534/4534/4258
f 4534/4534/4258 4620/4620/4340 4538/4538/4262
f 4534/4534/4258 4609/4609/4329 4620/4620/4340
f 4609/4609/4329 4610/4610/4330 4620/4620/4340
f 4620/4620/4340 4621/4621/4341 4622/4622/4342
f 4620/4620/4340 4610/4610/4330 4612/4612/4332
f 4620/4620/4340 4612/4612/4332 4621/4621/4341
f 4621/4621/4341 4612/4612/4332 4623/4623/4343
f 4611/4611/4331 4624/4624/4344 4623/4623/4343
f 4623/4623/4343 4612/4612/4332 4611/4611/4331
f 4625/4625/4345 4623/4623/4343 4624/4624/4344
f 4626/4626/4346 4627/4627/4347 4628/4628/4348
f 4628/4628/4348 4627/4627/4347 4629/4629/4349
f 4630/4630/4350 4536/4536/4260 4544/4544/4268
f 4631/4631/4351 4630/4630/4350 4544/4544/4268
f 4613/4613/4333 4532/4532/4256 4536/4536/4260
f 4615/4615/4335 4613/4613/4333 4536/4536/4260
f 4536/4536/4260 4630/4630/4350 4615/4615/4335
f 4631/4631/4351 4615/4615/4335 4630/4630/4350
f 4632/4632/4352 4633/4633/4353 4631/4631/4351
f 4633/4633/4353 4614/4614/4334 4615/4615/4335
f 4632/4632/4352 4617/4617/4337 4633/4633/4353
f 4633/4633/4353 4615/4615/4335 4631/4631/4351
f 4616/4616/4336 4614/4614/4334 4633/4633/4353
f 4616/4616/4336 4633/4633/4353 4617/4617/4337
f 4619/4619/4339 4617/4617/4337 4632/4632/4352
f 4619/4619/4339 4632/4632/4352 4634/4634/4354
f 4635/4635/4355 4636/4636/4356 4619/4619/4339
f 4635/4635/4355 4619/4619/4339 4634/4634/4354
f 4635/4635/4355 4634/4634/4354 4637/4637/4357
f 4553/4553/4277 4539/4539/4263 4538/4538/4262
f 4553/4553/4277 4538/4538/4262 4622/4622/4342
f 4553/4553/4277 4622/4622/4342 4638/4638/4358
f 4538/4538/4262 4620/4620/4340 4622/4622/4342
f 4622/4622/4342 4621/4621/4341 4638/4638/4358
f 4639/4639/4359 4635/4635/4355 4637/4637/4357
f 4639/4639/4359 4637/4637/4357 4640/4640/4360
f 4641/4641/4361 4639/4639/4359 4640/4640/4360
f 4638/4638/4358 4621/4621/4341 4623/4623/4343
f 4642/4642/4362 4638/4638/4358 4625/4625/4345
f 4642/4642/4362 4625/4625/4345 4643/4643/4363
f 4643/4643/4363 4625/4625/4345 4644/4644/4364
f 4625/4625/4345 4638/4638/4358 4623/4623/4343
f 4625/4625/4345 4624/4624/4344 4628/4628/4348
f 4645/4645/4365 4642/4642/4362 4643/4643/4363
f 4643/4643/4363 4644/4644/4364 4646/4646/4366
f 4644/4644/4364 4625/4625/4345 4628/4628/4348
f 4644/4644/4364 4628/4628/4348 4647/4647/4367
f 4647/4647/4367 4628/4628/4348 4629/4629/4349
f 4645/4645/4365 4643/4643/4363 4648/4648/4368
f 4643/4643/4363 4649/4649/4369 4648/4648/4368
f 4643/4643/4363 4646/4646/4366 4649/4649/4369
f 4644/4644/4364 4647/4647/4367 4646/4646/4366
f 4646/4646/4366 4647/4647/4367 4650/4650/4370
f 4646/4646/4366 4650/4650/4370 4651/4651/4371
f 4647/4647/4367 4629/4629/4349 4650/4650/4370
f 4547/4547/4271 4546/4546/4270 4631/4631/4351
f 4547/4547/4271 4544/4544/4268 4543/4543/4267
f 4632/4632/4352 4631/4631/4351 4546/4546/4270
f 4547/4547/4271 4631/4631/4351 4544/4544/4268
f 4560/4560/4284 4546/4546/4270 4545/4545/4269
f 4652/4652/4372 4634/4634/4354 4546/4546/4270
f 4634/4634/4354 4632/4632/4352 4546/4546/4270
f 4560/4560/4284 4652/4652/4372 4546/4546/4270
f 4637/4637/4357 4652/4652/4372 4560/4560/4284
f 4637/4637/4357 4560/4560/4284 4653/4653/4373
f 4654/4654/4374 4637/4637/4357 4653/4653/4373
f 4634/4634/4354 4652/4652/4372 4637/4637/4357
f 4552/4552/4276 4553/4553/4277 4566/4566/4290
f 4553/4553/4277 4638/4638/4358 4566/4566/4290
f 4655/4655/4375 4640/4640/4360 4654/4654/4374
f 4655/4655/4375 4654/4654/4374 4656/4656/4376
f 4640/4640/4360 4637/4637/4357 4654/4654/4374
f 4641/4641/4361 4640/4640/4360 4655/4655/4375
f 4570/4570/4294 4566/4566/4290 4657/4657/4377
f 4570/4570/4294 4657/4657/4377 4658/4658/4378
f 4638/4638/4358 4642/4642/4362 4657/4657/4377
f 4657/4657/4377 4566/4566/4290 4638/4638/4358
f 4659/4659/4379 4657/4657/4377 4642/4642/4362
f 4660/4660/4380 4655/4655/4375 4656/4656/4376
f 4661/4661/4381 4662/4662/4382 4660/4660/4380
f 4655/4655/4375 4660/4660/4380 4662/4662/4382
f 4663/4663/4383 4641/4641/4361 4655/4655/4375
f 4663/4663/4383 4655/4655/4375 4662/4662/4382
f 4571/4571/4295 4570/4570/4294 4658/4658/4378
f 4657/4657/4377 4659/4659/4379 4658/4658/4378
f 4659/4659/4379 4645/4645/4365 4664/4664/4384
f 4658/4658/4378 4659/4659/4379 4664/4664/4384
f 4642/4642/4362 4645/4645/4365 4659/4659/4379
f 4665/4665/4385 4663/4663/4383 4662/4662/4382
f 4571/4571/4295 4666/4666/4386 4576/4576/4300
f 4571/4571/4295 4658/4658/4378 4666/4666/4386
f 4658/4658/4378 4664/4664/4384 4667/4667/4387
f 4666/4666/4386 4658/4658/4378 4667/4667/4387
f 4664/4664/4384 4645/4645/4365 4648/4648/4368
f 4667/4667/4387 4664/4664/4384 4648/4648/4368
f 4661/4661/4381 4668/4668/4388 4662/4662/4382
f 4668/4668/4388 4661/4661/4381 4669/4669/4389
f 4670/4670/4390 4668/4668/4388 4669/4669/4389
f 4668/4668/4388 4665/4665/4385 4662/4662/4382
f 4668/4668/4388 4671/4671/4391 4665/4665/4385
f 4653/4653/4373 4560/4560/4284 4559/4559/4283
f 4564/4564/4288 4653/4653/4373 4559/4559/4283
f 4672/4672/4392 4564/4564/4288 4567/4567/4291
f 4572/4572/4296 4672/4672/4392 4567/4567/4291
f 4654/4654/4374 4653/4653/4373 4564/4564/4288
f 4672/4672/4392 4654/4654/4374 4564/4564/4288
f 4656/4656/4376 4654/4654/4374 4672/4672/4392
f 4574/4574/4298 4672/4672/4392 4572/4572/4296
f 4656/4656/4376 4672/4672/4392 4574/4574/4298
f 4574/4574/4298 4660/4660/4380 4656/4656/4376
f 4661/4661/4381 4660/4660/4380 4574/4574/4298
f 4578/4578/4302 4673/4673/4393 4574/4574/4298
f 4661/4661/4381 4574/4574/4298 4673/4673/4393
f 4577/4577/4301 4674/4674/4394 4578/4578/4302
f 4578/4578/4302 4669/4669/4389 4673/4673/4393
f 4669/4669/4389 4578/4578/4302 4674/4674/4394
f 4669/4669/4389 4661/4661/4381 4673/4673/4393
f 3376/3376/3201 3356/3356/3181 3355/3355/3180
f 4675/4675/4395 3355/3355/3180 3321/3321/3146
f 3376/3376/3201 3355/3355/3180 4675/4675/4395
f 4675/4675/4395 3321/3321/3146 4602/4602/4322
f 4605/4605/4325 3375/3375/3200 3376/3376/3201
f 4676/4676/4396 3375/3375/3200 4605/4605/4325
f 3377/3377/3202 3375/3375/3200 4676/4676/4396
f 3378/3378/3203 3377/3377/3202 4676/4676/4396
f 3378/3378/3203 4676/4676/4396 4677/4677/4397
f 3380/3380/3205 3379/3379/3204 3378/3378/3203
f 3380/3380/3205 3378/3378/3203 4677/4677/4397
f 4678/4678/4398 3380/3380/3205 4677/4677/4397
f 4678/4678/4398 4677/4677/4397 4679/4679/4399
f 3384/3384/3209 3380/3380/3205 4678/4678/4398
f 4598/4598/4318 3325/3325/3150 3382/3382/3207
f 4598/4598/4318 3382/3382/3207 4680/4680/4400
f 3384/3384/3209 4681/4681/4401 4682/4682/4402
f 4681/4681/4401 3384/3384/3209 4678/4678/4398
f 4683/4683/4403 4682/4682/4402 4681/4681/4401
f 4682/4682/4402 3383/3383/3208 3384/3384/3209
f 3382/3382/3207 3385/3385/3210 4684/4684/4404
f 4680/4680/4400 3382/3382/3207 4684/4684/4404
f 4684/4684/4404 3385/3385/3210 4685/4685/4405
f 3387/3387/3212 3383/3383/3208 4682/4682/4402
f 4686/4686/4406 3387/3387/3212 4682/4682/4402
f 3390/3390/3215 3387/3387/3212 4686/4686/4406
f 4685/4685/4405 3385/3385/3210 3386/3386/3211
f 4684/4684/4404 4685/4685/4405 4687/4687/4407
f 4685/4685/4405 3386/3386/3211 3388/3388/3213
f 4687/4687/4407 4685/4685/4405 3388/3388/3213
f 3391/3391/3216 3390/3390/3215 4688/4688/4408
f 4688/4688/4408 3390/3390/3215 4686/4686/4406
f 4689/4689/4409 3391/3391/3216 4688/4688/4408
f 3388/3388/3213 3392/3392/3217 4690/4690/4410
f 4687/4687/4407 3388/3388/3213 4691/4691/4411
f 4691/4691/4411 3388/3388/3213 4690/4690/4410
f 4691/4691/4411 4690/4690/4410 4692/4692/4412
f 3393/3393/3218 3389/3389/3214 3391/3391/3216
f 4693/4693/4413 3393/3393/3218 3391/3391/3216
f 4693/4693/4413 3391/3391/3216 4689/4689/4409
f 4608/4608/4328 4675/4675/4395 4602/4602/4322
f 3376/3376/3201 4675/4675/4395 4608/4608/4328
f 4606/4606/4326 3376/3376/3201 4608/4608/4328
f 3376/3376/3201 4606/4606/4326 4605/4605/4325
f 4618/4618/4338 4605/4605/4325 4604/4604/4324
f 4694/4694/4414 4605/4605/4325 4618/4618/4338
f 4694/4694/4414 4676/4676/4396 4605/4605/4325
f 4677/4677/4397 4676/4676/4396 4694/4694/4414
f 4679/4679/4399 4677/4677/4397 4694/4694/4414
f 4611/4611/4331 4598/4598/4318 4695/4695/4415
f 4683/4683/4403 4678/4678/4398 4696/4696/4416
f 4696/4696/4416 4678/4678/4398 4679/4679/4399
f 4697/4697/4417 4683/4683/4403 4696/4696/4416
f 4683/4683/4403 4681/4681/4401 4678/4678/4398
f 4695/4695/4415 4598/4598/4318 4680/4680/4400
f 4680/4680/4400 4684/4684/4404 4698/4698/4418
f 4695/4695/4415 4680/4680/4400 4698/4698/4418
f 4695/4695/4415 4698/4698/4418 4699/4699/4419
f 4699/4699/4419 4698/4698/4418 4700/4700/4420
f 4698/4698/4418 4684/4684/4404 4700/4700/4420
f 4700/4700/4420 4684/4684/4404 4687/4687/4407
f 4686/4686/4406 4682/4682/4402 4683/4683/4403
f 4701/4701/4421 4686/4686/4406 4683/4683/4403
f 4702/4702/4422 4686/4686/4406 4701/4701/4421
f 4701/4701/4421 4683/4683/4403 4697/4697/4417
f 4687/4687/4407 4691/4691/4411 4703/4703/4423
f 4700/4700/4420 4687/4687/4407 4703/4703/4423
f 4700/4700/4420 4703/4703/4423 4704/4704/4424
f 4705/4705/4425 4688/4688/4408 4702/4702/4422
f 4705/4705/4425 4689/4689/4409 4688/4688/4408
f 4706/4706/4426 4705/4705/4425 4702/4702/4422
f 4686/4686/4406 4702/4702/4422 4688/4688/4408
f 4707/4707/4427 4704/4704/4424 4708/4708/4428
f 4709/4709/4429 4691/4691/4411 4692/4692/4412
f 4703/4703/4423 4691/4691/4411 4709/4709/4429
f 4709/4709/4429 4710/4710/4430 4708/4708/4428
f 4703/4703/4423 4709/4709/4429 4704/4704/4424
f 4704/4704/4424 4709/4709/4429 4708/4708/4428
f 4706/4706/4426 4711/4711/4431 4705/4705/4425
f 4712/4712/4432 4711/4711/4431 4706/4706/4426
f 4711/4711/4431 4693/4693/4413 4689/4689/4409
f 4689/4689/4409 4705/4705/4425 4711/4711/4431
f 4636/4636/4356 4618/4618/4338 4619/4619/4339
f 4694/4694/4414 4618/4618/4338 4636/4636/4356
f 4679/4679/4399 4694/4694/4414 4636/4636/4356
f 4679/4679/4399 4636/4636/4356 4713/4713/4433
f 4714/4714/4434 4679/4679/4399 4713/4713/4433
f 4697/4697/4417 4714/4714/4434 4715/4715/4435
f 4716/4716/4436 4697/4697/4417 4715/4715/4435
f 4714/4714/4434 4713/4713/4433 4717/4717/4437
f 4715/4715/4435 4714/4714/4434 4717/4717/4437
f 4696/4696/4416 4679/4679/4399 4714/4714/4434
f 4697/4697/4417 4696/4696/4416 4714/4714/4434
f 4611/4611/4331 4695/4695/4415 4624/4624/4344
f 4624/4624/4344 4695/4695/4415 4699/4699/4419
f 4715/4715/4435 4717/4717/4437 4718/4718/4438
f 4716/4716/4436 4701/4701/4421 4697/4697/4417
f 4702/4702/4422 4701/4701/4421 4716/4716/4436
f 4719/4719/4439 4702/4702/4422 4716/4716/4436
f 4720/4720/4440 4716/4716/4436 4715/4715/4435
f 4719/4719/4439 4716/4716/4436 4720/4720/4440
f 4624/4624/4344 4699/4699/4419 4626/4626/4346
f 4628/4628/4348 4624/4624/4344 4626/4626/4346
f 4626/4626/4346 4721/4721/4441 4627/4627/4347
f 4699/4699/4419 4700/4700/4420 4704/4704/4424
f 4626/4626/4346 4704/4704/4424 4721/4721/4441
f 4721/4721/4441 4704/4704/4424 4707/4707/4427
f 4699/4699/4419 4704/4704/4424 4626/4626/4346
f 4722/4722/4442 4719/4719/4439 4720/4720/4440
f 4706/4706/4426 4702/4702/4422 4719/4719/4439
f 4721/4721/4441 4723/4723/4443 4627/4627/4347
f 4723/4723/4443 4721/4721/4441 4707/4707/4427
f 4724/4724/4444 4712/4712/4432 4722/4722/4442
f 4725/4725/4445 4712/4712/4432 4724/4724/4444
f 4712/4712/4432 4706/4706/4426 4719/4719/4439
f 4712/4712/4432 4719/4719/4439 4722/4722/4442
f 4635/4635/4355 4713/4713/4433 4636/4636/4356
f 4639/4639/4359 4713/4713/4433 4635/4635/4355
f 4641/4641/4361 4718/4718/4438 4639/4639/4359
f 4639/4639/4359 4717/4717/4437 4713/4713/4433
f 4718/4718/4438 4717/4717/4437 4639/4639/4359
f 4726/4726/4446 4641/4641/4361 4663/4663/4383
f 4727/4727/4447 4720/4720/4440 4726/4726/4446
f 4718/4718/4438 4641/4641/4361 4726/4726/4446
f 4720/4720/4440 4715/4715/4435 4718/4718/4438
f 4726/4726/4446 4720/4720/4440 4718/4718/4438
f 4727/4727/4447 4726/4726/4446 4663/4663/4383
f 4727/4727/4447 4663/4663/4383 4665/4665/4385
f 4665/4665/4385 4728/4728/4448 4727/4727/4447
f 4728/4728/4448 4720/4720/4440 4727/4727/4447
f 4720/4720/4440 4728/4728/4448 4722/4722/4442
f 4729/4729/4449 4728/4728/4448 4665/4665/4385
f 4729/4729/4449 4665/4665/4385 4671/4671/4391
f 4724/4724/4444 4722/4722/4442 4728/4728/4448
f 4724/4724/4444 4728/4728/4448 4729/4729/4449
f 2688/2688/2530 2075/2075/1986 4143/4143/3888
f 4730/4730/4450 4142/4142/3887 2074/2074/1985
f 4730/4730/4450 2074/2074/1985 2687/2687/2529
f 4143/4143/3888 4731/4731/4451 2688/2688/2530
f 4146/4146/3891 4142/4142/3887 4730/4730/4450
f 4732/4732/4452 4146/4146/3891 4730/4730/4450
f 4731/4731/4451 4143/4143/3888 4145/4145/3890
f 2689/2689/2531 2688/2688/2530 4733/4733/4453
f 2688/2688/2530 4731/4731/4451 4734/4734/4454
f 4733/4733/4453 2688/2688/2530 4734/4734/4454
f 4732/4732/4452 4730/4730/4450 2697/2697/2539
f 2692/2692/2534 2689/2689/2531 4733/4733/4453
f 4733/4733/4453 4734/4734/4454 4735/4735/4455
f 2693/2693/2535 2692/2692/2534 4736/4736/4456
f 2693/2693/2535 4736/4736/4456 4737/4737/4457
f 2692/2692/2534 4733/4733/4453 4735/4735/4455
f 4736/4736/4456 2692/2692/2534 4735/4735/4455
f 4737/4737/4457 4736/4736/4456 4738/4738/4458
f 4736/4736/4456 4735/4735/4455 4739/4739/4459
f 4738/4738/4458 4736/4736/4456 4739/4739/4459
f 2695/2695/2537 2693/2693/2535 4737/4737/4457
f 2694/2694/2536 2695/2695/2537 4740/4740/4460
f 2695/2695/2537 4737/4737/4457 4741/4741/4461
f 4740/4740/4460 2695/2695/2537 4741/4741/4461
f 4741/4741/4461 4737/4737/4457 4742/4742/4462
f 4737/4737/4457 4738/4738/4458 4742/4742/4462
f 4730/4730/4450 2687/2687/2529 2690/2690/2532
f 2697/2697/2539 4730/4730/4450 2690/2690/2532
f 2697/2697/2539 2696/2696/2538 2698/2698/2540
f 4743/4743/4463 2697/2697/2539 2698/2698/2540
f 4743/4743/4463 4732/4732/4452 2697/2697/2539
f 4744/4744/4464 4743/4743/4463 2698/2698/2540
f 2699/2699/2541 4744/4744/4464 2698/2698/2540
f 2700/2700/2542 2694/2694/2536 4740/4740/4460
f 2700/2700/2542 4740/4740/4460 4745/4745/4465
f 4746/4746/4466 4744/4744/4464 2699/2699/2541
f 4746/4746/4466 2699/2699/2541 2701/2701/2543
f 4747/4747/4467 2701/2701/2543 2683/2683/2525
f 2684/2684/2526 2682/2682/2524 4748/4748/4468
f 4747/4747/4467 2683/2683/2525 2703/2703/2545
f 2685/2685/2527 4749/4749/4469 2708/2708/2550
f 2684/2684/2526 4748/4748/4468 4749/4749/4469
f 2685/2685/2527 2684/2684/2526 4749/4749/4469
f 2682/2682/2524 2700/2700/2542 4748/4748/4468
f 4750/4750/4470 2703/2703/2545 2706/2706/2548
f 2704/2704/2546 2708/2708/2550 4751/4751/4471
f 2704/2704/2546 4751/4751/4471 2709/2709/2551
f 4748/4748/4468 2700/2700/2542 4745/4745/4465
f 4746/4746/4466 2701/2701/2543 4747/4747/4467
f 4750/4750/4470 4752/4752/4472 2703/2703/2545
f 2707/2707/2549 4750/4750/4470 2706/2706/2548
f 4747/4747/4467 2703/2703/2545 4752/4752/4472
f 4749/4749/4469 4753/4753/4473 2708/2708/2550
f 4745/4745/4465 4740/4740/4460 4754/4754/4474
f 4748/4748/4468 4745/4745/4465 4754/4754/4474
f 4748/4748/4468 4755/4755/4475 4749/4749/4469
f 4756/4756/4476 4750/4750/4470 2707/2707/2549
f 4751/4751/4471 4756/4756/4476 2707/2707/2549
f 4751/4751/4471 2707/2707/2549 2709/2709/2551
f 4748/4748/4468 4754/4754/4474 4755/4755/4475
f 2708/2708/2550 4753/4753/4473 4751/4751/4471
f 4145/4145/3890 4201/4201/3944 4757/4757/4477
f 4758/4758/4478 4202/4202/3945 4146/4146/3891
f 4731/4731/4451 4145/4145/3890 4757/4757/4477
f 4757/4757/4477 4201/4201/3944 4204/4204/3947
f 4758/4758/4478 4262/4262/4002 4202/4202/3945
f 4758/4758/4478 4759/4759/4479 4262/4262/4002
f 4262/4262/4002 4203/4203/3946 4202/4202/3945
f 4757/4757/4477 4204/4204/3947 4760/4760/4480
f 4734/4734/4454 4731/4731/4451 4761/4761/4481
f 4758/4758/4478 4146/4146/3891 4732/4732/4452
f 4731/4731/4451 4757/4757/4477 4761/4761/4481
f 4757/4757/4477 4760/4760/4480 4761/4761/4481
f 4761/4761/4481 4760/4760/4480 4762/4762/4482
f 4734/4734/4454 4761/4761/4481 4762/4762/4482
f 4762/4762/4482 4760/4760/4480 4205/4205/3948
f 4735/4735/4455 4734/4734/4454 4763/4763/4483
f 4758/4758/4478 4732/4732/4452 4743/4743/4463
f 4758/4758/4478 4743/4743/4463 4764/4764/4484
f 4765/4765/4485 4764/4764/4484 4743/4743/4463
f 4763/4763/4483 4734/4734/4454 4766/4766/4486
f 4734/4734/4454 4762/4762/4482 4766/4766/4486
f 4764/4764/4484 4759/4759/4479 4758/4758/4478
f 4762/4762/4482 4767/4767/4487 4766/4766/4486
f 4739/4739/4459 4735/4735/4455 4763/4763/4483
f 4739/4739/4459 4763/4763/4483 4768/4768/4488
f 4768/4768/4488 4763/4763/4483 4766/4766/4486
f 4769/4769/4489 4764/4764/4484 4765/4765/4485
f 4740/4740/4460 4741/4741/4461 4770/4770/4490
f 4754/4754/4474 4740/4740/4460 4770/4770/4490
f 4741/4741/4461 4742/4742/4462 4770/4770/4490
f 4738/4738/4458 4739/4739/4459 4742/4742/4462
f 4770/4770/4490 4742/4742/4462 4771/4771/4491
f 4742/4742/4462 4739/4739/4459 4772/4772/4492
f 4739/4739/4459 4768/4768/4488 4772/4772/4492
f 4742/4742/4462 4772/4772/4492 4771/4771/4491
f 4754/4754/4474 4770/4770/4490 4773/4773/4493
f 4773/4773/4493 4770/4770/4490 4771/4771/4491
f 4744/4744/4464 4765/4765/4485 4743/4743/4463
f 4769/4769/4489 4765/4765/4485 4744/4744/4464
f 4774/4774/4494 4769/4769/4489 4744/4744/4464
f 4774/4774/4494 4744/4744/4464 4746/4746/4466
f 4774/4774/4494 4775/4775/4495 4769/4769/4489
f 4776/4776/4496 4747/4747/4467 4752/4752/4472
f 4749/4749/4469 4755/4755/4475 4777/4777/4497
f 4750/4750/4470 4776/4776/4496 4752/4752/4472
f 4778/4778/4498 4750/4750/4470 4756/4756/4476
f 4751/4751/4471 4753/4753/4473 4756/4756/4476
f 4749/4749/4469 4777/4777/4497 4753/4753/4473
f 4779/4779/4499 4776/4776/4496 4750/4750/4470
f 4756/4756/4476 4753/4753/4473 4778/4778/4498
f 4755/4755/4475 4754/4754/4474 4773/4773/4493
f 4776/4776/4496 4746/4746/4466 4747/4747/4467
f 4778/4778/4498 4779/4779/4499 4750/4750/4470
f 4774/4774/4494 4746/4746/4466 4776/4776/4496
f 4755/4755/4475 4773/4773/4493 4777/4777/4497
f 4753/4753/4473 4777/4777/4497 4780/4780/4500
f 4753/4753/4473 4780/4780/4500 4781/4781/4501
f 4753/4753/4473 4781/4781/4501 4778/4778/4498
f 4782/4782/4502 4774/4774/4494 4776/4776/4496
f 4782/4782/4502 4776/4776/4496 4779/4779/4499
f 4783/4783/4503 4779/4779/4499 4778/4778/4498
f 4781/4781/4501 4783/4783/4503 4778/4778/4498
f 4760/4760/4480 4204/4204/3947 4205/4205/3948
f 4265/4265/4005 4261/4261/4001 4262/4262/4002
f 4784/4784/4504 4205/4205/3948 4263/4263/4003
f 4785/4785/4505 4262/4262/4002 4759/4759/4479
f 4785/4785/4505 4265/4265/4005 4262/4262/4002
f 4785/4785/4505 4786/4786/4506 4265/4265/4005
f 4784/4784/4504 4263/4263/4003 4266/4266/4006
f 4762/4762/4482 4205/4205/3948 4767/4767/4487
f 4205/4205/3948 4784/4784/4504 4787/4787/4507
f 4767/4767/4487 4205/4205/3948 4787/4787/4507
f 4787/4787/4507 4784/4784/4504 4788/4788/4508
f 4785/4785/4505 4759/4759/4479 4764/4764/4484
f 4789/4789/4509 4785/4785/4505 4764/4764/4484
f 4767/4767/4487 4787/4787/4507 4790/4790/4510
f 4786/4786/4506 4785/4785/4505 4789/4789/4509
f 4790/4790/4510 4787/4787/4507 4788/4788/4508
f 4790/4790/4510 4788/4788/4508 4791/4791/4511
f 4766/4766/4486 4767/4767/4487 4768/4768/4488
f 4792/4792/4512 4789/4789/4509 4764/4764/4484
f 4792/4792/4512 4764/4764/4484 4769/4769/4489
f 4768/4768/4488 4767/4767/4487 4793/4793/4513
f 4793/4793/4513 4767/4767/4487 4790/4790/4510
f 4768/4768/4488 4793/4793/4513 4794/4794/4514
f 4794/4794/4514 4793/4793/4513 4795/4795/4515
f 4790/4790/4510 4796/4796/4516 4793/4793/4513
f 4772/4772/4492 4797/4797/4517 4771/4771/4491
f 4792/4792/4512 4769/4769/4489 4775/4775/4495
f 4772/4772/4492 4768/4768/4488 4794/4794/4514
f 4798/4798/4518 4772/4772/4492 4794/4794/4514
f 4772/4772/4492 4798/4798/4518 4797/4797/4517
f 4798/4798/4518 4799/4799/4519 4797/4797/4517
f 4775/4775/4495 4800/4800/4520 4792/4792/4512
f 4798/4798/4518 4794/4794/4514 4795/4795/4515
f 4773/4773/4493 4771/4771/4491 4797/4797/4517
f 4773/4773/4493 4797/4797/4517 4801/4801/4521
f 4773/4773/4493 4801/4801/4521 4802/4802/4522
f 4803/4803/4523 4775/4775/4495 4782/4782/4502
f 4797/4797/4517 4799/4799/4519 4804/4804/4524
f 4801/4801/4521 4797/4797/4517 4804/4804/4524
f 4801/4801/4521 4804/4804/4524 4802/4802/4522
f 4805/4805/4525 4803/4803/4523 4782/4782/4502
f 4802/4802/4522 4806/4806/4526 4807/4807/4527
f 4782/4782/4502 4775/4775/4495 4774/4774/4494
f 4777/4777/4497 4773/4773/4493 4802/4802/4522
f 4780/4780/4500 4777/4777/4497 4802/4802/4522
f 4781/4781/4501 4780/4780/4500 4808/4808/4528
f 4780/4780/4500 4802/4802/4522 4807/4807/4527
f 4780/4780/4500 4807/4807/4527 4808/4808/4528
f 4783/4783/4503 4809/4809/4529 4779/4779/4499
f 4808/4808/4528 4783/4783/4503 4781/4781/4501
f 4809/4809/4529 4810/4810/4530 4779/4779/4499
f 4808/4808/4528 4809/4809/4529 4783/4783/4503
f 4810/4810/4530 4782/4782/4502 4779/4779/4499
f 4808/4808/4528 4807/4807/4527 4811/4811/4531
f 4810/4810/4530 4805/4805/4525 4782/4782/4502
f 4808/4808/4528 4811/4811/4531 4809/4809/4529
f 4805/4805/4525 4810/4810/4530 4812/4812/4532
f 4809/4809/4529 4812/4812/4532 4810/4810/4530
f 4318/4318/4057 4320/4320/4059 4319/4319/4058
f 4319/4319/4058 4320/4320/4059 4813/4813/4533
f 4813/4813/4533 4320/4320/4059 4384/4384/4117
f 4813/4813/4533 4384/4384/4117 4814/4814/4534
f 4815/4815/4535 4813/4813/4533 4814/4814/4534
f 4815/4815/4535 4814/4814/4534 4816/4816/4536
f 4817/4817/4537 4815/4815/4535 4816/4816/4536
f 4818/4818/4538 4264/4264/4004 4265/4265/4005
f 4818/4818/4538 4265/4265/4005 4786/4786/4506
f 4319/4319/4058 4813/4813/4533 4266/4266/4006
f 4326/4326/4064 4264/4264/4004 4818/4818/4538
f 4326/4326/4064 4819/4819/4539 4327/4327/4065
f 4818/4818/4538 4819/4819/4539 4326/4326/4064
f 4784/4784/4504 4266/4266/4006 4820/4820/4540
f 4784/4784/4504 4820/4820/4540 4788/4788/4508
f 4820/4820/4540 4266/4266/4006 4813/4813/4533
f 4821/4821/4541 4818/4818/4538 4786/4786/4506
f 4820/4820/4540 4813/4813/4533 4815/4815/4535
f 4822/4822/4542 4819/4819/4539 4818/4818/4538
f 4822/4822/4542 4818/4818/4538 4821/4821/4541
f 4788/4788/4508 4820/4820/4540 4791/4791/4511
f 4789/4789/4509 4821/4821/4541 4786/4786/4506
f 4823/4823/4543 4821/4821/4541 4789/4789/4509
f 4791/4791/4511 4820/4820/4540 4817/4817/4537
f 4820/4820/4540 4815/4815/4535 4817/4817/4537
f 4822/4822/4542 4821/4821/4541 4823/4823/4543
f 4817/4817/4537 4816/4816/4536 4824/4824/4544
f 4825/4825/4545 4822/4822/4542 4823/4823/4543
f 4796/4796/4516 4790/4790/4510 4791/4791/4511
f 4793/4793/4513 4796/4796/4516 4795/4795/4515
f 4826/4826/4546 4789/4789/4509 4792/4792/4512
f 4826/4826/4546 4823/4823/4543 4789/4789/4509
f 4796/4796/4516 4791/4791/4511 4824/4824/4544
f 4791/4791/4511 4817/4817/4537 4824/4824/4544
f 4826/4826/4546 4825/4825/4545 4823/4823/4543
f 4827/4827/4547 4825/4825/4545 4826/4826/4546
f 4798/4798/4518 4795/4795/4515 4828/4828/4548
f 4799/4799/4519 4798/4798/4518 4828/4828/4548
f 4800/4800/4520 4826/4826/4546 4792/4792/4512
f 4795/4795/4515 4796/4796/4516 4828/4828/4548
f 4828/4828/4548 4796/4796/4516 4829/4829/4549
f 4799/4799/4519 4828/4828/4548 4830/4830/4550
f 4831/4831/4551 4826/4826/4546 4800/4800/4520
f 4829/4829/4549 4796/4796/4516 4824/4824/4544
f 4828/4828/4548 4832/4832/4552 4830/4830/4550
f 4827/4827/4547 4826/4826/4546 4831/4831/4551
f 4833/4833/4553 4827/4827/4547 4831/4831/4551
f 4802/4802/4522 4804/4804/4524 4806/4806/4526
f 4804/4804/4524 4799/4799/4519 4834/4834/4554
f 4804/4804/4524 4834/4834/4554 4806/4806/4526
f 4800/4800/4520 4775/4775/4495 4803/4803/4523
f 4834/4834/4554 4799/4799/4519 4830/4830/4550
f 4806/4806/4526 4834/4834/4554 4835/4835/4555
f 4803/4803/4523 4836/4836/4556 4800/4800/4520
f 4807/4807/4527 4806/4806/4526 4835/4835/4555
f 4812/4812/4532 4837/4837/4557 4805/4805/4525
f 4807/4807/4527 4835/4835/4555 4838/4838/4558
f 4836/4836/4556 4831/4831/4551 4800/4800/4520
f 4837/4837/4557 4803/4803/4523 4805/4805/4525
f 4839/4839/4559 4837/4837/4557 4812/4812/4532
f 4838/4838/4558 4835/4835/4555 4840/4840/4560
f 4834/4834/4554 4830/4830/4550 4841/4841/4561
f 4837/4837/4557 4836/4836/4556 4803/4803/4523
f 4830/4830/4550 4832/4832/4552 4841/4841/4561
f 4837/4837/4557 4842/4842/4562 4836/4836/4556
f 4836/4836/4556 4833/4833/4553 4831/4831/4551
f 4843/4843/4563 4809/4809/4529 4811/4811/4531
f 4811/4811/4531 4807/4807/4527 4838/4838/4558
f 4811/4811/4531 4838/4838/4558 4843/4843/4563
f 4843/4843/4563 4812/4812/4532 4809/4809/4529
f 4812/4812/4532 4843/4843/4563 4838/4838/4558
f 4838/4838/4558 4839/4839/4559 4812/4812/4532
f 4840/4840/4560 4839/4839/4559 4838/4838/4558
f 4844/4844/4564 4380/4380/4114 4819/4819/4539
f 4448/4448/4177 4384/4384/4117 4385/4385/4118
f 4456/4456/4185 4380/4380/4114 4844/4844/4564
f 4384/4384/4117 4448/4448/4177 4845/4845/4565
f 4814/4814/4534 4845/4845/4565 4846/4846/4566
f 4847/4847/4567 4814/4814/4534 4846/4846/4566
f 4814/4814/4534 4384/4384/4117 4845/4845/4565
f 4848/4848/4568 4456/4456/4185 4844/4844/4564
f 4816/4816/4536 4814/4814/4534 4847/4847/4567
f 4847/4847/4567 4846/4846/4566 4849/4849/4569
f 4848/4848/4568 4844/4844/4564 4850/4850/4570
f 4851/4851/4571 4848/4848/4568 4850/4850/4570
f 4849/4849/4569 4846/4846/4566 4852/4852/4572
f 4816/4816/4536 4853/4853/4573 4824/4824/4544
f 4816/4816/4536 4847/4847/4567 4853/4853/4573
f 4853/4853/4573 4847/4847/4567 4849/4849/4569
f 4853/4853/4573 4849/4849/4569 4854/4854/4574
f 4851/4851/4571 4850/4850/4570 4827/4827/4547
f 4855/4855/4575 4851/4851/4571 4827/4827/4547
f 4855/4855/4575 4827/4827/4547 4856/4856/4576
f 4849/4849/4569 4852/4852/4572 4857/4857/4577
f 4824/4824/4544 4853/4853/4573 4829/4829/4549
f 4829/4829/4549 4853/4853/4573 4854/4854/4574
f 4854/4854/4574 4858/4858/4578 4832/4832/4552
f 4854/4854/4574 4859/4859/4579 4858/4858/4578
f 4849/4849/4569 4857/4857/4577 4854/4854/4574
f 4856/4856/4576 4860/4860/4580 4855/4855/4575
f 4861/4861/4581 4856/4856/4576 4862/4862/4582
f 4854/4854/4574 4857/4857/4577 4859/4859/4579
f 4858/4858/4578 4859/4859/4579 4863/4863/4583
f 4864/4864/4584 4861/4861/4581 4862/4862/4582
f 4380/4380/4114 4327/4327/4065 4819/4819/4539
f 4844/4844/4564 4819/4819/4539 4822/4822/4542
f 4822/4822/4542 4850/4850/4570 4844/4844/4564
f 4850/4850/4570 4822/4822/4542 4825/4825/4545
f 4850/4850/4570 4825/4825/4545 4827/4827/4547
f 4832/4832/4552 4828/4828/4548 4829/4829/4549
f 4832/4832/4552 4829/4829/4549 4854/4854/4574
f 4856/4856/4576 4827/4827/4547 4833/4833/4553
f 4833/4833/4553 4862/4862/4582 4856/4856/4576
f 4840/4840/4560 4835/4835/4555 4865/4865/4585
f 4840/4840/4560 4865/4865/4585 4839/4839/4559
f 4835/4835/4555 4834/4834/4554 4866/4866/4586
f 4834/4834/4554 4841/4841/4561 4866/4866/4586
f 4839/4839/4559 4842/4842/4562 4837/4837/4557
f 4842/4842/4562 4862/4862/4582 4836/4836/4556
f 4862/4862/4582 4833/4833/4553 4836/4836/4556
f 4867/4867/4587 4842/4842/4562 4839/4839/4559
f 4832/4832/4552 4858/4858/4578 4841/4841/4561
f 4835/4835/4555 4866/4866/4586 4868/4868/4588
f 4835/4835/4555 4868/4868/4588 4865/4865/4585
f 4867/4867/4587 4839/4839/4559 4865/4865/4585
f 4841/4841/4561 4869/4869/4589 4866/4866/4586
f 4868/4868/4588 4867/4867/4587 4865/4865/4585
f 4858/4858/4578 4869/4869/4589 4841/4841/4561
f 4869/4869/4589 4870/4870/4590 4866/4866/4586
f 4864/4864/4584 4862/4862/4582 4842/4842/4562
f 4868/4868/4588 4871/4871/4591 4867/4867/4587
f 4864/4864/4584 4842/4842/4562 4867/4867/4587
f 4448/4448/4177 4447/4447/4176 4872/4872/4592
f 4872/4872/4592 4447/4447/4176 4873/4873/4593
f 4449/4449/4178 4450/4450/4179 4447/4447/4176
f 4874/4874/4594 4872/4872/4592 4873/4873/4593
f 4873/4873/4593 4875/4875/4595 4876/4876/4596
f 4873/4873/4593 4876/4876/4596 4877/4877/4597
f 4876/4876/4596 4878/4878/4598 4877/4877/4597
f 4879/4879/4599 4877/4877/4597 4878/4878/4598
f 4880/4880/4600 4879/4879/4599 4878/4878/4598
f 4880/4880/4600 4878/4878/4598 4881/4881/4601
f 4879/4879/4599 4880/4880/4600 4882/4882/4602
f 4882/4882/4602 4883/4883/4603 4884/4884/4604
f 4884/4884/4604 4883/4883/4603 4885/4885/4605
f 4456/4456/4185 4848/4848/4568 4457/4457/4186
f 4460/4460/4188 4457/4457/4186 4848/4848/4568
f 4460/4460/4188 4518/4518/4243 4459/4459/4187
f 4518/4518/4243 4460/4460/4188 4886/4886/4606
f 4845/4845/4565 4448/4448/4177 4872/4872/4592
f 4845/4845/4565 4872/4872/4592 4874/4874/4594
f 4460/4460/4188 4848/4848/4568 4887/4887/4607
f 4888/4888/4608 4460/4460/4188 4887/4887/4607
f 4886/4886/4606 4460/4460/4188 4888/4888/4608
f 4845/4845/4565 4874/4874/4594 4852/4852/4572
f 4846/4846/4566 4845/4845/4565 4852/4852/4572
f 4874/4874/4594 4877/4877/4597 4852/4852/4572
f 4851/4851/4571 4887/4887/4607 4848/4848/4568
f 4889/4889/4609 4887/4887/4607 4851/4851/4571
f 4874/4874/4594 4873/4873/4593 4877/4877/4597
f 4879/4879/4599 4852/4852/4572 4877/4877/4597
f 4889/4889/4609 4888/4888/4608 4887/4887/4607
f 4889/4889/4609 4890/4890/4610 4888/4888/4608
f 4891/4891/4611 4890/4890/4610 4889/4889/4609
f 4860/4860/4580 4892/4892/4612 4855/4855/4575
f 4857/4857/4577 4852/4852/4572 4879/4879/4599
f 4857/4857/4577 4879/4879/4599 4893/4893/4613
f 4892/4892/4612 4851/4851/4571 4855/4855/4575
f 4879/4879/4599 4882/4882/4602 4893/4893/4613
f 4889/4889/4609 4851/4851/4571 4892/4892/4612
f 4891/4891/4611 4889/4889/4609 4892/4892/4612
f 4892/4892/4612 4894/4894/4614 4891/4891/4611
f 4860/4860/4580 4856/4856/4576 4861/4861/4581
f 4857/4857/4577 4893/4893/4613 4884/4884/4604
f 4859/4859/4579 4857/4857/4577 4884/4884/4604
f 4859/4859/4579 4885/4885/4605 4863/4863/4583
f 4859/4859/4579 4884/4884/4604 4885/4885/4605
f 4860/4860/4580 4895/4895/4615 4892/4892/4612
f 4896/4896/4616 4860/4860/4580 4861/4861/4581
f 4896/4896/4616 4895/4895/4615 4860/4860/4580
f 4893/4893/4613 4882/4882/4602 4884/4884/4604
f 4897/4897/4617 4895/4895/4615 4896/4896/4616
f 4863/4863/4583 4885/4885/4605 4898/4898/4618
f 4894/4894/4614 4892/4892/4612 4895/4895/4615
f 4897/4897/4617 4894/4894/4614 4895/4895/4615
f 4858/4858/4578 4863/4863/4583 4899/4899/4619
f 4869/4869/4589 4858/4858/4578 4899/4899/4619
f 4869/4869/4589 4899/4899/4619 4870/4870/4590
f 4899/4899/4619 4863/4863/4583 4900/4900/4620
f 4901/4901/4621 4896/4896/4616 4861/4861/4581
f 4901/4901/4621 4861/4861/4581 4864/4864/4584
f 4871/4871/4591 4901/4901/4621 4864/4864/4584
f 4870/4870/4590 4902/4902/4622 4903/4903/4623
f 4904/4904/4624 4901/4901/4621 4871/4871/4591
f 4902/4902/4622 4870/4870/4590 4899/4899/4619
f 4900/4900/4620 4863/4863/4583 4898/4898/4618
f 4904/4904/4624 4905/4905/4625 4901/4901/4621
f 4902/4902/4622 4899/4899/4619 4900/4900/4620
f 4906/4906/4626 4903/4903/4623 4904/4904/4624
f 4867/4867/4587 4871/4871/4591 4864/4864/4584
f 4906/4906/4626 4871/4871/4591 4868/4868/4588
f 4866/4866/4586 4870/4870/4590 4868/4868/4588
f 4870/4870/4590 4903/4903/4623 4868/4868/4588
f 4868/4868/4588 4903/4903/4623 4906/4906/4626
f 4906/4906/4626 4904/4904/4624 4871/4871/4591
f 4907/4907/4627 4519/4519/4244 4908/4908/4628
f 4908/4908/4628 4519/4519/4244 4509/4509/4234
f 4907/4907/4627 4908/4908/4628 4909/4909/4629
f 4909/4909/4629 4908/4908/4628 4910/4910/4630
f 4911/4911/4631 4909/4909/4629 4910/4910/4630
f 4911/4911/4631 4912/4912/4632 4913/4913/4633
f 4913/4913/4633 4914/4914/4634 4915/4915/4635
f 4447/4447/4176 4450/4450/4179 4875/4875/4595
f 4873/4873/4593 4447/4447/4176 4875/4875/4595
f 4450/4450/4179 4519/4519/4244 4907/4907/4627
f 4450/4450/4179 4907/4907/4627 4875/4875/4595
f 4916/4916/4636 4518/4518/4243 4886/4886/4606
f 4916/4916/4636 4517/4517/4242 4518/4518/4243
f 4917/4917/4637 4588/4588/4311 4916/4916/4636
f 4876/4876/4596 4875/4875/4595 4909/4909/4629
f 4886/4886/4606 4888/4888/4608 4918/4918/4638
f 4918/4918/4638 4916/4916/4636 4886/4886/4606
f 4875/4875/4595 4907/4907/4627 4909/4909/4629
f 4919/4919/4639 4916/4916/4636 4918/4918/4638
f 4919/4919/4639 4917/4917/4637 4916/4916/4636
f 4876/4876/4596 4909/4909/4629 4878/4878/4598
f 4918/4918/4638 4888/4888/4608 4890/4890/4610
f 4909/4909/4629 4911/4911/4631 4878/4878/4598
f 4878/4878/4598 4911/4911/4631 4881/4881/4601
f 4890/4890/4610 4919/4919/4639 4918/4918/4638
f 4920/4920/4640 4919/4919/4639 4890/4890/4610
f 4921/4921/4641 4919/4919/4639 4920/4920/4640
f 4881/4881/4601 4922/4922/4642 4882/4882/4602
f 4880/4880/4600 4881/4881/4601 4882/4882/4602
f 4882/4882/4602 4922/4922/4642 4883/4883/4603
f 4881/4881/4601 4911/4911/4631 4922/4922/4642
f 4920/4920/4640 4890/4890/4610 4891/4891/4611
f 4920/4920/4640 4891/4891/4611 4894/4894/4614
f 4911/4911/4631 4913/4913/4633 4922/4922/4642
f 4894/4894/4614 4923/4923/4643 4920/4920/4640
f 4922/4922/4642 4913/4913/4633 4915/4915/4635
f 4924/4924/4644 4921/4921/4641 4920/4920/4640
f 4924/4924/4644 4920/4920/4640 4923/4923/4643
f 4883/4883/4603 4925/4925/4645 4885/4885/4605
f 4885/4885/4605 4925/4925/4645 4926/4926/4646
f 4885/4885/4605 4926/4926/4646 4898/4898/4618
f 4898/4898/4618 4926/4926/4646 4927/4927/4647
f 4928/4928/4648 4894/4894/4614 4897/4897/4617
f 4928/4928/4648 4897/4897/4617 4929/4929/4649
f 4883/4883/4603 4922/4922/4642 4925/4925/4645
f 4925/4925/4645 4922/4922/4642 4915/4915/4635
f 4930/4930/4645 4931/4931/4650 4932/4932/4646
f 4923/4923/4643 4894/4894/4614 4928/4928/4648
f 4933/4933/4651 4928/4928/4648 4929/4929/4649
f 4930/4930/4645 4934/4934/4635 4931/4931/4650
f 4932/4932/4646 4931/4931/4650 4935/4935/4652
f 4932/4932/4646 4935/4935/4652 4936/4936/4647
f 4928/4928/4648 4924/4924/4644 4923/4923/4643
f 4928/4928/4648 4937/4937/4653 4924/4924/4644
f 4938/4938/4654 4898/4898/4618 4927/4927/4647
f 4939/4939/4655 4940/4940/4656 4929/4929/4649
f 4941/4941/4654 4936/4936/4647 4942/4942/4657
f 4936/4936/4647 4935/4935/4652 4942/4942/4657
f 4941/4941/4654 4942/4942/4657 4943/4943/4658
f 4935/4935/4652 4944/4944/4659 4942/4942/4657
f 4940/4940/4656 4933/4933/4651 4929/4929/4649
f 4945/4945/4660 4946/4946/4661 4947/4947/4656
f 4929/4929/4649 4897/4897/4617 4896/4896/4616
f 4900/4900/4620 4898/4898/4618 4938/4938/4654
f 4900/4900/4620 4948/4948/4662 4902/4902/4622
f 4905/4905/4625 4929/4929/4649 4896/4896/4616
f 4905/4905/4625 4896/4896/4616 4901/4901/4621
f 4949/4949/4620 4929/4929/4649 4905/4905/4625
f 4948/4948/4662 4900/4900/4620 4950/4950/4625
f 4904/4904/4624 4951/4951/4655 4905/4905/4625
f 4939/4939/4655 4929/4929/4649 4949/4949/4620
f 4900/4900/4620 4938/4938/4654 4952/4952/4655
f 4948/4948/4662 4950/4950/4625 4953/4953/4655
f 4903/4903/4623 4902/4902/4622 4954/4954/4663
f 4954/4954/4663 4904/4904/4624 4903/4903/4623
f 4948/4948/4662 4953/4953/4655 4941/4941/4654
f 4948/4948/4662 4954/4954/4663 4902/4902/4622
f 4941/4941/4654 4943/4943/4658 4948/4948/4662
f 4945/4945/4660 4947/4947/4656 4951/4951/4655
f 4945/4945/4660 4951/4951/4655 4904/4904/4624
f 4955/4955/4664 4945/4945/4660 4904/4904/4624
f 4955/4955/4664 4904/4904/4624 4954/4954/4663
f 4948/4948/4662 4943/4943/4658 4954/4954/4663
f 4591/4591/4312 4590/4590/4305 4956/4956/4665
f 4591/4591/4312 4956/4956/4665 4957/4957/4666
f 4956/4956/4665 4590/4590/4305 4958/4958/4667
f 4956/4956/4665 4958/4958/4667 4959/4959/4668
f 4581/4581/4305 4576/4576/4300 4960/4960/4667
f 4957/4957/4666 4961/4961/4669 4962/4962/4670
f 4957/4957/4666 4956/4956/4665 4961/4961/4669
f 4961/4961/4669 4956/4956/4665 4963/4963/4671
f 4962/4962/4670 4961/4961/4669 4964/4964/4672
f 4964/4964/4672 4961/4961/4669 4965/4965/4673
f 4961/4961/4669 4963/4963/4671 4965/4965/4673
f 4964/4964/4672 4966/4966/4674 4962/4962/4670
f 4967/4967/4672 4968/4968/4675 4969/4969/4676
f 4970/4970/4677 4969/4969/4676 4968/4968/4675
f 4587/4587/4310 4908/4908/4628 4509/4509/4234
f 4908/4908/4628 4587/4587/4310 4957/4957/4666
f 4587/4587/4310 4586/4586/4303 4591/4591/4312
f 4587/4587/4310 4591/4591/4312 4957/4957/4666
f 4592/4592/4309 4588/4588/4311 4917/4917/4637
f 4908/4908/4628 4957/4957/4666 4910/4910/4630
f 4910/4910/4630 4957/4957/4666 4962/4962/4670
f 4971/4971/4678 4972/4972/4679 4917/4917/4637
f 4917/4917/4637 4972/4972/4679 4592/4592/4309
f 4971/4971/4678 4973/4973/4680 4972/4972/4679
f 4592/4592/4309 4974/4974/4681 4975/4975/4313
f 4972/4972/4679 4974/4974/4681 4592/4592/4309
f 4976/4976/4682 4975/4975/4313 4974/4974/4681
f 4912/4912/4632 4911/4911/4631 4910/4910/4630
f 4910/4910/4630 4962/4962/4670 4912/4912/4632
f 4973/4973/4680 4971/4971/4678 4921/4921/4641
f 4974/4974/4681 4972/4972/4679 4973/4973/4680
f 4973/4973/4680 4977/4977/4683 4974/4974/4681
f 4913/4913/4633 4966/4966/4674 4914/4914/4634
f 4913/4913/4633 4912/4912/4632 4966/4966/4674
f 4962/4962/4670 4966/4966/4674 4912/4912/4632
f 4978/4978/4674 4969/4969/4676 4979/4979/4634
f 4980/4980/4684 4921/4921/4641 4924/4924/4644
f 4969/4969/4676 4978/4978/4674 4967/4967/4672
f 4980/4980/4684 4973/4973/4680 4921/4921/4641
f 4934/4934/4635 4979/4979/4634 4981/4981/4685
f 4931/4931/4650 4934/4934/4635 4981/4981/4685
f 4931/4931/4650 4981/4981/4685 4982/4982/4686
f 4982/4982/4686 4983/4983/4687 4935/4935/4652
f 4984/4984/4688 4924/4924/4644 4937/4937/4653
f 4984/4984/4688 4980/4980/4684 4924/4924/4644
f 4933/4933/4651 4984/4984/4688 4937/4937/4653
f 4981/4981/4685 4985/4985/4689 4982/4982/4686
f 4981/4981/4685 4979/4979/4634 4969/4969/4676
f 4981/4981/4685 4969/4969/4676 4985/4985/4689
f 4986/4986/4690 4984/4984/4688 4933/4933/4651
f 4969/4969/4676 4970/4970/4677 4985/4985/4689
f 4982/4982/4686 4985/4985/4689 4983/4983/4687
f 4980/4980/4684 4977/4977/4683 4973/4973/4680
f 4987/4987/4691 4977/4977/4683 4980/4980/4684
f 4987/4987/4691 4980/4980/4684 4984/4984/4688
f 4986/4986/4690 4987/4987/4691 4984/4984/4688
f 4944/4944/4659 4983/4983/4687 4988/4988/4692
f 4989/4989/4693 4990/4990/4694 4991/4991/4661
f 4990/4990/4694 4986/4986/4690 4933/4933/4651
f 4944/4944/4659 4988/4988/4692 4992/4992/4695
f 4983/4983/4687 4985/4985/4689 4993/4993/4696
f 4988/4988/4692 4983/4983/4687 4993/4993/4696
f 4989/4989/4693 4994/4994/4697 4990/4990/4694
f 4988/4988/4692 4993/4993/4696 4995/4995/4698
f 4994/4994/4697 4986/4986/4690 4990/4990/4694
f 4988/4988/4692 4995/4995/4698 4992/4992/4695
f 4588/4588/4311 4517/4517/4242 4916/4916/4636
f 4971/4971/4678 4917/4917/4637 4919/4919/4639
f 4921/4921/4641 4971/4971/4678 4919/4919/4639
f 4931/4931/4650 4982/4982/4686 4935/4935/4652
f 4937/4937/4653 4928/4928/4648 4933/4933/4651
f 4991/4991/4661 4933/4933/4651 4940/4940/4656
f 4942/4942/4657 4944/4944/4659 4943/4943/4658
f 4935/4935/4652 4983/4983/4687 4944/4944/4659
f 4996/4996/4699 4945/4945/4660 4955/4955/4664
f 4955/4955/4664 4954/4954/4663 4996/4996/4699
f 4990/4990/4694 4933/4933/4651 4991/4991/4661
f 4943/4943/4658 4996/4996/4699 4954/4954/4663
f 4997/4997/4700 4946/4946/4661 4945/4945/4660
f 4944/4944/4659 4992/4992/4695 4943/4943/4658
f 4997/4997/4700 4998/4998/4693 4946/4946/4661
f 4996/4996/4699 4997/4997/4700 4945/4945/4660
f 4999/4999/4701 4997/4997/4700 4996/4996/4699
f 4996/4996/4699 4943/4943/4658 4992/4992/4695
f 4999/4999/4701 4992/4992/4695 5000/5000/4702
f 4996/4996/4699 4992/4992/4695 4999/4999/4701
f 4999/4999/4701 5000/5000/4702 4997/4997/4700
f 5000/5000/4702 4998/4998/4693 4997/4997/4700
f 4627/4627/4347 5001/5001/4703 4650/4650/4370
f 4629/4629/4349 4627/4627/4347 4650/4650/4370
f 5002/5002/4704 5003/5003/4705 5004/5004/4706
f 4649/4649/4369 4646/4646/4366 4651/4651/4371
f 5005/5005/4707 4648/4648/4368 4649/4649/4369
f 4651/4651/4371 5006/5006/4708 4649/4649/4369
f 5001/5001/4703 5007/5007/4709 4650/4650/4370
f 4651/4651/4371 4650/4650/4370 5007/5007/4709
f 4651/4651/4371 5007/5007/4709 5006/5006/4708
f 5005/5005/4707 4649/4649/4369 5008/5008/4710
f 4649/4649/4369 5009/5009/4711 5008/5008/4710
f 4649/4649/4369 5006/5006/4708 5009/5009/4711
f 5009/5009/4711 5006/5006/4708 5010/5010/4712
f 5007/5007/4709 5011/5011/4713 5006/5006/4708
f 5006/5006/4708 5011/5011/4713 5010/5010/4712
f 5011/5011/4713 5007/5007/4709 5012/5012/4714
f 5010/5010/4712 5013/5013/4715 5014/5014/4716
f 5009/5009/4711 5010/5010/4712 5014/5014/4716
f 5010/5010/4712 5011/5011/4713 5013/5013/4715
f 5013/5013/4715 5011/5011/4713 5015/5015/4704
f 5016/5016/4715 5002/5002/4704 5004/5004/4706
f 5017/5017/4717 5018/5018/4718 5019/5019/4719
f 5017/5017/4717 5020/5020/4720 5021/5021/4721
f 5022/5022/4722 5023/5023/4720 5024/5024/4717
f 5025/5025/4716 5026/5026/4723 5027/5027/4724
f 5025/5025/4716 5016/5016/4715 5026/5026/4723
f 5016/5016/4715 5004/5004/4706 5028/5028/4725
f 5026/5026/4723 5016/5016/4715 5028/5028/4725
f 5027/5027/4724 5026/5026/4723 5029/5029/4726
f 5026/5026/4723 5028/5028/4725 5030/5030/4727
f 5026/5026/4723 5030/5030/4727 5029/5029/4726
f 4960/4960/4667 4666/4666/4386 5031/5031/4728
f 4960/4960/4667 5031/5031/4728 5032/5032/4729
f 4667/4667/4387 5005/5005/4707 5031/5031/4728
f 5031/5031/4728 4666/4666/4386 4667/4667/4387
f 5005/5005/4707 4667/4667/4387 4648/4648/4368
f 5033/5033/4730 4670/4670/4390 4669/4669/4389
f 5033/5033/4730 5034/5034/4731 4670/4670/4390
f 4670/4670/4390 5034/5034/4731 4668/4668/4388
f 5034/5034/4731 5019/5019/4719 4671/4671/4391
f 4671/4671/4391 4668/4668/4388 5034/5034/4731
f 4963/4963/4671 5035/5035/4729 5036/5036/4732
f 5031/5031/4728 5005/5005/4707 5008/5008/4710
f 5031/5031/4728 5008/5008/4710 5037/5037/4733
f 5032/5032/4729 5031/5031/4728 5038/5038/4732
f 5031/5031/4728 5037/5037/4733 5038/5038/4732
f 5008/5008/4710 5009/5009/4711 5037/5037/4733
f 5039/5039/4734 5034/5034/4731 5033/5033/4730
f 5040/5040/4735 5034/5034/4731 5039/5039/4734
f 5019/5019/4719 5034/5034/4731 5040/5040/4735
f 5036/5036/4732 5041/5041/4736 4963/4963/4671
f 5038/5038/4732 5037/5037/4733 5042/5042/4737
f 5036/5036/4732 5043/5043/4737 5041/5041/4736
f 5044/5044/4737 5045/5045/4738 5046/5046/4736
f 5044/5044/4737 5047/5047/4739 5045/5045/4738
f 5037/5037/4733 5009/5009/4711 5014/5014/4716
f 5042/5042/4737 5037/5037/4733 5014/5014/4716
f 5025/5025/4716 5047/5047/4739 5044/5044/4737
f 5048/5048/4735 5049/5049/4734 5050/5050/4740
f 5051/5051/4741 5048/5048/4735 5050/5050/4740
f 5022/5022/4722 5024/5024/4717 5048/5048/4735
f 5017/5017/4717 5019/5019/4719 5040/5040/4735
f 5051/5051/4741 5022/5022/4722 5048/5048/4735
f 5045/5045/4738 5052/5052/4742 5053/5053/4743
f 5045/5045/4738 5047/5047/4739 5052/5052/4742
f 5047/5047/4739 5025/5025/4716 5027/5027/4724
f 5047/5047/4739 5027/5027/4724 5052/5052/4742
f 5051/5051/4741 5050/5050/4740 5054/5054/4744
f 5055/5055/4745 5051/5051/4741 5054/5054/4744
f 5056/5056/4746 5022/5022/4722 5051/5051/4741
f 5053/5053/4743 5052/5052/4742 5057/5057/4747
f 5027/5027/4724 5029/5029/4726 5052/5052/4742
f 5057/5057/4747 5052/5052/4742 5058/5058/4748
f 5057/5057/4747 5058/5058/4748 5059/5059/4749
f 5052/5052/4742 5029/5029/4726 5058/5058/4748
f 5060/5060/4750 5061/5061/4751 5055/5055/4745
f 5056/5056/4746 5051/5051/4741 5055/5055/4745
f 5056/5056/4746 5055/5055/4745 5061/5061/4751
f 5056/5056/4746 5023/5023/4720 5022/5022/4722
f 5058/5058/4748 5029/5029/4726 5062/5062/4752
f 5063/5063/4753 5056/5056/4746 5061/5061/4751
f 5064/5064/4754 5061/5061/4751 5060/5060/4750
f 5058/5058/4748 5062/5062/4752 5059/5059/4749
f 5059/5059/4749 5062/5062/4752 5065/5065/4755
f 4576/4576/4300 4666/4666/4386 4960/4960/4667
f 4959/4959/4668 4958/4958/4667 5035/5035/4729
f 4593/4593/4313 4674/4674/4394 4577/4577/4301
f 5033/5033/4730 4669/4669/4389 4674/4674/4394
f 4959/4959/4668 5035/5035/4729 4963/4963/4671
f 4956/4956/4665 4959/4959/4668 4963/4963/4671
f 4976/4976/4682 5066/5066/4394 4975/4975/4313
f 4976/4976/4682 5067/5067/4730 5066/5066/4394
f 5049/5049/4734 5067/5067/4730 4976/4976/4682
f 4965/4965/4673 4963/4963/4671 5041/5041/4736
f 4976/4976/4682 4974/4974/4681 4977/4977/4683
f 5068/5068/4756 4976/4976/4682 4977/4977/4683
f 5050/5050/4740 5049/5049/4734 4976/4976/4682
f 5068/5068/4756 5050/5050/4740 4976/4976/4682
f 5069/5069/4673 5046/5046/4736 4968/4968/4675
f 4968/4968/4675 4967/4967/4672 5069/5069/4673
f 5070/5070/4757 5068/5068/4756 4977/4977/4683
f 4968/4968/4675 5046/5046/4736 5045/5045/4738
f 5055/5055/4745 5054/5054/4744 5068/5068/4756
f 5054/5054/4744 5050/5050/4740 5068/5068/4756
f 4985/4985/4689 4970/4970/4677 5071/5071/4758
f 4968/4968/4675 5045/5045/4738 5053/5053/4743
f 4968/4968/4675 5053/5053/4743 5057/5057/4747
f 4970/4970/4677 4968/4968/4675 5057/5057/4747
f 4970/4970/4677 5057/5057/4747 5071/5071/4758
f 5070/5070/4757 4987/4987/4691 5072/5072/4759
f 5055/5055/4745 5068/5068/4756 5070/5070/4757
f 5073/5073/4760 5072/5072/4759 4986/4986/4690
f 5072/5072/4759 5055/5055/4745 5070/5070/4757
f 5055/5055/4745 5072/5072/4759 5060/5060/4750
f 5073/5073/4760 5060/5060/4750 5072/5072/4759
f 4985/4985/4689 5074/5074/4761 4993/4993/4696
f 4993/4993/4696 5074/5074/4761 5075/5075/4762
f 4985/4985/4689 5071/5071/4758 5074/5074/4761
f 5073/5073/4760 4986/4986/4690 4994/4994/4697
f 5076/5076/4763 5073/5073/4760 4994/4994/4697
f 5071/5071/4758 5057/5057/4747 5059/5059/4749
f 5071/5071/4758 5059/5059/4749 5074/5074/4761
f 5076/5076/4763 5077/5077/4764 5073/5073/4760
f 5075/5075/4762 5074/5074/4761 5065/5065/4755
f 5074/5074/4761 5059/5059/4749 5065/5065/4755
f 5077/5077/4764 5060/5060/4750 5073/5073/4760
f 5075/5075/4762 5065/5065/4755 5078/5078/4765
f 5079/5079/4766 5080/5080/4764 5081/5081/4763
f 5077/5077/4764 5064/5064/4754 5060/5060/4750
f 5082/5082/4767 5075/5075/4762 5078/5078/4765
f 5083/5083/4768 5080/5080/4764 5079/5079/4766
f 5084/5084/4769 5082/5082/4767 5085/5085/4770
f 5086/5086/4771 5064/5064/4754 5077/5077/4764
f 5082/5082/4767 5078/5078/4765 5087/5087/4772
f 5087/5087/4772 5083/5083/4768 5085/5085/4770
f 5085/5085/4770 5082/5082/4767 5087/5087/4772
f 4987/4987/4691 5070/5070/4757 4977/4977/4683
f 4986/4986/4690 5072/5072/4759 4987/4987/4691
f 4993/4993/4696 5075/5075/4762 4995/4995/4698
f 5088/5088/4697 4998/4998/4693 5000/5000/4702
f 4992/4992/4695 4995/4995/4698 5084/5084/4769
f 5079/5079/4766 5088/5088/4697 5000/5000/4702
f 5084/5084/4769 5079/5079/4766 5000/5000/4702
f 5084/5084/4769 5000/5000/4702 4992/4992/4695
f 5075/5075/4762 5082/5082/4767 4995/4995/4698
f 5081/5081/4763 5088/5088/4697 5079/5079/4766
f 4995/4995/4698 5082/5082/4767 5084/5084/4769
f 5085/5085/4770 5079/5079/4766 5084/5084/4769
f 5085/5085/4770 5083/5083/4768 5079/5079/4766
f 4690/4690/4410 3392/3392/3217 3880/3880/3658
f 4690/4690/4410 3880/3880/3658 5089/5089/4773
f 5089/5089/4773 3880/3880/3658 3881/3881/3659
f 5089/5089/4773 3881/3881/3659 5090/5090/4774
f 4690/4690/4410 5089/5089/4773 4692/4692/4412
f 4710/4710/4430 4692/4692/4412 5089/5089/4773
f 5091/5091/4775 3883/3883/3661 3393/3393/3218
f 5091/5091/4775 3393/3393/3218 4693/4693/4413
f 5090/5090/4774 3881/3881/3659 3884/3884/3662
f 5090/5090/4774 5092/5092/4776 5093/5093/4777
f 3889/3889/3666 3885/3885/3663 3883/3883/3661
f 3889/3889/3666 3883/3883/3661 5091/5091/4775
f 3889/3889/3666 5091/5091/4775 5094/5094/4778
f 5095/5095/4779 3889/3889/3666 5094/5094/4778
f 5094/5094/4778 5091/5091/4775 5096/5096/4780
f 5090/5090/4774 3884/3884/3662 5092/5092/4776
f 5092/5092/4776 3884/3884/3662 5097/5097/4781
f 3884/3884/3662 3888/3888/3665 5097/5097/4781
f 5097/5097/4781 3888/3888/3665 5098/5098/3671
f 3890/3890/3667 3889/3889/3666 5095/5095/4779
f 5099/5099/4782 3890/3890/3667 5095/5095/4779
f 3895/3895/3671 3894/3894/3670 5100/5100/4783
f 3894/3894/3670 3892/3892/3665 3891/3891/3668
f 3896/3896/3672 3890/3890/3667 5099/5099/4782
f 5101/5101/4784 3896/3896/3672 5099/5099/4782
f 3891/3891/3668 3893/3893/3669 5102/5102/4785
f 3894/3894/3670 3891/3891/3668 5102/5102/4785
f 5100/5100/4783 3894/3894/3670 5102/5102/4785
f 3893/3893/3669 3897/3897/3673 5103/5103/4786
f 5102/5102/4785 3893/3893/3669 5103/5103/4786
f 5103/5103/4786 3897/3897/3673 3961/3961/3725
f 5104/5104/4787 5103/5103/4786 5105/5105/4788
f 5103/5103/4786 3961/3961/3725 5106/5106/4789
f 5105/5105/4788 5103/5103/4786 5106/5106/4789
f 5107/5107/4790 4708/4708/4428 5108/5108/4791
f 4709/4709/4429 4692/4692/4412 4710/4710/4430
f 4710/4710/4430 5089/5089/4773 5109/5109/4792
f 4708/4708/4428 4710/4710/4430 5108/5108/4791
f 5110/5110/4793 5096/5096/4780 4712/4712/4432
f 5096/5096/4780 5091/5091/4775 4693/4693/4413
f 5096/5096/4780 4693/4693/4413 4711/4711/4431
f 5096/5096/4780 4711/4711/4431 4712/4712/4432
f 5109/5109/4792 5089/5089/4773 5090/5090/4774
f 4710/4710/4430 5109/5109/4792 5108/5108/4791
f 5108/5108/4791 5109/5109/4792 5111/5111/4794
f 5111/5111/4794 5109/5109/4792 5112/5112/4795
f 5109/5109/4792 5090/5090/4774 5093/5093/4777
f 5113/5113/4796 5096/5096/4780 5110/5110/4793
f 5096/5096/4780 5113/5113/4796 5094/5094/4778
f 5095/5095/4779 5094/5094/4778 5113/5113/4796
f 5093/5093/4777 5114/5114/4797 5112/5112/4795
f 5112/5112/4795 5109/5109/4792 5093/5093/4777
f 5112/5112/4795 5114/5114/4797 5115/5115/4798
f 5114/5114/4797 5092/5092/4776 5097/5097/4781
f 5093/5093/4777 5092/5092/4776 5114/5114/4797
f 5097/5097/4781 5098/5098/3671 5114/5114/4797
f 5116/5116/4799 5117/5117/4800 5118/5118/4801
f 5099/5099/4782 5095/5095/4779 5117/5117/4800
f 5117/5117/4800 5095/5095/4779 5113/5113/4796
f 5117/5117/4800 5113/5113/4796 5118/5118/4801
f 5119/5119/4802 5099/5099/4782 5117/5117/4800
f 5120/5120/4797 3895/3895/3671 5100/5100/4783
f 5120/5120/4797 5100/5100/4783 5121/5121/4803
f 5121/5121/4803 5100/5100/4783 5122/5122/4804
f 5123/5123/4805 5120/5120/4797 5121/5121/4803
f 5124/5124/4806 5119/5119/4802 5117/5117/4800
f 5124/5124/4806 5117/5117/4800 5116/5116/4799
f 5101/5101/4784 5099/5099/4782 5119/5119/4802
f 5124/5124/4806 5101/5101/4784 5119/5119/4802
f 5125/5125/4807 5101/5101/4784 5124/5124/4806
f 5126/5126/4808 5121/5121/4803 5122/5122/4804
f 5122/5122/4804 5100/5100/4783 5102/5102/4785
f 5122/5122/4804 5102/5102/4785 5104/5104/4787
f 5122/5122/4804 5104/5104/4787 5127/5127/4809
f 5102/5102/4785 5103/5103/4786 5104/5104/4787
f 5128/5128/4810 5129/5129/4811 5124/5124/4806
f 5129/5129/4811 5125/5125/4807 5124/5124/4806
f 5130/5130/4812 5124/5124/4806 5131/5131/4813
f 5128/5128/4810 5124/5124/4806 5130/5130/4812
f 5104/5104/4787 5105/5105/4788 5127/5127/4809
f 5132/5132/4814 5127/5127/4809 5133/5133/4815
f 4723/4723/4443 4707/4707/4427 5001/5001/4703
f 4627/4627/4347 4723/4723/4443 5001/5001/4703
f 4708/4708/4428 5107/5107/4790 4707/4707/4427
f 5001/5001/4703 4707/4707/4427 5107/5107/4790
f 4725/4725/4445 5134/5134/4816 4712/4712/4432
f 5134/5134/4816 4725/4725/4445 4724/4724/4444
f 5135/5135/4817 5134/5134/4816 4724/4724/4444
f 5134/5134/4816 5110/5110/4793 4712/4712/4432
f 5001/5001/4703 5107/5107/4790 5136/5136/4818
f 5007/5007/4709 5001/5001/4703 5136/5136/4818
f 5007/5007/4709 5136/5136/4818 5012/5012/4714
f 5012/5012/4714 5137/5137/4819 5011/5011/4713
f 5108/5108/4791 5111/5111/4794 5107/5107/4790
f 5111/5111/4794 5112/5112/4795 5137/5137/4819
f 5107/5107/4790 5111/5111/4794 5136/5136/4818
f 5136/5136/4818 5111/5111/4794 5137/5137/4819
f 5137/5137/4819 5012/5012/4714 5136/5136/4818
f 5134/5134/4816 5138/5138/4820 5110/5110/4793
f 5138/5138/4820 5134/5134/4816 5135/5135/4817
f 5011/5011/4713 5137/5137/4819 5015/5015/4704
f 5002/5002/4704 5139/5139/4821 5003/5003/4705
f 5015/5015/4704 5137/5137/4819 5115/5115/4798
f 5002/5002/4704 5140/5140/4798 5139/5139/4821
f 5115/5115/4798 5137/5137/4819 5112/5112/4795
f 5141/5141/4822 5138/5138/4820 5142/5142/4823
f 5143/5143/4824 5118/5118/4801 5110/5110/4793
f 5143/5143/4824 5110/5110/4793 5138/5138/4820
f 5144/5144/4825 5143/5143/4824 5141/5141/4822
f 5141/5141/4822 5143/5143/4824 5138/5138/4820
f 5145/5145/4826 5144/5144/4825 5141/5141/4822
f 5146/5146/4827 5145/5145/4826 5141/5141/4822
f 5118/5118/4801 5113/5113/4796 5110/5110/4793
f 5116/5116/4799 5118/5118/4801 5143/5143/4824
f 5144/5144/4825 5116/5116/4799 5143/5143/4824
f 5147/5147/4828 5145/5145/4826 5146/5146/4827
f 5003/5003/4705 5148/5148/4829 5149/5149/4830
f 5003/5003/4705 5139/5139/4821 5150/5150/4831
f 5003/5003/4705 5150/5150/4831 5148/5148/4829
f 5140/5140/4798 5120/5120/4797 5123/5123/4805
f 5139/5139/4821 5140/5140/4798 5123/5123/4805
f 5139/5139/4821 5126/5126/4808 5150/5150/4831
f 5126/5126/4808 5139/5139/4821 5123/5123/4805
f 5123/5123/4805 5121/5121/4803 5126/5126/4808
f 5145/5145/4826 5116/5116/4799 5144/5144/4825
f 5151/5151/4832 5131/5131/4813 5145/5145/4826
f 5147/5147/4828 5151/5151/4832 5145/5145/4826
f 5131/5131/4813 5124/5124/4806 5116/5116/4799
f 5131/5131/4813 5116/5116/4799 5145/5145/4826
f 5152/5152/4833 5131/5131/4813 5151/5151/4832
f 5151/5151/4832 5147/5147/4828 5153/5153/4834
f 5151/5151/4832 5153/5153/4834 5154/5154/4835
f 5153/5153/4834 5147/5147/4828 5155/5155/4836
f 5148/5148/4829 5150/5150/4831 5156/5156/4837
f 5150/5150/4831 5126/5126/4808 5156/5156/4837
f 5156/5156/4837 5126/5126/4808 5157/5157/4838
f 5158/5158/4839 5148/5148/4829 5156/5156/4837
f 5157/5157/4838 5122/5122/4804 5127/5127/4809
f 5126/5126/4808 5122/5122/4804 5157/5157/4838
f 5159/5159/4840 5130/5130/4812 5152/5152/4833
f 5160/5160/4841 5152/5152/4833 5154/5154/4835
f 5159/5159/4840 5152/5152/4833 5160/5160/4841
f 5161/5161/4842 5162/5162/4840 5163/5163/4841
f 5130/5130/4812 5131/5131/4813 5152/5152/4833
f 5152/5152/4833 5151/5151/4832 5154/5154/4835
f 5164/5164/4843 5165/5165/4844 5130/5130/4812
f 5130/5130/4812 5159/5159/4840 5164/5164/4843
f 5156/5156/4837 5157/5157/4838 5166/5166/4845
f 5166/5166/4845 5157/5157/4838 5167/5167/4846
f 5166/5166/4845 5167/5167/4846 5168/5168/4847
f 5157/5157/4838 5127/5127/4809 5132/5132/4814
f 5157/5157/4838 5132/5132/4814 5167/5167/4846
f 5169/5169/4843 5162/5162/4840 5170/5170/4848
f 5167/5167/4846 5132/5132/4814 5171/5171/4849
f 5172/5172/4850 5165/5165/4844 5164/5164/4843
f 5173/5173/4851 5172/5172/4850 5164/5164/4843
f 5174/5174/4851 5169/5169/4843 5175/5175/4852
f 5168/5168/4847 5167/5167/4846 5171/5171/4849
f 4729/4729/4449 4671/4671/4391 5019/5019/4719
f 5176/5176/4853 4729/4729/4449 5019/5019/4719
f 4729/4729/4449 5176/5176/4853 5135/5135/4817
f 4724/4724/4444 4729/4729/4449 5135/5135/4817
f 5019/5019/4719 5018/5018/4718 5176/5176/4853
f 5018/5018/4718 5142/5142/4823 5176/5176/4853
f 5138/5138/4820 5135/5135/4817 5142/5142/4823
f 5142/5142/4823 5135/5135/4817 5176/5176/4853
f 5021/5021/4721 5018/5018/4718 5017/5017/4717
f 5021/5021/4721 5142/5142/4823 5018/5018/4718
f 5177/5177/4854 5021/5021/4721 5020/5020/4720
f 5178/5178/4855 5177/5177/4854 5020/5020/4720
f 5177/5177/4854 5142/5142/4823 5021/5021/4721
f 5177/5177/4854 5141/5141/4822 5142/5142/4823
f 5146/5146/4827 5141/5141/4822 5177/5177/4854
f 5146/5146/4827 5177/5177/4854 5179/5179/4856
f 5180/5180/4857 5146/5146/4827 5179/5179/4856
f 5004/5004/4706 5003/5003/4705 5149/5149/4830
f 5004/5004/4706 5149/5149/4830 5028/5028/4725
f 5181/5181/4858 5178/5178/4855 5020/5020/4720
f 5179/5179/4856 5177/5177/4854 5178/5178/4855
f 5181/5181/4858 5182/5182/4859 5178/5178/4855
f 5178/5178/4855 5182/5182/4859 5179/5179/4856
f 5183/5183/4860 5182/5182/4859 5181/5181/4858
f 5147/5147/4828 5146/5146/4827 5180/5180/4857
f 5182/5182/4859 5184/5184/4861 5179/5179/4856
f 5028/5028/4725 5149/5149/4830 5030/5030/4727
f 5056/5056/4746 5185/5185/4858 5023/5023/4720
f 5186/5186/4862 5185/5185/4858 5056/5056/4746
f 5149/5149/4830 5148/5148/4829 5030/5030/4727
f 5029/5029/4726 5030/5030/4727 5158/5158/4839
f 5158/5158/4839 5166/5166/4845 5029/5029/4726
f 5170/5170/4848 5186/5186/4862 5063/5063/4753
f 5030/5030/4727 5148/5148/4829 5158/5158/4839
f 5170/5170/4848 5187/5187/4863 5186/5186/4862
f 5158/5158/4839 5156/5156/4837 5166/5166/4845
f 5188/5188/4860 5185/5185/4858 5186/5186/4862
f 5186/5186/4862 5189/5189/4864 5188/5188/4860
f 5186/5186/4862 5187/5187/4863 5189/5189/4864
f 5162/5162/4840 5161/5161/4842 5187/5187/4863
f 5162/5162/4840 5187/5187/4863 5170/5170/4848
f 5161/5161/4842 5189/5189/4864 5187/5187/4863
f 5189/5189/4864 5161/5161/4842 5163/5163/4841
f 5189/5189/4864 5190/5190/4865 5188/5188/4860
f 5163/5163/4841 5191/5191/4866 5192/5192/4867
f 5189/5189/4864 5163/5163/4841 5192/5192/4867
f 5029/5029/4726 5166/5166/4845 5193/5193/4868
f 5194/5194/4869 5170/5170/4848 5063/5063/4753
f 5195/5195/4870 5194/5194/4869 5063/5063/4753
f 5175/5175/4852 5170/5170/4848 5194/5194/4869
f 5193/5193/4868 5166/5166/4845 5168/5168/4847
f 5196/5196/4871 5193/5193/4868 5168/5168/4847
f 5197/5197/4872 5198/5198/4869 5199/5199/4870
f 5175/5175/4852 5169/5169/4843 5170/5170/4848
f 5196/5196/4871 5168/5168/4847 5200/5200/4873
f 5196/5196/4871 5200/5200/4873 5201/5201/4874
f 5202/5202/4875 5203/5203/4852 5198/5198/4869
f 5197/5197/4872 5202/5202/4875 5198/5198/4869
f 5201/5201/4874 5200/5200/4873 5204/5204/4876
f 5063/5063/4753 5186/5186/4862 5056/5056/4746
f 5064/5064/4754 5063/5063/4753 5061/5061/4751
f 5062/5062/4752 5029/5029/4726 5193/5193/4868
f 5062/5062/4752 5196/5196/4871 5078/5078/4765
f 5065/5065/4755 5062/5062/4752 5078/5078/4765
f 5195/5195/4870 5063/5063/4753 5064/5064/4754
f 5078/5078/4765 5196/5196/4871 5205/5205/4877
f 5062/5062/4752 5193/5193/4868 5196/5196/4871
f 5086/5086/4771 5195/5195/4870 5064/5064/4754
f 5206/5206/4878 5207/5207/4879 5208/5208/4771
f 5209/5209/4880 5199/5199/4870 5208/5208/4771
f 5205/5205/4877 5196/5196/4871 5201/5201/4874
f 5207/5207/4879 5209/5209/4880 5208/5208/4771
f 5209/5209/4880 5197/5197/4872 5199/5199/4870
f 5205/5205/4877 5201/5201/4874 5209/5209/4880
f 5209/5209/4880 5207/5207/4879 5205/5205/4877
f 5201/5201/4874 5204/5204/4876 5197/5197/4872
f 5201/5201/4874 5197/5197/4872 5209/5209/4880
f 5083/5083/4768 5208/5208/4771 5080/5080/4764
f 5087/5087/4772 5078/5078/4765 5205/5205/4877
f 5087/5087/4772 5205/5205/4877 5206/5206/4878
f 5087/5087/4772 5206/5206/4878 5083/5083/4768
f 5206/5206/4878 5208/5208/4771 5083/5083/4768
f 5205/5205/4877 5207/5207/4879 5206/5206/4878
f 5125/5125/4807 3958/3958/3722 3957/3957/3721
f 5101/5101/4784 3957/3957/3721 3896/3896/3672
f 5125/5125/4807 3957/3957/3721 5101/5101/4784
f 3960/3960/3724 3958/3958/3722 5125/5125/4807
f 5129/5129/4811 3960/3960/3724 5125/5125/4807
f 5210/5210/4881 3960/3960/3724 5211/5211/4882
f 5211/5211/4882 3960/3960/3724 5129/5129/4811
f 3961/3961/3725 3945/3945/3710 5106/5106/4789
f 3945/3945/3710 3963/3963/3727 5106/5106/4789
f 5210/5210/4881 3962/3962/3726 3960/3960/3724
f 5106/5106/4789 3963/3963/3727 5212/5212/4883
f 3964/3964/3728 3962/3962/3726 5210/5210/4881
f 5213/5213/4884 3964/3964/3728 5210/5210/4881
f 5212/5212/4883 3963/3963/3727 3965/3965/3729
f 5212/5212/4883 3965/3965/3729 5214/5214/4885
f 3967/3967/3730 3966/3966/3728 5215/5215/4884
f 5216/5216/4886 3967/3967/3730 5215/5215/4884
f 5214/5214/4885 3965/3965/3729 3955/3955/3719
f 5216/5216/4886 5215/5215/4884 5217/5217/4887
f 3968/3968/3731 3967/3967/3730 5216/5216/4886
f 5218/5218/4888 3968/3968/3731 5216/5216/4886
f 3956/3956/3720 3968/3968/3731 5218/5218/4888
f 5128/5128/4810 5211/5211/4882 5129/5129/4811
f 5130/5130/4812 5211/5211/4882 5128/5128/4810
f 5105/5105/4788 5106/5106/4789 5212/5212/4883
f 5105/5105/4788 5212/5212/4883 5133/5133/4815
f 5105/5105/4788 5133/5133/4815 5127/5127/4809
f 5219/5219/4889 5211/5211/4882 5130/5130/4812
f 5165/5165/4844 5219/5219/4889 5130/5130/4812
f 5220/5220/4887 5219/5219/4889 5165/5165/4844
f 5219/5219/4889 5210/5210/4881 5211/5211/4882
f 5132/5132/4814 5133/5133/4815 5221/5221/4890
f 5219/5219/4889 5213/5213/4884 5210/5210/4881
f 5220/5220/4887 5213/5213/4884 5219/5219/4889
f 5133/5133/4815 5212/5212/4883 5221/5221/4890
f 5132/5132/4814 5221/5221/4890 5222/5222/4891
f 5212/5212/4883 5214/5214/4885 5223/5223/4892
f 5221/5221/4890 5212/5212/4883 5223/5223/4892
f 5224/5224/4893 5217/5217/4887 5225/5225/4894
f 5224/5224/4893 5216/5216/4886 5217/5217/4887
f 5223/5223/4892 5224/5224/4893 5226/5226/4895
f 5221/5221/4890 5223/5223/4892 5226/5226/4895
f 5214/5214/4885 3955/3955/3719 3956/3956/3720
f 5214/5214/4885 3956/3956/3720 5218/5218/4888
f 5218/5218/4888 5216/5216/4886 5224/5224/4893
f 5223/5223/4892 5214/5214/4885 5218/5218/4888
f 5218/5218/4888 5224/5224/4893 5223/5223/4892
f 5147/5147/4828 5227/5227/4896 5155/5155/4836
f 5153/5153/4834 5155/5155/4836 5228/5228/4897
f 5153/5153/4834 5228/5228/4897 5229/5229/4898
f 5154/5154/4835 5153/5153/4834 5229/5229/4898
f 5230/5230/4899 5228/5228/4897 5155/5155/4836
f 5231/5231/4900 5230/5230/4899 5155/5155/4836
f 5230/5230/4899 5229/5229/4898 5228/5228/4897
f 5160/5160/4841 5154/5154/4835 5232/5232/4901
f 5191/5191/4866 5163/5163/4841 5233/5233/4901
f 5233/5233/4901 5234/5234/4902 5191/5191/4866
f 5232/5232/4901 5154/5154/4835 5235/5235/4902
f 5154/5154/4835 5229/5229/4898 5235/5235/4902
f 5191/5191/4866 5236/5236/4903 5237/5237/4904
f 5191/5191/4866 5234/5234/4902 5236/5236/4903
f 5171/5171/4849 5238/5238/4905 5168/5168/4847
f 5220/5220/4887 5165/5165/4844 5172/5172/4850
f 5171/5171/4849 5132/5132/4814 5222/5222/4891
f 5171/5171/4849 5222/5222/4891 5238/5238/4905
f 5225/5225/4894 5217/5217/4887 5239/5239/4850
f 5238/5238/4905 5222/5222/4891 5240/5240/4906
f 5225/5225/4894 5239/5239/4850 5241/5241/4851
f 5242/5242/4907 5225/5225/4894 5241/5241/4851
f 5202/5202/4875 5242/5242/4907 5241/5241/4851
f 5238/5238/4905 5240/5240/4906 5202/5202/4875
f 5222/5222/4891 5221/5221/4890 5240/5240/4906
f 5240/5240/4906 5225/5225/4894 5242/5242/4907
f 5202/5202/4875 5240/5240/4906 5242/5242/4907
f 5240/5240/4906 5221/5221/4890 5226/5226/4895
f 5226/5226/4895 5224/5224/4893 5225/5225/4894
f 5226/5226/4895 5225/5225/4894 5240/5240/4906
f 5227/5227/4896 5147/5147/4828 5180/5180/4857
f 5183/5183/4860 5184/5184/4861 5182/5182/4859
f 5184/5184/4861 5180/5180/4857 5179/5179/4856
f 5243/5243/4865 5184/5184/4861 5183/5183/4860
f 5244/5244/4908 5180/5180/4857 5184/5184/4861
f 5227/5227/4896 5180/5180/4857 5244/5244/4908
f 5231/5231/4900 5155/5155/4836 5227/5227/4896
f 5245/5245/4909 5244/5244/4908 5184/5184/4861
f 5245/5245/4909 5184/5184/4861 5243/5243/4865
f 5246/5246/4910 5245/5245/4909 5243/5243/4865
f 5247/5247/4911 5227/5227/4896 5244/5244/4908
f 5248/5248/4912 5244/5244/4908 5245/5245/4909
f 5190/5190/4865 5189/5189/4864 5192/5192/4867
f 5190/5190/4865 5192/5192/4867 5249/5249/4913
f 5191/5191/4866 5237/5237/4904 5192/5192/4867
f 5237/5237/4904 5249/5249/4913 5192/5192/4867
f 5250/5250/4914 5190/5190/4865 5249/5249/4913
f 5200/5200/4873 5168/5168/4847 5238/5238/4905
f 5200/5200/4873 5238/5238/4905 5204/5204/4876
f 5241/5241/4851 5203/5203/4852 5202/5202/4875
f 5204/5204/4876 5238/5238/4905 5202/5202/4875
f 5204/5204/4876 5202/5202/4875 5197/5197/4872
f 5230/5230/4899 5251/5251/4915 5229/5229/4898
f 5252/5252/4916 5251/5251/4915 5230/5230/4899
f 5253/5253/4917 5251/5251/4915 5252/5252/4916
f 5235/5235/4902 5229/5229/4898 5254/5254/4918
f 5254/5254/4918 5229/5229/4898 5251/5251/4915
f 5234/5234/4902 5255/5255/4919 5256/5256/4920
f 5236/5236/4903 5234/5234/4902 5256/5256/4920
f 5235/5235/4902 5254/5254/4918 5257/5257/4919
f 5237/5237/4904 5236/5236/4903 5258/5258/4921
f 5236/5236/4903 5256/5256/4920 5258/5258/4921
f 5256/5256/4920 5255/5255/4919 5259/5259/4922
f 5258/5258/4921 5256/5256/4920 5260/5260/4923
f 5247/5247/4911 5231/5231/4900 5227/5227/4896
f 5248/5248/4912 5247/5247/4911 5244/5244/4908
f 5252/5252/4916 5230/5230/4899 5231/5231/4900
f 5248/5248/4912 5245/5245/4909 5261/5261/4924
f 5246/5246/4910 5261/5261/4924 5245/5245/4909
f 5246/5246/4910 5262/5262/4925 5261/5261/4924
f 5263/5263/4926 5252/5252/4916 5231/5231/4900
f 5231/5231/4900 5247/5247/4911 5263/5263/4926
f 5264/5264/4927 5263/5263/4926 5247/5247/4911
f 5265/5265/4928 5264/5264/4927 5247/5247/4911
f 5265/5265/4928 5247/5247/4911 5248/5248/4912
f 5265/5265/4928 5248/5248/4912 5261/5261/4924
f 5250/5250/4914 5266/5266/4910 5190/5190/4865
f 5250/5250/4914 5249/5249/4913 5267/5267/4929
f 5249/5249/4913 5237/5237/4904 5267/5267/4929
f 5268/5268/4930 5266/5266/4910 5250/5250/4914
f 5267/5267/4929 5268/5268/4930 5250/5250/4914
f 5237/5237/4904 5258/5258/4921 5269/5269/4931
f 5267/5267/4929 5237/5237/4904 5269/5269/4931
f 5270/5270/4930 5271/5271/4932 5246/5246/4910
f 5272/5272/4933 5252/5252/4916 5263/5263/4926
f 5272/5272/4933 5253/5253/4917 5252/5252/4916
f 5273/5273/4934 5253/5253/4917 5272/5272/4933
f 5273/5273/4934 5272/5272/4933 5274/5274/4935
f 5251/5251/4915 5253/5253/4917 5275/5275/4936
f 5254/5254/4918 5251/5251/4915 5257/5257/4919
f 5251/5251/4915 5275/5275/4936 5257/5257/4919
f 5256/5256/4920 5259/5259/4922 5260/5260/4923
f 5257/5257/4919 5275/5275/4936 5276/5276/4937
f 5259/5259/4922 5255/5255/4919 5277/5277/4937
f 5259/5259/4922 5277/5277/4937 5278/5278/4938
f 5277/5277/4937 5279/5279/4939 5278/5278/4938
f 5275/5275/4936 5280/5280/4940 5276/5276/4937
f 5273/5273/4934 5275/5275/4936 5253/5253/4917
f 5260/5260/4923 5259/5259/4922 5278/5278/4938
f 5281/5281/4941 5273/5273/4934 5274/5274/4935
f 5258/5258/4921 5260/5260/4923 5282/5282/4942
f 5282/5282/4942 5260/5260/4923 5278/5278/4938
f 5265/5265/4928 5261/5261/4924 5262/5262/4925
f 5283/5283/4943 5265/5265/4928 5262/5262/4925
f 5274/5274/4935 5272/5272/4933 5263/5263/4926
f 5274/5274/4935 5263/5263/4926 5264/5264/4927
f 5283/5283/4943 5274/5274/4935 5264/5264/4927
f 5265/5265/4928 5283/5283/4943 5264/5264/4927
f 5267/5267/4929 5269/5269/4931 5268/5268/4930
f 5271/5271/4932 5262/5262/4925 5246/5246/4910
f 5269/5269/4931 5284/5284/4944 5268/5268/4930
f 5285/5285/4945 5271/5271/4932 5270/5270/4930
f 5286/5286/4946 5283/5283/4943 5262/5262/4925
f 5286/5286/4946 5262/5262/4925 5271/5271/4932
f 5285/5285/4945 5286/5286/4946 5271/5271/4932
f 5287/5287/4947 5269/5269/4931 5258/5258/4921
f 5258/5258/4921 5282/5282/4942 5287/5287/4947
f 5287/5287/4947 5284/5284/4944 5269/5269/4931
f 5288/5288/4948 4045/4045/3798 4046/4046/3799
f 5289/5289/4949 5288/5288/4948 5290/5290/4950
f 5291/5291/4951 4037/4037/3790 4049/4049/3800
f 4047/4047/3800 4045/4045/3798 5288/5288/4948
f 5291/5291/4951 4049/4049/3800 5292/5292/4949
f 5288/5288/4948 4046/4046/3799 5293/5293/4952
f 5289/5289/4949 4047/4047/3800 5288/5288/4948
f 4050/4050/3801 4037/4037/3790 5291/5291/4951
f 5294/5294/4953 4050/4050/3801 5291/5291/4951
f 5293/5293/4952 4054/4054/3805 5295/5295/4954
f 4053/4053/3804 4050/4050/3801 5294/5294/4953
f 4053/4053/3804 4051/4051/3802 4050/4050/3801
f 5296/5296/4955 4052/4052/3803 4053/4053/3804
f 5293/5293/4952 4046/4046/3799 4054/4054/3805
f 4054/4054/3805 4055/4055/3806 5297/5297/4956
f 5295/5295/4954 4054/4054/3805 5297/5297/4956
f 5297/5297/4956 4055/4055/3806 5298/5298/4957
f 4055/4055/3806 4056/4056/3807 5298/5298/4957
f 5299/5299/4958 5300/5300/4950 5301/5301/4939
f 5290/5290/4950 5288/5288/4948 5293/5293/4952
f 5290/5290/4950 5293/5293/4952 5302/5302/4959
f 5292/5292/4949 5300/5300/4950 5299/5299/4958
f 5279/5279/4939 5290/5290/4950 5302/5302/4959
f 5302/5302/4959 5293/5293/4952 5303/5303/4960
f 5304/5304/4961 5291/5291/4951 5305/5305/4962
f 5305/5305/4962 5291/5291/4951 5292/5292/4949
f 5305/5305/4962 5292/5292/4949 5299/5299/4958
f 5304/5304/4961 5294/5294/4953 5291/5291/4951
f 4053/4053/3804 5294/5294/4953 5304/5304/4961
f 5303/5303/4960 5293/5293/4952 5295/5295/4954
f 5306/5306/4963 4053/4053/3804 5304/5304/4961
f 5296/5296/4955 4053/4053/3804 5306/5306/4963
f 5307/5307/4964 5308/5308/4965 5296/5296/4955
f 5308/5308/4965 4052/4052/3803 5296/5296/4955
f 5307/5307/4964 5296/5296/4955 5306/5306/4963
f 5303/5303/4960 5295/5295/4954 5297/5297/4956
f 5297/5297/4956 5298/5298/4957 5309/5309/4966
f 5303/5303/4960 5297/5297/4956 5309/5309/4966
f 5309/5309/4966 5298/5298/4957 5310/5310/4967
f 5280/5280/4940 5299/5299/4958 5301/5301/4939
f 5276/5276/4937 5280/5280/4940 5301/5301/4939
f 5311/5311/4968 5280/5280/4940 5275/5275/4936
f 5311/5311/4968 5275/5275/4936 5273/5273/4934
f 5278/5278/4938 5279/5279/4939 5302/5302/4959
f 5311/5311/4968 5305/5305/4962 5280/5280/4940
f 5280/5280/4940 5305/5305/4962 5299/5299/4958
f 5278/5278/4938 5302/5302/4959 5303/5303/4960
f 5312/5312/4969 5311/5311/4968 5273/5273/4934
f 5312/5312/4969 5273/5273/4934 5281/5281/4941
f 5312/5312/4969 5313/5313/4970 5311/5311/4968
f 5313/5313/4970 5304/5304/4961 5311/5311/4968
f 5304/5304/4961 5305/5305/4962 5311/5311/4968
f 5304/5304/4961 5313/5313/4970 5306/5306/4963
f 5312/5312/4969 5281/5281/4941 5314/5314/4971
f 5315/5315/4972 5306/5306/4963 5313/5313/4970
f 5314/5314/4971 5315/5315/4972 5313/5313/4970
f 5314/5314/4971 5313/5313/4970 5312/5312/4969
f 5307/5307/4964 5306/5306/4963 5315/5315/4972
f 5282/5282/4942 5278/5278/4938 5309/5309/4966
f 5282/5282/4942 5309/5309/4966 5316/5316/4973
f 5287/5287/4947 5282/5282/4942 5316/5316/4973
f 5278/5278/4938 5303/5303/4960 5309/5309/4966
f 5309/5309/4966 5317/5317/4974 5316/5316/4973
f 5317/5317/4974 5309/5309/4966 5310/5310/4967
f 5318/5318/4975 5319/5319/4976 5316/5316/4973
f 5316/5316/4973 5317/5317/4974 5318/5318/4975
f 5320/5320/4977 5281/5281/4941 5274/5274/4935
f 5320/5320/4977 5274/5274/4935 5283/5283/4943
f 5321/5321/4944 5285/5285/4945 5270/5270/4930
f 5286/5286/4946 5320/5320/4977 5283/5283/4943
f 5322/5322/4978 5320/5320/4977 5286/5286/4946
f 5323/5323/4979 5322/5322/4978 5285/5285/4945
f 5323/5323/4979 5285/5285/4945 5321/5321/4944
f 5321/5321/4944 5324/5324/4976 5323/5323/4979
f 5285/5285/4945 5322/5322/4978 5286/5286/4946
f 5314/5314/4971 5281/5281/4941 5320/5320/4977
f 5322/5322/4978 5325/5325/4980 5320/5320/4977
f 5325/5325/4980 5314/5314/4971 5320/5320/4977
f 5325/5325/4980 5322/5322/4978 5323/5323/4979
f 5326/5326/4981 5325/5325/4980 5323/5323/4979
f 5326/5326/4981 5323/5323/4979 5324/5324/4976
f 5284/5284/4944 5287/5287/4947 5316/5316/4973
f 5284/5284/4944 5316/5316/4973 5319/5319/4976
f 5308/5308/4965 4074/4074/3822 4075/4075/3823
f 5308/5308/4965 4075/4075/3823 4052/4052/3803
f 5327/5327/4982 4081/4081/3829 4080/4080/3828
f 5328/5328/3831 4078/4078/3826 4079/4079/3827
f 5329/5329/4983 4079/4079/3827 4081/4081/3829
f 5330/5330/4984 5328/5328/3831 4079/4079/3827
f 5330/5330/4984 4079/4079/3827 5329/5329/4983
f 5298/5298/4957 4056/4056/3807 4082/4082/3830
f 5298/5298/4957 4082/4082/3830 5331/5331/4985
f 5331/5331/4985 4082/4082/3830 4084/4084/3831
f 5332/5332/4986 5328/5328/3831 5330/5330/4984
f 5331/5331/4985 4084/4084/3831 5333/5333/4986
f 5334/5334/4987 4074/4074/3822 5308/5308/4965
f 5334/5334/4987 5308/5308/4965 5307/5307/4964
f 5335/5335/4988 4080/4080/3828 4074/4074/3822
f 5335/5335/4988 4074/4074/3822 5334/5334/4987
f 5327/5327/4982 4080/4080/3828 5335/5335/4988
f 5329/5329/4983 4081/4081/3829 5327/5327/4982
f 5330/5330/4984 5329/5329/4983 5336/5336/4989
f 5337/5337/4990 5329/5329/4983 5327/5327/4982
f 5310/5310/4967 5298/5298/4957 5331/5331/4985
f 5338/5338/4991 5331/5331/4985 5333/5333/4986
f 5334/5334/4987 5307/5307/4964 5315/5315/4972
f 5339/5339/4992 5334/5334/4987 5315/5315/4972
f 5339/5339/4992 5315/5315/4972 5314/5314/4971
f 5340/5340/4993 5339/5339/4992 5314/5314/4971
f 5341/5341/4975 5340/5340/4993 5326/5326/4981
f 5337/5337/4990 5327/5327/4982 5335/5335/4988
f 5336/5336/4989 5329/5329/4983 5337/5337/4990
f 5336/5336/4989 5337/5337/4990 5340/5340/4993
f 5339/5339/4992 5335/5335/4988 5334/5334/4987
f 5340/5340/4993 5337/5337/4990 5339/5339/4992
f 5337/5337/4990 5335/5335/4988 5339/5339/4992
f 5342/5342/4994 5336/5336/4989 5340/5340/4993
f 5341/5341/4975 5342/5342/4994 5340/5340/4993
f 5310/5310/4967 5331/5331/4985 5338/5338/4991
f 5317/5317/4974 5310/5310/4967 5338/5338/4991
f 5341/5341/4975 5343/5343/4991 5342/5342/4994
f 5317/5317/4974 5338/5338/4991 5318/5318/4975
f 5332/5332/4986 5330/5330/4984 5336/5336/4989
f 5342/5342/4994 5332/5332/4986 5336/5336/4989
f 5343/5343/4991 5332/5332/4986 5342/5342/4994
f 5325/5325/4980 5340/5340/4993 5314/5314/4971
f 5326/5326/4981 5340/5340/4993 5325/5325/4980
f 5324/5324/4976 5341/5341/4975 5326/5326/4981
# Vertices: 5343, normals: 4994, texture coordinates: 5343, faces: 10000

